t_ms,ax_mg,ay_mg,az_mg,gx_mdps,gy_mdps,gz_mdps,dist_mm,event
91,1004,181,41,1540,-1470,1820,122.0,0
107,999,187,42,1470,-1470,1750,122.0,0
122,1003,185,37,1400,-1400,1890,122.0,0
137,1001,183,44,1540,-1260,1890,118.0,0
152,1004,178,43,1470,-1330,1820,121.0,0
167,1002,183,39,1610,-1260,1820,121.0,0
177,1002,186,41,1680,-1190,1750,118.0,0
192,1003,185,43,1470,-1190,1820,118.0,0
207,1001,185,45,1540,-1190,1890,118.0,0
217,1001,187,43,1680,-1190,1890,118.0,0
232,1001,185,43,1470,-1260,1890,119.0,0
247,1002,184,47,1470,-1260,1960,119.0,0
257,1002,181,45,1540,-1260,1960,119.0,0
276,1000,188,45,1610,-1260,1960,120.0,0
291,1001,184,44,1470,-1330,1960,118.0,0
306,1003,185,40,1540,-1260,2100,118.0,0
316,1001,188,42,1610,-1260,2100,118.0,0
331,1005,180,41,1470,-1260,2100,123.0,0
346,1002,184,39,1750,-1050,2170,123.0,0
356,998,192,43,1610,-1120,2240,122.0,0
371,1005,177,43,1470,-1120,2240,120.0,0
386,1002,184,42,1750,-980,2240,120.0,0
396,1001,180,40,1680,-980,2240,120.0,0
411,1003,180,45,1540,-1050,2100,118.0,0
426,1004,180,41,1610,-1050,2100,118.0,0
436,1001,197,40,1890,-980,2240,118.0,0
451,990,193,50,1190,-1190,2100,121.0,0
466,1000,180,49,1400,-1190,2100,121.0,0
476,1001,189,50,1750,-1050,2030,118.0,0
491,1001,184,36,1750,-1050,2030,121.0,0
506,1000,190,48,1400,-1050,2100,121.0,0
516,997,185,49,1400,-1120,2240,119.0,0
535,998,188,43,1820,-1050,2380,121.0,0
550,987,202,0,1820,-560,2800,117.0,0
565,1033,193,11,2310,420,3570,117.0,0
575,970,244,53,1890,280,3640,125.0,0
590,990,221,41,1330,210,4620,121.0,0
605,971,254,56,1610,210,6160,121.0,0
615,1000,216,23,1890,490,6790,118.0,0
630,993,199,55,1680,630,7140,120.0,0
645,996,188,83,910,210,7350,120.0,0
660,1000,101,119,700,-490,6370,120.0,0
670,1009,169,85,700,-1540,7350,120.0,0
685,1014,235,-17,4130,490,8820,121.0,0
700,1022,202,-48,2660,1540,9730,121.0,0
710,1017,197,-5,-770,2100,9590,118.0,0
725,1024,132,56,-280,2800,9380,119.0,0
740,1020,156,20,770,3080,9590,119.0,0
750,972,208,157,1330,2520,10430,121.0,0
765,971,226,85,1890,1750,11480,122.0,0
780,970,220,105,3920,490,14280,122.0,0
795,973,230,72,4410,-70,16380,119.0,0
810,979,262,46,3570,-1190,17360,117.0,0
825,1020,247,-15,3010,-910,20510,119.0,0
840,960,259,88,1750,-980,21840,119.0,0
850,960,242,60,-70,-1400,22610,115.0,0
865,1008,186,96,-2520,-2940,24360,117.0,0
880,968,275,11,-2380,-2800,26320,117.0,0
890,1097,44,103,350,-1960,28000,114.0,0
905,1052,253,305,210,-3430,28700,114.0,0
920,1040,276,508,420,-8610,29960,114.0,0
930,1608,-72,259,-5460,-16450,28210,116.0,0
945,1215,191,-85,20090,-21000,30380,116.0,0
960,1310,-41,434,57540,-23240,32970,119.0,0
975,1094,128,-78,77000,-22470,33810,119.0,0
985,1006,126,250,95270,-19600,35630,124.0,0
1000,936,293,-73,113470,-14840,35070,129.0,0
1029,702,250,261,92120,-7840,24290,131.0,0
1044,572,90,177,78610,-9170,17430,132.0,0
1061,543,-10,323,59780,-13720,2940,135.0,0
1076,542,-44,103,61600,-17570,-10570,135.0,0
1086,541,-87,89,70000,-17220,-15890,132.0,0
1101,560,0,80,82110,-17360,-19460,129.0,0
1116,605,-195,12,122780,-12810,-20580,129.0,0
1126,642,-109,-144,143850,-10500,-21560,125.0,0
1141,855,-46,-133,164010,-7140,-18060,116.0,0
1156,1127,-12,-236,202020,1120,-15190,116.0,0
1166,1451,520,-700,221690,5810,-13020,110.0,0
1181,580,-1681,278,323540,27510,19600,110.0,0
1196,293,643,369,317940,39620,24990,113.0,0
1211,676,285,-475,310520,56560,39200,113.0,0
1221,1782,79,-602,257810,54810,21210,109.0,0
1236,301,136,-111,226590,70770,25340,111.0,0
1251,1747,860,-1563,16730,54460,-140,111.0,0
1261,1123,583,287,-87850,63210,7070,112.0,0
1276,952,-495,-621,-130690,80640,1680,115.0,0
1291,1485,585,-258,-161280,91210,-3430,115.0,0
1301,1256,191,-597,-180320,99890,-4340,122.0,0
1320,723,120,360,-244510,106750,-16730,125.0,0
1335,543,275,379,-350420,90930,-35280,131.0,0
1350,557,302,684,-402850,73500,-41930,131.0,0
1360,662,9,890,-425950,56770,-44100,134.0,0
1375,523,-350,1299,-355530,26810,-40740,135.0,0
1390,383,-320,1364,-306810,9520,-35070,135.0,0
1400,239,-551,1459,-281540,-12390,-41230,135.0,0
1415,353,-562,1150,-249410,-61460,-47670,128.0,0
1430,297,-792,610,-207060,-95830,-49560,128.0,0
1440,630,-1058,55,-111860,-103600,-57680,122.0,0
1455,449,-1360,62,-53410,-113050,-66430,117.0,0
1470,689,-1157,47,140910,-110180,-73010,117.0,0
1480,992,-1164,225,228130,-106260,-72240,115.0,0
1495,1608,-1222,-942,238840,-107170,-53970,109.0,0
1510,1364,1410,1,276500,-59500,-27510,109.0,0
1520,782,34,-1384,329910,-42700,-5880,112.0,0
1535,1166,-56,-833,395570,18480,19950,112.0,0
1550,1075,585,-1055,477890,47600,36750,112.0,0
1560,1310,-156,-1545,490840,69160,45990,112.0,0
1577,1341,1669,-1720,334250,87430,34930,108.0,0
1592,1757,1097,-1330,14210,64680,16100,113.0,0
1607,1073,-160,-333,-148470,85960,16030,113.0,0
1617,1185,192,-568,-192920,99610,4130,120.0,0
1632,946,705,112,-264740,114870,-13650,119.0,0
1647,860,77,32,-296310,120330,-20580,119.0,0
1657,758,73,311,-324590,120540,-27230,124.0,0
1672,772,-98,508,-354340,112280,-36190,131.0,0
1687,626,-172,547,-360990,103040,-39200,131.0,0
1697,570,-219,760,-361830,90790,-41510,136.0,0
1712,441,-416,1128,-345940,55300,-44940,141.0,0
1727,276,-254,1527,-328720,5110,-40180,141.0,0
1737,225,-500,1392,-303800,-21490,-40460,143.0,0
1752,216,-781,1337,-239750,-47810,-40810,136.0,0
1767,384,-1044,568,-157010,-91560,-39060,136.0,0
1777,506,-976,642,-114100,-110180,-41160,132.0,0
1792,329,-1410,150,-71610,-124390,-44240,129.0,0
1807,353,-1487,-378,19250,-138110,-54250,123.0,0
1822,847,-1305,-667,63280,-138250,-59080,123.0,0
1837,1477,-896,-1399,155190,-130200,-54740,119.0,0
1852,1745,-379,-1923,224280,-105280,-21910,114.0,0
1867,1887,1186,-1997,360990,-90370,3780,109.0,0
1882,689,1261,-989,379960,-32550,39200,109.0,0
1892,1557,1756,-1289,312970,-12250,29120,110.0,0
1907,1634,450,-283,230580,8890,29260,109.0,0
1922,1027,-560,-842,160510,50260,44240,109.0,0
1932,1663,1091,728,49840,72450,49980,114.0,0
1947,1067,1447,-471,19810,90790,40250,117.0,0
1962,984,601,261,-74830,111930,34440,117.0,0
1972,872,230,60,-112840,118020,26880,123.0,0
1987,782,18,214,-148120,125720,9310,124.0,0
2002,688,-130,584,-209650,123480,1050,124.0,0
2018,614,-144,996,-243670,108920,-10780,124.0,0
2033,128,-350,1455,-249690,90580,-16660,131.0,0
2048,112,-561,1970,-235830,39480,-22820,131.0,0
2063,36,-679,1836,-216510,9800,-18620,123.0,0
2078,255,-270,1557,-170590,-45570,-15330,123.0,0
2093,444,-663,871,-123620,-90580,-17150,124.0,0
2108,547,-839,332,-95620,-107730,-17290,118.0,0
2123,599,-809,527,-39900,-137410,-23310,115.0,0
2138,402,-1327,-70,-9590,-147490,-27020,115.0,0
2148,790,-1332,-335,29470,-150640,-34300,115.0,0
2163,1207,-1271,-1302,125580,-142240,-44660,109.0,0
2178,1577,562,-1143,171360,-134960,-52220,109.0,0
2188,1237,865,-1394,174090,-114940,-31430,110.0,0
2203,1046,-481,-1853,339920,-94500,-17010,113.0,0
2218,1160,780,-1554,436660,-57680,14840,113.0,0
2228,1209,1965,-1973,370650,-44030,26390,117.0,0
2243,1136,354,-157,361830,-21420,41440,120.0,0
2258,1253,884,-1145,320320,20020,59360,120.0,0
2268,1138,981,440,255570,41160,62720,122.0,0
2283,1065,-16,155,213570,55720,59710,122.0,0
2298,1521,-536,765,75810,90580,57610,122.0,0
2308,1610,306,-165,-37100,91280,48160,126.0,0
2323,1417,989,696,-74970,107520,37660,125.0,0
2338,805,216,295,-135240,107520,32550,125.0,0
2351,331,169,690,-186270,109270,17360,132.0,0
2366,724,47,899,-269360,91070,11480,131.0,0
2381,637,39,1069,-297290,61810,5880,137.0,0
2396,307,-257,1326,-312830,37170,-420,137.0,0
2406,155,-75,1343,-333410,4830,-10850,135.0,0
2421,182,-806,1313,-341950,-66990,-39900,132.0,0
2436,500,-1014,764,-331030,-98000,-61320,132.0,0
2446,1066,-878,463,-256830,-121030,-78960,129.0,0
2461,1219,-1886,33,26950,-117250,-102200,127.0,0
2476,1559,-1698,-480,207480,-109200,-91350,127.0,0
2486,1619,-1527,-1109,400890,-77840,-69300,124.0,0
2501,1656,-295,-1666,756980,-57330,-39830,127.0,0
2516,1198,413,-1849,923160,-13020,13370,132.0,0
2531,1097,929,-1761,923160,5810,28070,132.0,0
2541,17,413,-819,864430,41440,34300,133.0,0
2556,180,1343,-1839,422450,43120,-9940,132.0,0
2571,1197,1788,705,204050,69510,-28210,132.0,0
2581,1596,966,663,-14560,63140,-70770,131.0,0
2596,1615,794,528,-346710,60970,-79590,131.0,0
2615,1842,265,-196,-507290,66570,-87220,133.0,0
2630,1532,10,237,-529410,66850,-77000,133.0,0
2640,1290,209,-188,-533330,65380,-70630,123.0,0
2655,1007,6,267,-525000,60200,-72030,135.0,0
2670,777,-533,-228,-426930,52500,-53200,135.0,0
2680,536,-589,157,-347550,49210,-46130,144.0,0
2695,31,-914,93,-261170,44940,-42980,146.0,0
2710,-200,-1038,245,-73570,36470,-38920,146.0,0
2720,-292,-1095,329,19530,31850,-39620,151.0,0
2735,-196,-994,329,102060,24640,-48370,146.0,0
2750,376,-898,364,229740,3920,-53480,146.0,0
2760,758,-875,345,281540,-8400,-59920,141.0,0
2775,1127,-812,309,387800,-34300,-68460,131.0,0
2790,1570,-547,91,440230,-47670,-66850,131.0,0
2800,1769,-353,-36,487410,-59920,-62230,126.0,0
2815,1953,-107,-627,557900,-73010,-42140,125.0,0
2830,1980,365,-841,579460,-70210,-27090,125.0,0
2840,1752,434,-1178,589750,-60690,-10290,124.0,0
2855,1066,1288,-1175,578410,-12950,17920,126.0,0
2874,426,1411,69,399000,24500,14070,132.0,0
2889,1074,1350,-866,235340,28280,-14140,132.0,0
2899,921,1372,146,73430,38850,-28280,132.0,0
2914,889,960,-200,-238770,35210,-42490,129.0,0
2929,791,665,-89,-433160,37240,-55790,129.0,0
2939,823,387,-394,-475230,40880,-56070,131.0,0
2954,914,68,-217,-489720,45150,-53130,131.0,0
2969,883,106,-61,-492380,47040,-44310,131.0,0
2979,828,-30,396,-490140,42140,-45500,130.0,0
2994,713,-154,123,-484470,30310,-42980,126.0,0
3009,1261,-1526,-796,-409710,-24220,-35700,131.0,0
3028,-5,-587,1059,-258300,-78120,-38640,131.0,0
3039,816,-1503,-514,-182490,-101150,-39340,130.0,0
3054,921,-1809,962,63000,-107940,-44240,127.0,0
3069,1026,-1438,67,203910,-101640,-35140,124.0,0
3084,910,-1218,-580,450660,-95060,-16310,124.0,0
3094,745,-933,-506,537250,-94780,-7350,123.0,0
3109,1359,-488,1626,526260,-86800,4900,119.0,0
3128,692,-421,-1549,370790,-82460,18130,119.0,0
3143,849,72,-1077,375340,-52920,24150,119.0,0
3153,1213,216,-201,358260,-28280,31080,114.0,0
3168,1154,-93,-587,343910,10500,44870,116.0,0
3183,836,-1,-1327,372190,31010,45290,116.0,0
3193,1295,-438,-820,368270,46760,42490,113.0,0
3208,396,1128,-884,93940,24360,15750,115.0,0
3223,995,-1517,-8,62790,40460,27020,115.0,0
3233,901,-407,-724,48230,50960,20440,114.0,0
3248,977,-280,-698,-38850,89530,11270,113.0,0
3263,1084,-25,-389,-76650,106750,-3150,113.0,0
3273,1162,28,-570,-125510,121660,-6580,108.0,0
3288,1334,-904,312,-216860,143850,-11830,113.0,0
3303,1557,982,-352,-208810,145670,-34300,113.0,0
3313,1197,-637,-871,-110810,145320,-24990,116.0,0
3328,775,-419,-173,-124250,134400,-37870,121.0,0
3343,382,202,878,-175980,118020,-57890,121.0,0
3353,569,203,394,-190960,107870,-61740,124.0,0
3368,517,-29,527,-202720,96110,-63070,134.0,0
3385,359,237,1224,-222740,63630,-62510,137.0,0
3400,185,367,1376,-242410,19670,-56280,137.0,0
3410,43,461,1663,-252070,-7910,-50750,136.0,0
3425,-58,743,1673,-262920,-35630,-41510,134.0,0
3440,226,701,1473,-278670,-82530,-29260,134.0,0
3450,66,160,1520,-282450,-105490,-27020,132.0,0
3465,625,124,818,-290990,-133280,-30030,129.0,0
3480,727,-755,1006,-276780,-168910,-34930,129.0,0
3490,720,-772,823,-276920,-185430,-49280,123.0,0
3505,637,-967,600,-252280,-205940,-83510,114.0,0
3520,1753,-287,-1224,-208530,-208670,-92960,114.0,0
3530,1254,-1691,682,-97860,-180670,-53830,114.0,0
3545,-335,889,-1155,65380,-171990,-61740,114.0,0
3560,886,-404,1565,131950,-154840,-76580,114.0,0
3575,514,86,-388,290640,-122990,-71610,114.0,0
3585,698,927,-942,360010,-99820,-66220,117.0,0
3600,489,759,-1934,428260,-34860,-31710,120.0,0
3615,801,622,-1916,560560,-5950,-14910,120.0,0
3625,839,45,-1571,600460,24920,5320,117.0,0
3646,-88,1553,-1041,361480,34090,-3360,114.0,0
3661,864,-1500,-382,140490,37520,34160,115.0,0
3676,1102,1801,-209,126420,56910,32270,115.0,0
3686,1255,-53,155,35070,81480,35280,118.0,0
3701,793,41,-741,-63280,107240,32690,117.0,0
3716,596,-414,-443,-124040,133980,32340,117.0,0
3726,841,-491,-524,-213990,143920,28980,112.0,0
3741,1331,595,365,-254030,154700,25060,112.0,0
3756,1052,374,-577,-332780,165410,28630,112.0,0
3766,771,-326,282,-354970,164850,25690,109.0,0
3781,1535,774,-1388,-294770,153860,-1890,114.0,0
3796,997,-637,77,-241500,147420,9310,121.0,0
3811,209,-696,534,-264950,148400,-4760,121.0,0
3821,396,-370,594,-280490,134750,-10080,123.0,0
3836,371,-217,953,-299250,123340,-14980,129.0,0
3851,203,-307,1295,-301770,79310,-23170,129.0,0
3861,159,-456,1750,-289170,51450,-23660,133.0,0
3876,62,-330,1815,-268800,20020,-23170,137.0,0
3895,451,-568,1054,-220010,-34090,-21490,135.0,0
3910,451,-649,274,-152740,-80500,-21770,135.0,0
3920,445,-1285,707,-115640,-97230,-25900,136.0,0
3935,297,-1570,465,-70420,-115290,-31990,133.0,0
3950,403,-1713,-173,27440,-142030,-35700,133.0,0
3960,614,-1783,-533,81340,-153160,-37310,125.0,0
3975,890,-1294,-992,140280,-170800,-39970,120.0,0
3990,1236,719,-395,291970,-172970,-47250,120.0,0
4000,1501,1859,1090,326620,-162540,-69860,114.0,0
4015,370,-1481,-1582,463400,-166320,-54530,112.0,0
4034,1589,1731,-1096,502600,-145880,-29890,117.0,0
4049,975,-60,-1401,490420,-133840,-18760,117.0,0
4059,840,246,-1863,475930,-115990,-8400,116.0,0
4074,1106,561,-1434,416780,-69090,14140,120.0,0
4089,1058,1112,-1766,377510,-38710,35840,120.0,0
4099,1077,-144,-907,318780,-10570,39620,116.0,0
4114,1094,506,-884,197820,43960,43610,116.0,0
4129,973,-51,-187,28420,94080,49840,116.0,0
4142,873,-64,-347,-58030,114800,51450,113.0,0
4157,911,-114,-76,-142870,150150,55860,118.0,0
4172,962,100,-248,-289870,165270,58170,117.0,0
4187,961,63,-185,-418810,185360,61390,117.0,0
4197,1389,-977,567,-447160,184030,52920,116.0,0
4212,1987,1428,-1356,-423080,168490,39690,122.0,0
4227,1824,1995,-318,-348600,153720,16590,122.0,0
4237,974,-447,243,-371140,153160,15610,133.0,0
4252,-219,-1135,848,-408380,144060,-4830,134.0,0
4267,643,-187,445,-429870,112420,-11830,134.0,0
4277,613,-592,395,-430290,95200,-14280,140.0,0
4292,474,-733,454,-413140,53760,-28560,133.0,0
4307,243,-1513,642,-366450,31920,-36470,133.0,0
4317,193,-1742,625,-330960,8680,-44660,132.0,0
4332,236,-1879,528,-235200,-37100,-60200,125.0,0
4347,540,-1896,-148,-175700,-56490,-67060,125.0,0
4357,806,-1821,-409,-110250,-72380,-72590,123.0,0
4372,1418,262,4,98700,-89950,-70910,118.0,0
4387,1121,346,-546,158830,-112840,-88970,118.0,0
4402,432,-1058,-1167,337120,-136220,-92050,119.0,0
4417,947,-376,-783,408730,-153930,-99470,117.0,0
4432,1031,518,-260,485870,-158900,-98910,119.0,0
4447,1064,105,-290,534660,-171360,-95340,122.0,0
4462,899,282,-1146,556430,-172620,-87430,122.0,0
4472,908,337,-1202,562380,-168560,-76650,119.0,0
4487,907,401,-1102,549360,-154070,-50610,125.0,0
4502,1110,322,-943,533890,-144130,-24570,125.0,0
4512,1231,557,-1204,517370,-130550,-11270,131.0,0
4527,1223,210,-1113,467600,-96390,980,134.0,0
4542,1367,463,-1199,427490,-53270,17850,134.0,0
4552,1812,499,-1209,394170,-26880,20720,139.0,0
4567,1997,1082,-316,324170,-9380,15050,142.0,0
4582,1997,914,60,116830,12460,-910,142.0,0
4592,1997,926,-225,8470,17780,-12740,151.0,0
4607,1901,626,-63,-80080,24080,-20370,163.0,0
4622,1669,272,-166,-172200,36470,-28140,163.0,0
4632,1233,160,125,-185500,41580,-29190,173.0,0
4647,1028,217,11,-191170,47110,-31290,176.0,0
4666,414,131,274,-191520,46340,-35280,183.0,0
4681,296,33,191,-191870,46830,-36330,183.0,0
4691,177,92,223,-190610,45150,-38290,186.0,0
4706,119,-115,198,-178290,41020,-42210,191.0,0
4721,44,-102,177,-166880,40740,-41370,191.0,0
4731,204,-360,219,-153300,38570,-42140,194.0,0
4746,305,-120,162,-78890,41720,-39900,193.0,0
4761,295,-360,221,-37730,41650,-44450,193.0,0
4771,429,-378,64,-2380,40670,-46690,191.0,0
4786,584,-267,156,53060,37660,-51170,191.0,0
4801,695,-234,261,68810,30800,-59570,191.0,0
4811,745,-190,197,81970,27090,-63560,181.0,0
4826,999,-43,248,85050,24080,-66010,183.0,0
4841,1078,-63,73,89740,20020,-68180,179.0,0
4856,1059,-69,119,90790,18550,-68670,179.0,0
4866,1110,57,3,91770,17220,-69510,176.0,0
4881,1057,24,78,93240,17290,-68740,171.0,0
4896,991,156,-47,92330,16730,-66080,171.0,0
4906,973,35,0,90580,18340,-65100,164.0,0
4925,875,21,18,82390,17500,-64750,158.0,0
4940,942,94,31,69440,16940,-64820,151.0,0
4955,987,198,-75,51590,18830,-59920,151.0,0
4965,981,74,-1,35630,18550,-59010,145.0,0
4980,969,90,204,14210,14910,-59360,138.0,0
4995,985,34,288,-23100,5530,-58310,138.0,0
5005,995,-187,296,-31640,-140,-58800,129.0,0
5020,993,-338,259,-30800,-6510,-57960,128.0,0
5039,1103,-76,365,-4200,-12950,-54810,120.0,0
5054,1388,-762,294,272720,-52080,15610,120.0,0
5064,-518,1470,-522,490840,-28980,16170,117.0,0
5079,1154,-466,-57,487480,-40950,47320,117.0,0
5094,542,513,-209,466130,-42630,41510,117.0,0
5104,895,245,-342,421750,-47810,45010,117.0,0
5119,1977,-26,-288,197610,-77140,29680,117.0,0
5134,173,38,845,147700,-74900,45430,117.0,0
5144,810,-830,-703,119350,-73920,35560,114.0,0
5159,908,-172,-534,96250,-50820,26250,114.0,0
5178,884,-1219,-980,105700,-43330,33950,116.0,0
5193,776,-770,-1094,91070,-34650,31360,116.0,0
5203,795,-367,-786,71750,-22750,21210,119.0,0
5218,1006,-463,-1031,18970,2730,15610,118.0,0
5233,907,-307,-1007,-2730,34160,8190,118.0,0
5243,963,-371,-1275,-26390,52850,4270,119.0,0
5258,896,-226,-1650,-68320,72170,1400,116.0,0
5273,903,-144,-1037,-115710,113610,-420,116.0,0
5283,936,-220,-1104,-139580,132510,-1050,117.0,0
5298,697,-420,-1094,-167160,148960,-1400,111.0,0
5313,753,-331,-581,-226450,179340,-2380,111.0,0
5323,740,-597,-262,-256340,191590,-2800,109.0,0
5338,1193,238,224,-286790,204470,-17360,109.0,0
5353,1647,-1067,381,-394520,215600,-15400,109.0,0
5368,1726,1986,-432,-255220,200270,-47040,109.0,0
5378,1298,-3,-1440,-254170,194880,-39900,114.0,0
5393,241,-769,56,-268870,181160,-56210,118.0,0
5408,429,-581,-263,-265300,140630,-68460,118.0,0
5418,504,-856,530,-268730,112000,-68320,124.0,0
5437,-7,109,1823,-307580,58590,-80150,126.0,0
5452,-196,334,1950,-336350,22960,-84280,127.0,0
5467,-494,659,1891,-365400,-55580,-77490,127.0,0
5477,222,-287,1545,-360360,-90930,-67900,122.0,0
5492,381,-678,1574,-340410,-137480,-66570,128.0,0
5507,765,-1330,990,-274540,-151900,-71330,128.0,0
5517,733,-1597,1060,-226800,-159250,-76230,125.0,0
5532,752,-1565,856,-124180,-166110,-87990,122.0,0
5547,739,-1816,673,-66850,-167020,-92400,122.0,0
5557,1182,-1830,364,10010,-166670,-97230,118.0,0
5572,1626,-330,1579,128450,-149240,-104930,118.0,0
5587,-4,-547,333,220220,-154350,-107940,118.0,0
5597,683,-1197,123,296870,-148750,-115220,120.0,0
5612,425,-178,-815,442260,-129640,-111300,123.0,0
5627,116,-1042,-1275,538580,-97930,-86310,123.0,0
5637,295,-286,-1867,735280,-71260,-67410,124.0,0
5652,492,1090,-1949,778470,-41160,-48440,123.0,0
5667,999,209,-1891,794010,12950,-15960,123.0,0
5677,1380,-1023,-1889,573090,1120,-41300,121.0,0
5696,-725,-1243,-680,250670,22260,-10500,123.0,0
5711,273,128,-1254,200760,47670,-10780,119.0,0
5726,650,-250,-777,87290,76370,10710,119.0,0
5736,1338,554,294,27720,111790,12880,122.0,0
5751,1018,-704,-448,-71050,128310,14840,118.0,0
5766,455,-272,-822,-228270,167720,15820,118.0,0
5776,571,-381,-1234,-310940,184730,15120,119.0,0
5791,827,-602,-826,-415800,217070,20930,111.0,0
5806,927,1333,-238,-468580,230230,13230,111.0,0
5816,1659,-1193,-140,-522760,222810,24150,117.0,0
5831,945,829,546,-264670,229530,11480,115.0,0
5846,243,-1160,-517,-274260,211190,-4900,122.0,0
5861,281,-186,571,-307230,200270,-30450,122.0,0
5871,-47,-697,142,-316260,185220,-33250,132.0,0
5886,-111,-615,1111,-322560,134400,-49210,141.0,0
5901,263,-1475,1687,-329840,96810,-57540,141.0,0
5911,-205,-816,1926,-273350,62370,-62300,145.0,0
5926,-162,-1268,1944,-163730,-4410,-37380,144.0,0
5941,96,-1159,1427,-132090,-32130,-23730,144.0,0
5956,173,-606,603,-42700,-87220,-24290,140.0,0
5971,499,-1072,657,-3290,-105560,-21490,135.0,0
5986,514,-1075,365,82390,-131530,-13370,133.0,0
6001,488,-930,371,120330,-154700,-7140,133.0,0
6011,559,-828,225,159250,-166320,-3850,127.0,0
6026,540,-910,148,228480,-177030,-1330,120.0,0
6055,1048,-564,-1021,322630,-206010,-3780,116.0,0
6070,577,1724,-123,157430,-188510,-23730,108.0,0
6085,100,-1285,-757,127400,-186830,-31780,110.0,0
6100,673,3,-1146,192080,-144130,-35910,110.0,0
6110,756,522,-1686,186060,-131950,-24710,117.0,0
6125,788,266,-1647,222110,-106820,-4970,115.0,0
6140,1189,712,-1466,287000,-50050,7840,115.0,0
6150,1074,470,-1607,297290,-23660,17850,118.0,0
6165,994,563,-1365,293370,23590,31220,122.0,0
6180,928,341,-1475,249690,46270,33740,122.0,0
6190,738,612,-1224,219030,71540,38780,119.0,0
6205,887,-978,-140,145600,107030,31640,119.0,0
6222,863,42,-1072,101640,140560,22820,117.0,0
6237,795,-184,-41,-10570,157850,19670,117.0,0
6247,804,-193,-175,-66150,172060,13930,117.0,0
6262,1594,-1256,710,-139650,184310,-20510,120.0,0
6277,1107,765,-234,-153720,184450,-24290,120.0,0
6287,674,-147,-333,-197120,189770,-25900,122.0,0
6302,289,-827,608,-279790,188720,-43890,130.0,0
6317,401,-827,676,-299180,187670,-59920,130.0,0
6327,240,-464,947,-313390,175630,-61950,131.0,0
6342,423,-421,1156,-307440,141400,-62300,136.0,0
6357,134,-529,1488,-297990,88970,-60620,136.0,0
6367,186,-667,1713,-255570,60760,-57680,144.0,0
6382,102,-621,1778,-226450,32270,-52570,146.0,0
6397,172,-636,1605,-154000,-26110,-42630,144.0,0
6412,440,-554,893,-115920,-50540,-35700,144.0,0
6422,539,-632,923,-78260,-73010,-30520,139.0,0
6437,528,-813,445,-5390,-108150,-21980,138.0,0
6452,576,-757,387,28910,-122360,-16310,138.0,0
6462,556,-729,338,61320,-147210,-13090,130.0,0
6481,546,-727,161,120050,-167930,-6930,128.0,0
6496,619,-603,-77,166740,-178010,-5390,121.0,0
6511,1117,-542,-274,226450,-195860,-6720,121.0,0
6521,1458,-979,-705,259210,-190260,-24640,115.0,0
6536,1101,174,-156,227080,-193340,-35070,113.0,0
6551,953,-1109,-821,310450,-192220,-16520,113.0,0
6561,743,-357,-1490,334740,-183540,-17290,119.0,0
6576,996,757,-1168,359030,-175140,-3570,117.0,0
6591,1208,351,-992,383460,-151060,22960,117.0,0
6601,1010,82,-1019,388500,-137620,32270,124.0,0
6616,1058,17,-962,385840,-102760,42490,128.0,0
6631,1680,215,-1025,370440,-82040,42070,128.0,0
6641,1918,-210,-316,360710,-58170,40670,131.0,0
6656,1997,-219,-609,327600,-30100,24360,137.0,0
6671,1997,2,409,302190,-26390,24780,137.0,0
6681,1981,272,-127,265860,-28490,13720,151.0,0
6696,1758,437,-177,195580,-9240,630,165.0,0
6711,1330,735,-461,161350,2380,-8190,165.0,0
6721,1140,635,-50,120820,13580,-14840,184.0,0
6740,789,594,-169,22540,25200,-32200,188.0,0
6755,299,359,-214,-64890,38710,-40180,195.0,0
6770,159,333,-73,-95340,51100,-53130,195.0,0
6780,108,150,-63,-130760,55020,-59290,193.0,0
6795,154,-83,-292,-138600,59360,-65660,169.0,0
6810,57,96,-15,-136990,70630,-75740,169.0,0
6820,95,-9,-218,-136220,73990,-79590,190.0,0
6835,209,-50,-138,-135310,79590,-82460,205.0,0
6850,261,26,-81,-125370,87850,-86940,203.0,0
6865,450,-204,-230,-111650,91770,-83790,203.0,0
6875,577,-181,-123,-88200,100100,-82250,212.0,0
6890,852,-168,-36,-36330,101010,-81060,221.0,0
6905,979,-29,37,-4900,99050,-78260,221.0,0
6915,1088,-11,87,980,95900,-77210,222.0,0
6930,1180,28,214,5600,91700,-75950,222.0,0
6945,1136,-17,76,12670,80850,-73990,222.0,0
6955,1099,18,198,14490,76370,-72940,218.0,0
6970,1003,46,173,14490,70630,-70280,219.0,0
6985,892,79,174,13160,57960,-68460,219.0,0
7000,823,108,180,12320,45850,-63910,208.0,0
7015,787,24,137,9450,40390,-61460,206.0,0
7030,772,14,194,8890,30240,-60970,208.0,0
7051,776,96,94,14490,24430,-57470,201.0,0
7066,781,69,90,16240,21210,-54530,188.0,0
7081,744,73,29,14840,14560,-53410,188.0,0
7091,694,78,64,13650,12250,-52570,173.0,0
7106,661,66,42,12250,8050,-52010,187.0,0
7121,573,34,2,12180,6930,-52220,187.0,0
7131,588,47,-55,13440,6370,-52150,187.0,0
7146,670,24,-66,16450,7000,-51520,186.0,0
7161,778,8,17,17430,5110,-51660,186.0,0
7171,890,-146,105,20370,2730,-51800,184.0,0
7186,917,-128,194,32270,-3290,-51800,177.0,0
7201,1060,-141,115,41790,-7630,-51030,177.0,0
7211,1039,-131,152,52220,-15190,-49980,164.0,0
7226,1008,-142,86,71260,-18830,-48580,153.0,0
7241,1024,-136,128,84840,-26740,-44730,153.0,0
7254,1112,-117,195,90160,-31220,-42070,137.0,0
7269,1216,-73,99,92680,-40530,-35700,131.0,0
7284,1810,1035,541,91210,-43050,-33600,129.0,0
7299,1613,-1583,-702,-122150,-74550,6790,129.0,0
7309,224,993,463,-141190,-100590,36330,133.0,0
7324,966,894,740,-122640,-98910,30520,132.0,0
7339,866,-925,-157,-86100,-95900,29400,132.0,0
7349,1209,-1242,731,-66640,-92400,31850,131.0,0
7364,1147,15,400,-35000,-91910,34370,129.0,0
7379,883,127,165,3220,-85540,27930,129.0,0
7389,1040,-357,-53,20860,-82320,18270,126.0,0
7404,1174,-419,66,49280,-64540,9240,126.0,0
7419,903,-67,-120,118090,-55370,5040,126.0,0
7429,994,0,-76,159250,-44660,2380,128.0,0
7444,1040,2,-333,251930,-15470,1820,126.0,0
7459,976,137,-551,300860,2030,3640,126.0,0
7469,948,217,-797,348880,22330,6300,127.0,0
7484,876,447,-1095,430290,68110,12880,128.0,0
7499,871,417,-1172,458710,89040,18340,128.0,0
7514,891,248,-1536,504490,124250,19950,127.0,0
7529,1243,112,-1271,514990,161700,21000,122.0,0
7544,1321,-732,-1291,475580,165340,15330,123.0,0
7559,1251,-624,-1408,364630,181440,-5600,118.0,0
7574,1020,-97,-1444,291480,181090,-17570,118.0,0
7584,1088,-481,-1165,211190,177380,-31500,121.0,0
7599,1026,169,-575,47600,150080,-61460,122.0,0
7614,1202,791,33,-43260,134610,-80360,122.0,0
7624,1554,1519,-209,-78470,114730,-93380,126.0,0
7639,892,766,142,-177800,101430,-88760,131.0,0
7654,421,879,-32,-258160,81690,-97370,131.0,0
7664,83,1096,154,-290430,70210,-96110,140.0,0
7679,626,683,499,-321230,58870,-94080,146.0,0
7694,459,705,608,-373310,28350,-87150,146.0,0
7704,465,547,841,-393470,10990,-83720,150.0,0
7719,301,533,844,-407960,-6930,-79660,155.0,0
7734,66,706,1356,-422030,-51030,-67970,155.0,0
7744,309,-392,1192,-426650,-74550,-68880,153.0,0
7759,521,205,1067,-419720,-119980,-62650,147.0,0
7778,638,-1098,1204,-374990,-152530,-71050,136.0,0
7793,802,-1342,1036,-298270,-161210,-73640,136.0,0
7803,897,-1439,718,-242830,-163310,-74480,132.0,0
7818,954,-1621,770,-99960,-148820,-67200,134.0,0
7833,1068,-1661,664,-18550,-136710,-58380,134.0,0
7843,1149,-1757,588,68460,-122850,-46550,132.0,0
7858,1147,-1569,343,247100,-92680,-22890,130.0,0
7873,907,-1629,-74,341180,-77700,1190,130.0,0
7883,1023,-1240,-584,441980,-63560,-6160,122.0,0
7898,-1175,799,-1128,485240,-42700,-35280,118.0,0
7913,159,-1443,-1480,618940,770,-27720,120.0,0
7928,1417,-84,-48,651070,28140,-2170,120.0,0
7938,1572,-1490,-1692,621670,52290,16100,124.0,0
7953,927,277,-911,654430,110390,18760,120.0,0
7968,1620,-1173,-1672,604030,111020,15120,120.0,0
7978,1276,-705,-1839,547540,119770,3780,120.0,0
7993,1126,-567,-1595,374010,121590,-12040,114.0,0
8008,1120,-168,-1546,270620,116200,-32690,114.0,0
8018,1038,188,-1446,165060,102340,-41510,119.0,0
8037,982,155,-1225,-23450,92820,-58520,119.0,0
8056,940,-30,-881,-186620,89180,-72380,126.0,0
8071,1856,1597,433,-282030,82180,-82320,123.0,0
8086,981,1211,-115,-289590,98980,-105700,123.0,0
8096,593,-665,-487,-358050,94500,-118510,130.0,0
8111,703,608,72,-429940,91000,-119000,138.0,0
8126,734,-2,-554,-533960,88830,-118090,138.0,0
8136,607,95,-247,-549570,89320,-113120,145.0,0
8151,517,-489,61,-549220,89670,-107520,156.0,0
8166,269,-410,407,-529270,69440,-98070,156.0,0
8176,126,-486,1027,-518560,51940,-94290,163.0,0
8191,266,-139,791,-484260,-3570,-86870,161.0,0
8206,186,-457,1609,-460810,-31570,-85120,161.0,0
8216,228,-683,1663,-440930,-54320,-85890,157.0,0
8231,540,-982,1516,-377020,-88340,-80010,159.0,0
8246,837,-1501,1409,-321020,-97160,-73430,159.0,0
8256,825,-1548,1345,-256900,-102760,-67340,154.0,0
8271,770,-1615,1443,-113260,-105000,-53270,150.0,0
8288,666,-1566,1393,26670,-102340,-39060,152.0,0
8303,718,-1457,958,91000,-100940,-32130,152.0,0
8313,719,-1361,783,150780,-98980,-24990,145.0,0
8327,749,-1256,574,252980,-93100,-10360,143.0,0
8342,892,-1088,83,297570,-89180,-2100,143.0,0
8352,909,-920,-58,339710,-84140,7140,138.0,0
8367,882,-721,-469,414750,-67480,30450,137.0,0
8382,1141,-660,-909,452620,-55160,63910,137.0,0
8392,1421,-529,-1285,492730,-38150,83160,129.0,0
8407,1505,-255,-1594,563080,5250,100590,131.0,0
8422,1648,-207,-1726,585550,43470,125650,131.0,0
8432,1868,-360,-1948,606690,63980,122360,123.0,0
8447,842,1997,-1219,420070,42490,68600,119.0,0
8462,1606,-888,-585,85120,14980,52920,119.0,0
8472,1612,88,363,56980,36260,41580,119.0,0
8487,625,304,1003,1820,49140,41020,122.0,0
8502,1468,1284,-1537,-38010,62020,21070,122.0,0
8512,1696,1237,-1737,-94850,54810,9450,122.0,0
8527,499,82,447,-183540,73290,-2730,125.0,0
8546,1214,407,-621,-244370,84280,-3850,129.0,0
8561,1226,326,-977,-293510,88340,-7140,129.0,0
8571,925,19,-765,-311570,91560,-7420,129.0,0
8586,772,53,-501,-360780,91490,-12250,135.0,0
8601,1173,-996,242,-381500,88200,-13860,135.0,0
8611,855,-275,1667,-302330,100870,-13790,136.0,0
8626,402,-883,269,-201950,98070,-5460,144.0,0
8641,1088,3,1613,-207760,82600,-22190,144.0,0
8651,1315,-397,891,-213920,52430,-37590,152.0,0
8666,907,-37,1477,-200900,-10640,-47040,157.0,0
8681,898,-750,1139,-182630,-73640,-57960,157.0,0
8691,939,-914,1069,-130060,-93030,-57750,160.0,0
8706,702,-1356,755,80850,-106540,-52780,162.0,0
8721,789,-963,95,331870,-125930,-36190,162.0,0
8731,751,-801,-48,434980,-131600,-21770,166.0,0
8746,633,-58,-141,498540,-137270,-8260,165.0,0
8761,623,257,-714,530460,-145600,21420,170.0,0
8776,749,809,-216,523530,-139720,50400,170.0,0
8786,803,281,-394,504490,-134470,56350,172.0,0
8807,688,1227,-430,367360,-106400,63840,177.0,0
8822,957,1506,-169,265860,-101710,55440,181.0,0
8837,980,1121,-46,63630,-89950,40390,181.0,0
8847,985,910,-218,-12390,-83580,29470,191.0,0
8862,994,554,-166,-63700,-74410,12320,191.0,0
8877,1057,614,-236,-124880,-54460,5390,191.0,0
8887,1088,677,-221,-151760,-44100,-2240,195.0,0
8902,1104,725,-151,-184520,-27370,-19180,197.0,0
8917,1220,622,-69,-257040,-21000,-27790,197.0,0
8927,1245,470,42,-284410,-15610,-35280,200.0,0
8942,1254,448,49,-311010,-7700,-47390,203.0,0
8957,1096,88,136,-311150,-1750,-53550,203.0,0
8967,1243,394,119,-307580,560,-59780,204.0,0
8982,1238,160,267,-290010,7630,-66220,202.0,0
8997,1205,91,-64,-269990,10780,-65380,202.0,0
9007,1166,19,-7,-231420,17850,-61110,202.0,0
9022,990,-79,91,-121170,30100,-60200,200.0,0
9037,949,-248,211,-15190,37170,-57050,208.0,0
9059,810,51,252,50540,38150,-58450,212.0,0
9074,761,116,252,67060,36820,-60830,212.0,0
9084,769,171,201,74550,33390,-61390,220.0,0
9099,807,190,142,75880,32200,-61110,232.0,0
9114,826,248,117,70910,31640,-58730,232.0,0
9124,863,198,42,68180,32480,-57120,232.0,0
9139,860,322,15,65800,33390,-54810,221.0,0
9154,861,177,120,61390,34650,-46900,221.0,0
9164,859,407,101,53970,33810,-42490,197.0,0
9179,850,220,174,41580,33180,-41230,210.0,0
9194,810,185,180,5460,29750,-39340,216.0,0
9209,790,225,216,-12530,25130,-38010,216.0,0
9219,784,205,115,-26040,24640,-35420,203.0,0
9234,633,116,107,-34930,24150,-33600,216.0,0
9249,611,164,-5,-31080,25480,-25410,216.0,0
9259,591,-44,-16,-26040,26530,-22540,219.0,0
9274,556,16,-9,-21210,25970,-18060,214.0,0
9289,608,45,37,-8120,28630,-10640,214.0,0
9364,679,7,42,5740,25410,19810,203.0,0
9379,714,-8,59,1330,24080,22680,203.0,0
9394,726,-29,31,-8610,20650,27580,193.0,0
9409,775,-57,68,-14350,19040,29820,184.0,0
9424,814,-88,103,-24570,16310,33670,171.0,0
9439,896,-117,69,-28280,13790,37100,171.0,0
9449,953,-135,93,-30800,8400,38780,163.0,0
9464,1042,-170,96,-30800,5320,40460,148.0,0
9479,1447,649,588,70280,-4410,46550,148.0,0
9489,726,-327,-737,49210,9800,56980,144.0,0
9504,630,126,-191,102480,-25620,93730,144.0,0
9519,809,883,-58,74760,-30520,90580,144.0,0
9529,530,-185,716,82810,-33740,89390,139.0,0
9544,168,151,725,70700,-34720,74620,136.0,0
9562,939,42,354,58870,-45990,71190,135.0,0
9577,1024,66,261,41860,-64260,67060,135.0,0
9587,896,44,615,34930,-72030,63140,127.0,0
9602,804,-87,429,25480,-80920,48790,129.0,0
9617,1775,359,-138,8260,-95130,41650,129.0,0
9627,1534,-216,1121,17010,-94920,39270,119.0,0
9642,802,-435,377,41510,-99400,39830,124.0,0
9657,898,-63,97,59430,-97160,30870,124.0,0
9667,1138,-303,411,72030,-94640,27020,119.0,0
9682,929,-200,-387,102900,-85610,21350,123.0,0
9697,1062,-139,-5,118440,-79870,17290,123.0,0
9707,1089,-349,-201,131390,-75810,14350,122.0,0
9722,1049,-90,-370,157080,-66360,6650,123.0,0
9737,1027,-293,-247,167650,-58870,-1330,123.0,0
9747,1076,-398,-379,175980,-53550,-5180,120.0,0
9762,941,-142,-629,195440,-46900,-8050,122.0,0
9777,945,-183,-759,220150,-28420,-10850,122.0,0
9787,957,-41,-916,233590,-15540,-9310,119.0,0
9802,872,299,-1276,244930,-700,-6090,121.0,0
9824,909,354,-1293,256690,39830,7910,115.0,0
9839,-80,1042,-1965,114940,35980,4200,117.0,0
9854,1143,-689,-1355,-28280,64190,22750,117.0,0
9864,1040,21,-497,-49280,78820,26180,118.0,0
9879,895,-17,-1032,-40040,95620,30170,114.0,0
9894,853,-18,-1001,-44170,125650,28840,114.0,0
9904,822,-83,-789,-73850,137970,29470,114.0,0
9919,837,-129,-915,-89600,146580,24710,112.0,0
9934,820,76,-708,-128030,145040,20300,112.0,0
9944,768,-79,8,-190820,142450,17430,111.0,0
9959,1431,-1068,300,-248570,132370,-980,110.0,0
9974,1491,-470,1136,-167930,138040,8120,110.0,0
9984,646,-154,1293,-122290,148540,11830,116.0,0
9999,-19,-231,992,-229950,131110,-11200,124.0,0
10014,749,-197,1062,-240380,118370,-16170,124.0,0
10024,500,-319,1695,-207340,111790,-16100,125.0,0
10039,147,-201,1548,-205100,77910,-17500,125.0,0
10061,319,-496,1719,-179480,27860,-20020,132.0,0
10082,342,-242,1479,-140630,-25060,-13510,130.0,0
10097,388,-647,1080,-95550,-73570,-13930,127.0,0
10112,224,-627,1369,-73850,-116620,-16730,127.0,0
10122,264,-785,778,-45220,-134610,-15120,126.0,0
10137,344,-848,655,19110,-152600,-16310,119.0,0
10152,401,-1094,302,97860,-181370,-19810,119.0,0
10162,649,-1156,-535,135800,-193830,-24150,115.0,0
10177,1066,1355,-74,150220,-198450,-37940,110.0,0
10192,901,-1725,-1282,89180,-194740,-41160,111.0,0
10207,156,477,1,257460,-155260,-35000,111.0,0
10217,1422,456,-591,362180,-137620,-35420,113.0,0
10232,442,442,-1648,285670,-114030,-16170,115.0,0
10247,799,408,-1712,266280,-74550,6650,115.0,0
10257,1021,534,-1395,260470,-46060,14210,116.0,0
10272,1324,627,-1215,243740,-21700,24010,119.0,0
10287,1015,402,-1829,186970,36190,41440,119.0,0
10297,764,714,-1152,140490,62650,49350,122.0,0
10312,975,-236,-704,102060,86380,49840,121.0,0
10334,936,-127,-694,-53480,146580,47950,121.0,0
10349,971,-153,-153,-118230,160440,42980,118.0,0
10364,750,-330,-182,-244930,180530,37030,118.0,0
10374,683,-243,715,-315980,183540,31150,119.0,0
10389,1872,1167,28,-311500,180180,2940,122.0,0
10404,993,-208,-374,-245350,168280,-2800,122.0,0
10414,146,-902,585,-288190,169400,-9590,124.0,0
10429,350,-385,-114,-319410,153510,-31360,131.0,0
10444,-12,-380,600,-341740,145740,-33950,131.0,0
10454,1565,-1403,1157,-341670,131390,-36120,132.0,0
10469,316,-733,936,-319690,106540,-36050,137.0,0
10484,470,-478,1007,-296870,81900,-36330,137.0,0
10494,257,-782,1412,-283500,55790,-40180,136.0,0
10509,4,-1042,1576,-231560,-1960,-43330,137.0,0
10524,354,-876,1033,-195440,-27370,-40810,137.0,0
10534,354,-827,950,-161490,-50960,-42070,136.0,0
10549,478,-1091,550,-83160,-95060,-42210,131.0,0
10564,381,-1186,386,-4340,-126700,-45150,131.0,0
10582,380,-1304,106,35560,-139650,-49280,122.0,0
10597,644,-1162,-324,121310,-163450,-50610,122.0,0
10612,924,-1075,-665,218890,-188230,-53480,114.0,0
10627,936,1404,1300,275310,-168560,-82810,112.0,0
10642,706,-454,-1426,354620,-186550,-66220,112.0,0
10652,810,-1259,-1791,418530,-162750,-68320,115.0,0
10667,1192,1700,-1997,433230,-143710,-53270,119.0,0
10682,1044,699,-1854,428260,-90440,-9030,119.0,0
10692,1004,481,-1341,413560,-64190,5390,119.0,0
10707,1295,801,-1504,391300,-5530,29190,123.0,0
10722,1050,-735,-369,288260,17850,37100,123.0,0
10732,1088,45,-317,249130,39060,36890,121.0,0
10747,1095,507,-697,95900,81480,42070,124.0,0
10762,849,-344,-132,21420,98980,41720,124.0,0
10772,885,-110,-194,-49210,114870,39900,123.0,0
10787,947,-71,14,-184870,139580,38500,125.0,0
10802,856,-262,-110,-238280,147700,38360,125.0,0
10812,1279,-988,530,-283080,153370,26740,125.0,0
10827,1813,1126,-423,-273840,145390,11060,122.0,0
10849,549,-402,-253,-244160,139720,9730,129.0,0
10864,244,-662,624,-302120,135030,-3570,134.0,0
10879,893,-508,648,-313180,126840,-7210,134.0,0
10889,709,-164,545,-309750,118580,-6300,132.0,0
10904,647,-259,566,-307090,88480,-7070,140.0,0
10919,522,-477,700,-303310,54320,-13020,140.0,0
10929,340,-560,1255,-290640,32620,-17640,134.0,0
10944,318,-714,1048,-280700,13860,-24430,133.0,0
10959,482,-589,957,-243740,-24220,-27160,133.0,0
10969,627,-557,559,-219520,-41720,-28140,132.0,0
10984,539,-840,519,-190540,-59990,-29820,132.0,0
10999,522,-1036,262,-128450,-91280,-34020,132.0,0
11009,517,-1070,44,-93940,-104650,-36820,124.0,0
11024,785,-1142,-158,-56140,-128520,-36750,120.0,0
11039,1115,1347,413,76440,-129780,-36190,120.0,0
11073,745,-750,-1585,364700,-136500,-20930,122.0,0
11088,1516,832,-1835,419020,-125720,-5390,121.0,0
11107,1349,391,-1591,521080,-75110,33670,124.0,0
11122,1024,441,-1103,546910,-18200,63420,128.0,0
11137,1672,780,-742,529270,22470,67760,128.0,0
11147,1331,1329,49,449540,41860,61950,133.0,0
11162,1789,1457,-344,147560,53900,23590,140.0,0
11177,1769,925,336,-2100,62370,-5110,149.0,0
11192,1722,455,-62,-216300,64820,-16450,149.0,0
11202,1590,10,-36,-259980,68740,-21000,140.0,0
11217,1347,69,23,-280770,69860,-27090,108.0,0
11232,1192,-224,165,-280210,69230,-33530,108.0,0
11242,1036,-55,309,-273630,68040,-39550,106.0,0
11257,1024,-294,14,-208460,66220,-33810,107.0,0
11272,593,-556,235,-150500,67970,-31850,107.0,0
11282,465,-486,96,-91490,66710,-30800,114.0,0
11297,398,-323,206,14140,63000,-30380,147.0,0
11312,287,-246,229,52220,59780,-33810,147.0,0
11322,262,-171,234,77560,49910,-36960,186.0,0
11337,335,20,216,100660,44870,-39550,192.0,0
11352,399,81,179,104510,36540,-41650,201.0,0
11376,593,74,138,100660,36610,-41580,221.0,0
11391,663,29,64,87780,33950,-45220,221.0,0
11401,752,490,377,73990,33670,-43960,225.0,0
11416,795,305,54,49420,28910,-47600,216.0,0
11431,813,327,162,-8890,25410,-53620,196.0,0
11446,874,254,-15,-34930,23520,-57400,196.0,0
11456,858,206,175,-56980,23520,-59360,202.0,0
11471,864,70,30,-86170,22400,-60550,218.0,0
11486,856,27,73,-93660,23520,-63280,218.0,0
11496,854,19,48,-94780,23380,-64400,210.0,0
11511,954,-48,91,-95690,22120,-66010,203.0,0
11526,1008,-43,195,-94010,18760,-69020,203.0,0
11536,1003,28,168,-91490,16170,-70490,201.0,0
11551,1118,17,229,-85190,12600,-72870,194.0,0
11566,1162,-117,43,-54530,10780,-70350,194.0,0
11576,1228,-118,-45,-30590,11690,-67550,191.0,0
11591,1256,-90,-58,-4830,16450,-60270,195.0,0
11606,1196,26,-41,34650,17710,-57120,195.0,0
11620,1177,26,-18,44030,19390,-52920,196.0,0
11635,1086,12,131,49700,18550,-51520,198.0,0
11650,1103,-37,-41,48930,15820,-51590,200.0,0
11665,1048,105,53,44660,13300,-48580,200.0,0
11675,1071,-36,37,39130,11200,-47530,196.0,0
11690,1034,144,22,23590,7350,-47390,193.0,0
11705,1042,125,31,14910,5880,-44800,193.0,0
11715,1023,132,35,5460,4690,-43680,198.0,0
11730,926,180,18,-13510,2520,-41860,192.0,0
11745,908,142,19,-23030,140,-38500,192.0,0
11755,866,106,24,-44730,-1330,-37800,187.0,0
11770,755,134,52,-56350,-3080,-36680,184.0,0
11785,718,101,67,-80150,-7910,-35000,184.0,0
11795,693,94,80,-89810,-10850,-34160,196.0,0
11810,639,23,83,-96880,-13860,-33250,185.0,0
11825,591,34,110,-103950,-20160,-32760,174.0,0
11840,453,-24,94,-103810,-23520,-30450,174.0,0
11850,368,-113,124,-101080,-30590,-31150,173.0,0
11865,249,-154,124,-94080,-34370,-32270,158.0,0
11887,320,-220,200,-87500,-42980,-37520,150.0,0
11902,482,1022,455,-133980,-53340,-42560,150.0,0
11912,635,-527,-810,-577710,-149310,-31150,144.0,0
11927,426,511,311,-273910,-111440,840,146.0,0
11942,357,879,-550,-257810,-134400,-9800,146.0,0
11952,1510,-853,954,-241150,-115080,-10360,142.0,0
11967,826,-157,-473,-193970,-115360,-17430,140.0,0
11982,1067,-715,447,-169330,-117320,-17290,140.0,0
11992,1107,-598,77,-141750,-113330,-19600,138.0,0
12007,1126,-892,132,-74760,-104930,-22260,129.0,0
12022,1099,-962,518,-38080,-100310,-28350,129.0,0
12032,1002,-872,510,-3920,-97720,-30870,130.0,0
12047,1370,-202,166,77980,-90300,-31920,126.0,0
12071,453,-265,13,156590,-78820,-42910,125.0,0
12086,1196,-183,827,252420,-68810,-43120,127.0,0
12101,1068,-206,-438,322630,-50540,-37240,127.0,0
12111,720,41,-234,351120,-45080,-38150,126.0,0
12126,997,-218,-428,369040,-40460,-39270,131.0,0
12148,895,-134,-481,414960,-24920,-38010,130.0,0
12163,717,-32,-612,445270,-20720,-36330,130.0,0
12178,1114,-204,-1211,479920,-3990,-28980,130.0,0
12188,1008,91,-972,494550,11410,-22540,130.0,0
12203,646,560,-1444,495530,34650,-15260,124.0,0
12218,892,323,-1558,540750,78260,8540,124.0,0
12228,729,415,-1227,553210,91910,7910,124.0,0
12243,-150,1632,-1996,298340,57960,-2380,119.0,0
12258,587,-406,-1156,18480,71680,-17920,119.0,0
12268,1617,-7,-1761,-38430,89670,-23940,123.0,0
12283,313,-965,-284,25060,114940,7770,120.0,0
12298,981,-287,-1397,-56980,133980,17080,116.0,0
12313,767,552,-1399,-146090,143850,4550,116.0,0
12323,726,-381,-923,-189000,147000,2380,117.0,0
12338,883,-21,-648,-230860,150640,350,117.0,0
12353,994,-184,-760,-299950,146930,-2940,117.0,0
12363,729,672,442,-320180,147280,-4270,120.0,0
12378,1529,900,-124,-267260,135940,-20370,121.0,0
12400,356,-565,164,-269150,130690,-21490,126.0,0
12415,169,216,460,-282380,116970,-24010,126.0,0
12425,106,42,1456,-305620,97860,-25130,126.0,0
12440,78,3,1741,-368550,38710,-39480,133.0,0
12455,-249,-99,1434,-392980,-36330,-57960,133.0,0
12465,-242,73,1879,-417690,-79100,-73290,135.0,0
12480,1029,-748,530,-445060,-108080,-82110,133.0,0
12495,865,-1307,640,-367640,-134330,-85470,136.0,0
12510,942,-1598,668,-311570,-139300,-92750,136.0,0
12520,1118,-1849,575,-240870,-136500,-92610,135.0,0
12535,1053,-1977,433,-63700,-121380,-87430,128.0,0
12550,1379,-1889,376,56910,-113750,-83720,128.0,0
12560,1247,-1884,386,175000,-103530,-80220,126.0,0
12575,303,466,1001,247380,-74480,-94920,128.0,0
12590,458,-1701,-779,349650,-54600,-92890,128.0,0
12600,1209,-894,860,486220,-45780,-86660,132.0,0
12615,535,-36,-1223,538440,-38010,-81200,131.0,0
12630,565,282,-1091,638960,-10710,-66150,131.0,0
12644,819,317,-1600,667030,7980,-52710,125.0,0
12659,670,355,-1930,727510,47180,-25760,123.0,0
12674,626,404,-1945,759220,79450,-9310,120.0,0
12689,1113,-1000,-1696,685440,103110,1890,120.0,0
12699,1748,-246,-1958,582960,112000,-560,119.0,0
12714,-219,1790,-1955,364140,100450,-12180,116.0,0
12729,1112,-926,-1717,47950,99960,-9870,116.0,0
12739,1290,843,-892,-45430,108850,-8960,116.0,0
12754,870,833,-1661,-239120,112000,-11620,118.0,0
12769,980,200,-1252,-296310,114870,-12740,118.0,0
12779,642,-74,-1041,-340900,115220,-11830,118.0,0
12794,825,-336,325,-381500,118790,-2730,121.0,0
12809,1750,1680,-338,-319410,114240,-11340,121.0,0
12819,369,869,466,-272090,138810,-20300,128.0,0
12834,919,-162,-668,-308280,129150,-27510,137.0,0
12849,653,31,-156,-309330,119560,-18900,137.0,0
12859,440,-33,131,-320810,115080,-18970,135.0,0
12874,562,75,-110,-351610,109130,-14140,140.0,0
12889,628,-131,30,-374920,90160,-5740,148.0,0
12911,1604,-1595,1572,-413210,53620,-15260,150.0,0
12926,-568,-407,1954,-251790,52920,-490,150.0,0
12936,143,-1781,1173,-196280,32690,-13860,150.0,0
12951,170,-924,1856,-192850,13440,-23380,152.0,0
12966,615,-1155,1225,-162470,-21000,-23450,152.0,0
12976,346,-1287,462,-143220,-37660,-31710,152.0,0
12991,1329,-1196,-313,-67410,-42700,-28770,149.0,0
13006,1481,-535,-307,160650,-36400,-18690,149.0,0
13016,1665,-360,-292,273700,-30590,-4970,150.0,0
13031,1667,236,-141,365750,-24080,24360,154.0,0
13046,1679,-79,-473,408240,-24150,36120,154.0,0
13056,1262,577,280,396130,-11410,31010,158.0,0
13078,1233,202,243,259420,-15820,36750,164.0,0
13093,1205,790,339,51030,-17500,21420,171.0,0
13108,1000,1049,2,-38290,-18480,7140,175.0,0
13123,961,439,99,-154210,-13090,6160,175.0,0
13133,857,771,53,-175140,-11060,2590,184.0,0
13148,932,360,-14,-193130,-7700,-2310,193.0,0
13170,825,183,-29,-183680,-4200,-6370,197.0,0
13185,794,284,207,-171710,-210,-11830,207.0,0
13200,777,302,174,-122290,2240,-12250,207.0,0
13210,779,-176,87,-85330,4270,-10430,208.0,0
13225,741,131,324,-16170,4900,-12950,214.0,0
13240,737,158,286,7910,3080,-14350,214.0,0
13250,739,205,295,24220,1120,-16590,209.0,0
13265,712,150,375,36050,-3500,-24640,218.0,0
13280,746,128,249,38010,-6580,-31990,218.0,0
13290,745,186,323,42840,-8750,-35140,231.0,0
13305,805,131,267,60270,-13230,-37660,232.0,0
13320,818,166,276,71330,-17430,-41370,232.0,0
13330,841,197,236,87570,-19110,-42840,223.0,0
13345,856,271,238,90160,-20930,-44380,219.0,0
13360,880,302,232,84070,-24640,-46620,219.0,0
13370,902,343,187,78120,-25830,-46900,218.0,0
13385,932,319,198,71610,-26600,-47320,232.0,0
13400,934,349,203,56210,-29120,-48510,232.0,0
13419,931,312,167,45500,-30310,-48230,237.0,0
13434,904,320,149,43610,-30310,-47040,237.0,0
13449,890,337,149,39060,-29400,-46690,236.0,0
13464,871,322,140,33880,-27930,-47460,232.0,0
13479,879,323,141,19740,-27020,-47950,232.0,0
13489,901,296,185,12600,-26250,-48790,231.0,0
13504,936,292,181,5040,-26040,-49700,234.0,0
13519,964,220,182,6440,-25900,-49630,233.0,0
13534,959,214,103,17920,-24640,-48510,233.0,0
13544,942,181,125,26950,-23170,-47670,246.0,0
13559,896,203,86,37100,-22050,-44520,241.0,0
13574,842,183,79,57750,-18200,-42770,241.0,0
13584,821,204,50,64890,-16660,-41510,235.0,0
13599,812,170,-3,67410,-12670,-40530,243.0,0
13614,808,218,83,62650,-11270,-39830,243.0,0
13624,827,127,14,56840,-10430,-39340,229.0,0
13639,784,98,93,43960,-9590,-42000,218.0,0
13654,687,309,74,37520,-9660,-40530,218.0,0
13668,670,63,233,15470,-10850,-39480,209.0,0
13683,660,58,186,2520,-13930,-41860,222.0,0
13698,721,235,-115,-11620,-14980,-42980,228.0,0
13713,1138,-77,-74,-11760,-10850,-38290,228.0,0
13723,1156,69,28,-8260,-5600,-35980,217.0,0
13738,1120,-4,3,3290,-5180,-32340,212.0,0
13753,1084,14,0,18550,-1820,-24780,212.0,0
13763,1072,113,-94,26530,1120,-18760,206.0,0
13778,976,137,104,32760,3220,-13300,210.0,0
13793,949,106,54,31360,4130,-2800,210.0,0
13803,881,142,76,24710,3710,1680,203.0,0
13818,805,154,42,16870,2590,9730,202.0,0
13833,785,39,59,-2870,350,12880,197.0,0
13848,770,134,97,-14560,-2800,17010,197.0,0
13858,767,108,52,-25690,-3990,19950,190.0,0
13873,759,78,43,-41720,-4690,22120,184.0,0
13888,756,84,15,-52500,-6230,27790,184.0,0
13898,773,17,38,-56350,-7140,29750,177.0,0
13913,790,16,51,-59850,-8260,31570,171.0,0
13937,785,-15,343,-63350,-15540,33390,158.0,0
13952,1200,393,91,10640,-23030,29470,150.0,0
13967,-292,1053,-168,-55580,-13510,31080,150.0,0
13977,672,615,212,-32760,-30590,67620,147.0,0
13992,822,-23,853,-37730,-45220,62440,141.0,0
14007,648,93,920,-32550,-50190,66850,141.0,0
14017,237,138,1137,-44100,-60060,57470,142.0,0
14032,690,171,340,-41510,-78960,40180,140.0,0
14047,1800,-901,1119,-34440,-84210,38220,140.0,0
14057,933,-177,873,-21140,-93870,35210,138.0,0
14079,991,-350,476,12040,-110040,10570,134.0,0
14094,960,-141,110,40320,-106470,5180,138.0,0
14109,798,-12,146,111860,-95410,-5390,138.0,0
14124,1019,-288,55,151550,-87780,-9450,138.0,0
14134,943,-133,-2,197260,-77840,-11550,137.0,0
14149,910,-150,-357,281680,-58730,-15120,138.0,0
14164,860,-91,-590,322840,-47740,-16030,138.0,0
14178,803,-5,-766,389900,-24150,-14910,144.0,0
14193,956,-78,-1023,412930,-14210,-8960,135.0,0
14208,965,-151,-1487,457030,19320,-5950,122.0,0
14223,884,531,-1633,475300,58380,2380,122.0,0
14233,852,-51,-1309,453390,68530,1890,118.0,0
14248,1579,166,-1841,415660,82810,3010,116.0,0
14263,-136,1985,-1200,7210,76370,-7700,116.0,0
14273,398,-26,-1629,-18970,92680,8540,108.0,0
14288,965,1161,-1089,-13440,108430,11130,108.0,0
14303,1067,-504,-1704,-174090,123900,19180,108.0,0
14313,546,-175,-1102,-217630,135100,24220,112.0,0
14328,759,499,-1384,-269010,143290,36750,112.0,0
14343,737,-117,-994,-392000,144620,42910,112.0,0
14353,688,142,-1150,-425880,143430,48510,112.0,0
14368,413,-161,-1023,-447790,135870,61460,108.0,0
14383,1995,1000,963,-426370,128730,62370,108.0,0
14393,1440,1107,-578,-326060,122220,50400,111.0,0
14408,-125,-519,350,-293580,123410,35210,109.0,0
14423,1518,-1630,772,-308630,108010,22260,109.0,0
14441,265,-1647,1024,-164360,84140,35280,107.0,0
14456,-273,-1311,1613,-126910,34300,7560,107.0,0
14471,378,-1649,1220,-91000,2380,-6230,103.0,0
14486,271,-1723,1319,15960,-41790,-8260,100.0,0
14501,446,-1626,1132,60410,-80430,-11060,100.0,0
14511,524,-1668,1103,93310,-98490,-9730,100.0,0
14526,427,-1448,808,140350,-113820,-9310,103.0,0
14541,394,-1019,313,216930,-142590,-17780,103.0,0
14551,653,-885,121,248500,-156380,-22190,105.0,0
14566,1209,412,-867,273700,-171640,-27370,106.0,0
14581,-84,-831,-610,2030,-173740,-52640,107.0,0
14596,666,-1461,-1042,63980,-162960,-64540,107.0,0
14606,783,540,903,162680,-147560,-67900,109.0,0
14621,1007,-911,-1022,178360,-146510,-68390,109.0,0
14636,244,97,-699,237720,-114940,-65730,109.0,0
14646,755,264,-1042,327040,-91700,-56700,111.0,0
14661,889,426,-1778,375060,-63070,-44660,109.0,0
14676,832,1834,-1997,197260,-48300,-27790,109.0,0
14694,281,-196,-1824,113190,-9940,9310,109.0,0
14709,987,1048,-858,87570,17570,26950,107.0,0
14724,1730,1413,-824,29400,71820,54530,109.0,0
14739,901,-73,-985,-2240,88270,66290,109.0,0
14754,618,34,-744,-68740,121380,78050,109.0,0
14764,757,166,-546,-103530,135520,82390,112.0,0
14779,889,244,-655,-135450,148400,90720,110.0,0
14794,1195,155,-233,-206080,171500,90090,110.0,0
14804,811,-80,-307,-237160,178990,91560,110.0,0
14819,576,-224,-615,-271320,180600,92260,113.0,0
14834,1405,1396,-994,-168630,174510,51590,113.0,0
14844,784,-164,-178,-174300,162400,68250,109.0,0
14859,-138,-829,-11,-204050,156590,46970,105.0,0
14874,21,-20,42,-209790,152600,30590,105.0,0
14884,1265,-1193,1098,-220010,146650,26880,109.0,0
14899,191,-792,1320,-234010,129010,30940,110.0,0
14914,-12,-975,831,-233800,84840,5110,110.0,0
14924,-55,-1085,1315,-230580,55160,-12880,113.0,0
14939,42,-1240,1936,-210560,19670,-24710,107.0,0
14963,1,-1590,1649,-121380,-61320,-34930,109.0,0
14978,406,-923,809,-93310,-85120,-43610,111.0,0
14993,552,-864,440,-32270,-123970,-52570,111.0,0
15003,428,-946,279,490,-139650,-55160,111.0,0
15018,391,-1165,139,31360,-152320,-58800,110.0,0
15033,485,-861,-320,89110,-171920,-66500,109.0,0
15048,1566,-1442,-945,116480,-184940,-86730,109.0,0
15058,1138,1752,1786,178710,-192360,-86030,109.0,0
15092,1186,1478,-1769,357420,-180390,-74060,112.0,0
15107,1221,838,-1436,411460,-153440,-39410,112.0,0
15122,1033,853,-1808,439810,-135170,-22890,113.0,0
15137,1027,772,-1616,444850,-95130,12600,107.0,0
15152,1231,749,-1289,425180,-71330,29820,107.0,0
15162,1304,1168,-1645,403970,-42910,45780,110.0,0
15177,1702,644,-552,355530,17780,64890,116.0,0
15192,1360,1670,722,251230,26880,40810,130.0,0
15211,1334,1251,177,-46060,37170,11900,130.0,0
15221,1377,992,10,-178850,44170,4620,147.0,0
15236,1124,288,122,-306530,53900,490,147.0,0
15251,1303,232,-202,-323190,61110,-3990,153.0,0
15266,1186,225,149,-319620,66640,-7770,153.0,0
15276,1478,-204,-399,-315910,67900,-8540,159.0,0
15290,1216,103,-283,-260260,84000,-2520,163.0,0
15305,1062,-446,-340,-206150,90580,2310,163.0,0
15315,867,-319,-20,-146510,99190,4970,166.0,0
15330,710,-282,-108,-52990,110810,6370,168.0,0
15345,466,5,4,-27650,115640,2380,168.0,0
15355,456,83,-186,-15330,119070,-1750,166.0,0
15370,481,134,36,-19110,128590,-6510,170.0,0
15385,568,31,-11,-28560,130900,-18340,170.0,0
15395,680,91,-20,-50680,131460,-23940,169.0,0
15410,947,33,54,-62160,130340,-29610,168.0,0
15425,1063,-30,161,-85330,126210,-41930,168.0,0
15435,1142,-39,226,-94500,121870,-47810,167.0,0
15450,1222,-122,216,-98000,117320,-52640,168.0,0
15472,1206,-121,264,-75110,103110,-63070,169.0,0
15487,1188,-197,180,-57260,98980,-64750,172.0,0
15502,1125,-167,209,-18830,89390,-68670,172.0,0
15512,1080,-147,266,-3850,83930,-71120,177.0,0
15527,961,-84,247,7140,77700,-73780,181.0,0
15542,909,-29,245,22050,64890,-78610,181.0,0
15552,847,-57,222,28700,58520,-80220,184.0,0
15567,805,-3,171,37170,47110,-81410,187.0,0
15582,828,12,135,56070,41300,-81200,187.0,0
15592,813,89,162,64820,36400,-80500,188.0,0
15607,796,68,118,76020,27510,-77350,191.0,0
15622,800,128,184,77630,23030,-74970,191.0,0
15632,812,127,134,77770,17920,-73220,197.0,0
15647,762,95,201,75320,7700,-70980,194.0,0
15662,808,153,166,73570,2030,-68250,194.0,0
15672,784,104,152,72310,-3010,-66430,194.0,0
15687,849,84,144,71820,-12040,-64400,196.0,0
15702,876,189,99,72940,-19390,-58240,196.0,0
15716,930,116,-9,81830,-21420,-53900,193.0,0
15731,925,160,28,92400,-23380,-45570,193.0,0
15746,928,194,-19,95690,-23520,-41300,191.0,0
15761,898,70,75,98000,-25830,-34720,191.0,0
15771,929,99,73,98770,-26460,-31290,187.0,0
15786,835,178,46,96110,-28210,-26250,185.0,0
15801,862,117,98,78610,-31850,-23240,185.0,0
15811,849,173,29,68110,-33950,-21840,183.0,0
15826,925,35,46,58800,-35280,-17710,178.0,0
15841,918,124,4,44170,-35910,-16100,178.0,0
15851,975,44,-17,38290,-35840,-12880,172.0,0
15866,1003,33,-57,24990,-33950,-7980,169.0,0
15881,1047,47,-31,14350,-33320,-4900,169.0,0
15891,946,97,-103,2800,-31780,-2800,164.0,0
15906,851,125,-79,-21070,-28000,3080,155.0,0
15921,1643,1301,612,-27860,-24290,2730,152.0,0
15936,809,1104,-282,-203630,-36820,29750,152.0,0
15946,-197,-339,1547,-163030,-43540,58310,149.0,0
15961,618,1045,157,-168070,-36470,49350,149.0,0
15984,763,592,-570,-94080,-26250,70070,147.0,0
15999,705,34,652,-60060,-15050,84490,147.0,0
16009,1006,174,-108,-49420,-9940,90160,144.0,0
16024,901,-34,415,-16450,-6370,94920,143.0,0
16039,876,260,-57,-1190,-1820,95970,138.0,0
16054,976,9,116,-1540,-2240,93380,138.0,0
16064,965,6,178,0,-2100,90440,137.0,0
16088,916,-41,517,-17360,-12250,70560,135.0,0
16103,780,-248,711,-32060,-22680,58450,135.0,0
16118,660,-325,1070,-69720,-55300,26460,130.0,0
16133,650,-554,980,-85960,-73920,-8820,130.0,0
16143,707,-979,1087,-95340,-91840,-23310,127.0,0
16158,1309,-1160,790,-70840,-114170,-28630,123.0,0
16173,1132,-1202,586,-6930,-111720,-41510,123.0,0
16183,1334,-436,107,38990,-102060,-42560,119.0,0
16198,852,-425,785,125020,-89600,-46900,124.0,0
16213,428,-570,321,228900,-76370,-49140,124.0,0
16231,999,-673,-210,324730,-64190,-54810,126.0,0
16246,906,-218,-240,347200,-62860,-57190,123.0,0
16261,851,-122,-470,384650,-56630,-57750,125.0,0
16276,815,113,-809,397320,-53200,-53760,126.0,0
16291,676,178,-1318,427910,-37100,-42700,126.0,0
16301,660,495,-1100,443590,-23800,-33180,125.0,0
16316,883,103,-825,441280,-14140,-17990,128.0,0
16331,1012,72,-1173,390040,-10150,-11760,128.0,0
16341,837,384,-1357,345380,-5460,-4760,123.0,0
16356,870,416,-1852,244090,8750,10570,122.0,0
16371,756,1533,-1997,137690,8680,13370,122.0,0
16381,489,84,-1887,-18340,7980,24150,125.0,0
16396,1350,-148,-844,-53690,49140,45990,119.0,0
16411,1302,366,-251,-68880,70840,60760,119.0,0
16421,1054,-371,-1011,-116900,88130,69090,122.0,0
16436,726,132,-1007,-231770,117880,73850,118.0,0
16451,830,96,-911,-282100,140350,86730,118.0,0
16461,941,121,-728,-340900,150850,93380,115.0,0
16476,1033,96,-637,-358610,160230,99750,115.0,0
16497,1085,271,-383,-392490,175630,98910,117.0,0
16512,1817,1556,-1278,-299600,162610,69650,118.0,0
16527,947,20,-289,-237020,160510,73500,118.0,0
16537,-49,-1670,-441,-238700,156870,54390,130.0,0
16552,853,-751,596,-271250,151410,46830,136.0,0
16567,921,-562,-309,-260750,142940,51590,136.0,0
16577,520,-360,-210,-256410,129430,43330,145.0,0
16592,208,-1260,793,-248150,113960,31710,152.0,0
16607,44,-1459,1383,-226800,77840,8890,152.0,0
16617,58,-1558,1449,-208810,56980,-1960,153.0,0
16632,98,-1507,1314,-185080,34300,-21560,153.0,0
16647,341,-1392,1069,-121310,-14490,-29960,153.0,0
16657,350,-1356,887,-85120,-36960,-36540,152.0,0
16672,363,-1336,743,-47950,-76510,-46620,150.0,0
16687,285,-1313,729,24920,-94990,-50890,150.0,0
16697,260,-1295,644,60200,-113400,-55020,142.0,0
16712,252,-1222,509,126980,-149730,-62510,137.0,0
16727,284,-1179,65,158550,-166600,-66220,137.0,0
16745,761,-941,-785,225260,-195300,-75390,118.0,0
16760,1547,-1319,-1154,335510,-198940,-100800,118.0,0
16775,1250,1076,35,328230,-201460,-107030,114.0,0
16790,253,1353,-1786,512400,-172830,-81060,119.0,0
16805,1376,1563,-1856,505960,-170170,-35910,119.0,0
16815,1100,492,-302,500570,-151270,-21490,124.0,0
16830,1144,918,-1705,485240,-121590,-8050,127.0,0
16845,699,350,-981,448420,-84910,14070,127.0,0
16855,1005,-688,-420,372120,-67200,14070,131.0,0
16870,1048,143,-1161,322420,-46130,15610,134.0,0
16885,845,-122,-1212,201390,7140,20720,134.0,0
16895,832,-251,-1085,144130,32060,23310,136.0,0
16910,876,-140,-1004,86310,55650,25620,133.0,0
16925,935,-155,-783,-26670,101080,29050,133.0,0
16935,941,-71,-698,-81760,122430,30660,133.0,0
16950,867,-161,-777,-135240,161000,35560,130.0,0
16965,914,27,-679,-234010,178990,38290,130.0,0
16980,922,3,-576,-327810,209020,47950,130.0,0
16998,1993,-584,765,-363930,213920,19740,133.0,0
17013,1671,1327,-1200,-265930,216090,14280,134.0,0
17028,88,-986,-77,-338800,221270,9940,142.0,0
17043,175,-121,-796,-365330,220500,-3500,142.0,0
17053,457,-875,379,-376810,222250,-2800,150.0,0
17068,618,-695,460,-392700,201670,-17500,151.0,0
17090,1317,-883,1378,-396970,150360,-38010,159.0,0
17105,971,-921,1661,-321160,70630,-50050,162.0,0
17120,1052,-1261,1312,-223160,35490,-47880,162.0,0
17130,922,-1279,1049,-103320,5950,-46900,169.0,0
17145,893,-1237,678,152950,-33460,-43890,179.0,0
17160,395,-852,325,258860,-48300,-43260,179.0,0
17170,291,-660,335,336140,-61460,-47600,181.0,0
17185,303,3,144,407680,-86940,-48370,181.0,0
17200,395,0,-73,415590,-102340,-45220,181.0,0
17210,411,288,-85,412370,-106260,-41720,185.0,0
17225,649,288,-314,390180,-107870,-37240,181.0,0
17240,702,681,-309,359450,-99330,-24920,181.0,0
17254,815,494,-343,338450,-91630,-20160,179.0,0
17269,841,576,-311,282450,-75250,-19180,183.0,0
17284,775,951,26,237020,-67550,-20720,181.0,0
17299,988,1098,-117,93450,-58870,-34650,181.0,0
17309,1049,479,-16,28980,-52990,-38710,177.0,0
17324,1173,662,-252,-19250,-46900,-49210,179.0,0
17339,1234,322,-275,-69930,-29190,-52360,179.0,0
17349,1276,447,-167,-84910,-19460,-55440,178.0,0
17364,1332,347,-229,-125440,-1820,-60270,178.0,0
17379,1384,411,-109,-155400,4900,-62860,179.0,0
17394,1408,327,-54,-206920,16660,-66990,179.0,0
17404,1373,266,-111,-220640,21490,-67690,183.0,0
17419,1208,141,35,-225610,26250,-67410,187.0,0
17434,1177,94,-94,-225400,33110,-65030,187.0,0
17444,1091,-101,154,-223930,36400,-65030,189.0,0
17459,1005,187,118,-221340,35980,-62160,190.0,0
17474,987,-109,102,-203140,38080,-57820,190.0,0
17484,900,-51,11,-182350,39480,-54810,196.0,0
17499,868,-241,25,-115640,42910,-45850,199.0,0
17521,633,-186,181,-52500,43120,-42210,204.0,0
17536,586,-124,160,-32620,39620,-43330,204.0,0
17546,526,-79,221,-20790,36820,-44800,203.0,0
17561,594,-32,176,-13020,34090,-46340,209.0,0
17576,667,-13,226,-10710,28700,-47810,205.0,0
17591,867,3,180,-8750,26040,-47810,205.0,0
17601,963,41,137,-4830,24080,-46900,204.0,0
17616,1029,109,131,8610,21420,-41090,202.0,0
17631,1092,134,92,13160,20300,-34020,202.0,0
17641,1122,188,143,16240,19600,-30520,203.0,0
17656,1129,131,75,18970,16660,-28070,202.0,0
17671,1125,128,150,19180,14630,-22820,202.0,0
17681,1091,259,95,14140,13720,-19390,200.0,0
17696,1092,38,237,8610,12040,-18130,198.0,0
17711,1101,44,223,-8330,4900,-18970,198.0,0
17721,1085,188,198,-16030,1190,-16730,196.0,0
17736,1061,91,182,-21420,-2310,-14560,196.0,0
17751,1064,8,106,-22960,-7140,-8260,196.0,0
17769,1031,29,75,-12670,-9870,-700,193.0,0
17784,939,9,49,-3710,-10710,4060,193.0,0
17799,908,1,61,13860,-12250,14000,192.0,0
17814,772,62,56,17780,-13090,21770,187.0,0
17829,612,34,60,14210,-15400,24780,187.0,0
17839,526,69,12,9030,-16450,27090,179.0,0
17854,435,53,-3,-3010,-17080,31570,177.0,0
17869,312,2,-24,-10150,-17360,33110,177.0,0
17879,310,-25,51,-19950,-17640,32900,163.0,0
17894,330,-40,-74,-45780,-22050,28560,158.0,0
17909,1251,803,505,-74270,-21840,21700,158.0,0
17919,-507,305,-333,-198450,-14630,33390,148.0,0
17934,842,-126,695,-112910,-51170,62160,150.0,0
17949,445,426,817,-117670,-60060,45920,150.0,0
17959,620,212,406,-123340,-68600,42070,149.0,0
17974,497,125,825,-138810,-82950,30520,145.0,0
17989,624,-120,803,-155820,-113680,9590,145.0,0
17999,639,-425,867,-163590,-129710,-5250,140.0,0
18014,874,-552,547,-162190,-143570,-21210,136.0,0
18036,996,-836,410,-115010,-152670,-44590,131.0,0
18051,1245,-985,117,-80430,-146790,-47670,125.0,0
18066,1207,-1092,156,7770,-129150,-48930,125.0,0
18076,1960,471,767,65240,-107800,-43960,127.0,0
18100,556,-615,-349,213290,-94290,-36050,129.0,0
18115,1218,587,-251,260120,-72450,-44730,129.0,0
18130,854,-173,-599,304780,-63350,-40320,129.0,0
18145,836,228,-722,368550,-44590,-36750,129.0,0
18155,911,146,-774,391370,-32970,-30450,127.0,0
18170,831,353,-1188,413840,-8820,-14770,128.0,0
18185,791,469,-1810,457310,9100,-4900,128.0,0
18195,725,847,-1712,483420,33530,8960,127.0,0
18210,855,533,-1360,465990,66920,28560,121.0,0
18225,1272,-96,-1458,432320,80080,32410,121.0,0
18235,1567,190,-1823,372750,90790,32270,117.0,0
18250,-100,45,-1357,4760,88480,16870,119.0,0
18265,1069,-1977,-1459,-38080,106260,29260,119.0,0
18281,747,805,-1443,-60900,134050,26600,111.0,0
18296,1133,-201,-1536,-144130,150080,23940,111.0,0
18311,789,-119,-1039,-191240,152390,20020,113.0,0
18326,822,43,-458,-273490,154490,15120,117.0,0
18341,1997,724,317,-279580,147630,7980,117.0,0
18351,856,1100,-462,-211400,147350,-6580,119.0,0
18366,833,-463,-255,-247380,140140,-16520,128.0,0
18381,501,-676,531,-272930,113400,-37660,128.0,0
18391,91,-196,444,-288610,93660,-43540,129.0,0
18406,228,-140,1502,-334390,67970,-50260,134.0,0
18421,187,-48,1531,-371910,8680,-61460,134.0,0
18431,-122,190,1770,-387800,-24640,-61600,134.0,0
18446,359,-362,1516,-393190,-57400,-63000,132.0,0
18461,560,-567,1227,-354270,-98420,-58030,132.0,0
18471,625,-1319,1141,-312480,-114940,-55510,131.0,0
18486,750,-1529,1114,-264810,-124530,-56420,127.0,0
18501,851,-1927,959,-141960,-134120,-56910,127.0,0
18511,822,-1959,898,-71260,-135940,-57190,123.0,0
18526,880,-1973,739,96110,-134820,-53410,118.0,0
18549,151,-61,835,199150,-129080,-70140,117.0,0
18564,595,-1596,259,263690,-128660,-72520,116.0,0
18579,307,409,-360,353990,-130340,-70210,116.0,0
18589,606,-494,-633,393610,-134050,-68180,120.0,0
18604,698,-229,-505,481600,-118020,-54390,121.0,0
18619,610,-156,-1323,515480,-98840,-39900,121.0,0
18629,636,-12,-1699,550900,-75740,-24080,120.0,0
18644,1521,639,-1965,260820,-86450,-20440,120.0,0
18659,276,-1479,-41,195510,-63000,13510,120.0,0
18669,1056,-81,-1708,188930,-19250,31220,123.0,0
18684,1201,185,-553,129640,-700,39480,125.0,0
18699,1427,250,-682,77980,41440,43470,126.0,0
18714,806,-335,-1173,42910,55930,43750,126.0,0
18724,677,-224,-1067,7140,72870,42280,125.0,0
18739,716,-529,-896,-59500,101920,39970,124.0,0
18754,869,-111,-737,-87640,115430,38780,124.0,0
18764,812,-165,-573,-113680,128030,39200,122.0,0
18779,921,-212,-660,-156870,148050,41230,122.0,0
18802,1066,263,-282,-199850,166600,42350,121.0,0
18817,1041,-318,-456,-258370,180670,47110,123.0,0
18832,1618,-1268,1005,-285040,183050,19040,123.0,0
18842,1968,1877,-113,-206780,165620,25130,121.0,0
18857,-226,-204,257,-195440,171640,26040,131.0,0
18872,40,-1191,245,-237370,164430,15120,131.0,0
18882,692,-950,916,-247730,160370,12810,138.0,0
18897,839,-50,84,-243460,146230,14280,146.0,0
18912,497,-193,1513,-252210,108710,5600,146.0,0
18922,96,-780,1950,-249200,80640,-2730,150.0,0
18937,-312,-1176,1987,-241570,45990,-18340,147.0,0
18952,-65,-564,1967,-200620,-21490,-22610,147.0,0
18962,363,-902,914,-176540,-54250,-27230,144.0,0
18977,549,-686,881,-152320,-97020,-38290,143.0,0
18992,460,-1180,113,-84700,-114310,-36680,143.0,0
19002,443,-1216,315,-44450,-128380,-38850,134.0,0
19017,501,-1321,-193,47110,-152950,-38500,129.0,0
19032,700,-1154,-488,95340,-163100,-38150,129.0,0
19046,884,-1011,-1158,201600,-184870,-35700,123.0,0
19061,1694,1994,1279,264250,-165200,-57820,116.0,0
19076,1169,-1899,-1903,335790,-180670,-49070,122.0,0
19104,1521,1690,-381,458640,-145810,-26250,126.0,0
19119,1073,178,-1377,455000,-130480,-17220,127.0,0
19134,904,182,-1394,448420,-92330,2660,127.0,0
19149,1059,216,-1261,431410,-72240,20790,127.0,0
19159,1101,227,-1407,410480,-24080,27580,129.0,0
19174,990,-265,-882,353640,-2730,33110,133.0,0
19189,915,-412,-710,296520,38080,25830,133.0,0
19199,860,-200,-1156,256690,60410,21560,135.0,0
19214,760,-437,-674,213430,81270,16660,134.0,0
19229,773,-351,407,124880,117320,6300,134.0,0
19239,1417,-576,-840,-2520,122220,-1750,136.0,0
19254,1485,1262,268,-37240,148610,-15470,135.0,0
19269,798,74,-320,-117670,172340,-21350,135.0,0
19279,555,10,381,-180110,189000,-28630,142.0,0
19294,1049,29,-216,-225120,211260,-42490,146.0,0
19313,968,167,-166,-316330,223300,-51170,152.0,0
19328,724,-224,-25,-384300,226100,-53410,152.0,0
19338,389,-716,686,-407820,221970,-55440,161.0,0
19353,614,-664,134,-430780,192220,-60130,164.0,0
19368,1016,-797,1214,-438410,164920,-66430,164.0,0
19378,754,-315,922,-439180,134190,-71820,165.0,0
19393,671,-450,1171,-424620,78540,-62790,172.0,0
19408,404,-44,1143,-405020,47110,-52640,175.0,0
19423,432,-418,845,-288960,-11060,-46200,175.0,0
19433,268,-1127,887,-204050,-31710,-39550,175.0,0
19448,259,-1025,441,-12600,-63980,-40600,171.0,0
19463,213,-997,394,80780,-74480,-42840,171.0,0
19473,154,-958,183,164990,-83510,-44870,172.0,0
19488,121,-803,183,293720,-100870,-49070,163.0,0
19503,228,-524,95,334390,-110040,-50960,163.0,0
19513,346,-370,37,360500,-119210,-52080,156.0,0
19528,525,-132,-129,382200,-135380,-49910,148.0,0
19543,921,-33,-218,383460,-141610,-39620,148.0,0
19553,1206,-27,-305,381500,-140350,-34160,137.0,0
19575,1610,223,-475,365960,-129150,-19600,131.0,0
19590,1997,173,-336,336630,-123340,-910,125.0,0
19605,1320,-14,-18,217980,-98280,11410,124.0,0
19620,1618,-1134,-571,206640,-57610,30100,124.0,0
19630,514,171,287,243250,-59850,25620,123.0,0
19645,1080,554,-338,119420,-46550,17780,130.0,0
19660,981,372,141,11340,-32620,9240,130.0,0
19670,1143,174,-581,-25970,-21840,3780,125.0,0
19685,1164,43,-302,-52640,-12950,-1610,127.0,0
19700,1260,-99,-282,-73080,10010,-7490,127.0,0
19710,1296,1,-322,-75250,19460,-9800,130.0,0
19725,1385,-54,-280,-76440,28560,-11970,129.0,0
19740,1260,55,-53,-88410,40740,-13510,129.0,0
19750,1163,53,0,-102970,43120,-15120,134.0,0
19765,1061,22,104,-138530,41790,-19320,135.0,0
19780,1049,42,65,-154000,40110,-20370,135.0,0
19790,1011,2,111,-164710,38570,-20510,137.0,0
19805,979,-44,127,-172620,33880,-20860,142.0,0
19829,809,-69,150,-171850,27230,-22610,145.0,0
19844,815,-124,274,-169260,18270,-25410,148.0,0
19859,926,-96,218,-167300,12530,-28560,148.0,0
19869,945,-108,260,-164150,7350,-29470,147.0,0
19884,969,-98,198,-156170,-2520,-30100,153.0,0
19899,952,-230,159,-152110,-9240,-33810,153.0,0
19909,996,-150,146,-135380,-9870,-34580,152.0,0
19924,1058,-294,11,-113050,-7280,-32550,155.0,0
19939,1016,-298,-214,-40740,1330,-25620,155.0,0
19949,936,-363,-161,-1260,6930,-22330,154.0,0
19964,819,-273,-230,34230,12110,-19320,159.0,0
19979,769,-150,-71,83580,18690,-14560,159.0,0
19989,768,-87,-99,96110,19880,-13020,158.0,0
20004,642,-87,168,103320,16030,-11480,160.0,0
20019,608,32,42,108920,13510,-12180,156.0,0
20034,594,-87,104,105140,7560,-10850,156.0,0
20044,623,-103,-36,101500,5740,-11550,155.0,0
20059,503,-64,14,96460,2870,-10850,152.0,0
20078,441,19,48,84140,0,-10290,142.0,0
20113,622,-91,228,32690,-13020,-14420,129.0,0
20128,958,-163,207,20370,-17990,-18480,129.0,0
20143,1085,-216,266,14560,-29190,-18760,118.0,0
20158,1705,-325,406,36260,-24500,73570,112.0,0
20173,-119,1172,-707,140980,-47810,15330,112.0,0
20183,1117,-398,280,115920,-31780,51450,111.0,0
20198,837,1121,-747,-7070,-66360,27790,114.0,0
20213,858,-452,442,4200,-55580,26180,114.0,0
20223,863,-437,-273,5950,-60130,17150,112.0,0
20238,1059,-467,-522,770,-50190,4480,116.0,0
20253,1018,-138,-217,-1610,-46060,-2940,116.0,0
20263,984,-47,-735,-2170,-39200,-4060,115.0,0
20278,942,-16,-1085,-9240,-15960,-4130,116.0,0
20293,947,97,-1255,-12950,16660,-1890,116.0,0
20303,999,230,-1268,-26810,34720,1540,114.0,0
20318,1087,231,-1074,-35420,52780,5250,116.0,0
20340,1159,414,-1008,-54110,105700,14420,114.0,0
20355,936,114,-636,-95200,121450,20510,116.0,0
20370,1610,-918,400,-90720,140000,140,116.0,0
20380,1980,1766,-1006,-114170,148190,8820,113.0,0
20395,711,507,482,-153440,154490,9030,122.0,0
20410,612,-178,961,-215670,159740,1610,122.0,0
20420,544,127,702,-244720,155470,-5460,128.0,0
20435,682,85,783,-264110,148330,-7980,134.0,0
20450,611,-171,982,-298550,124040,-13930,134.0,0
20460,393,-409,1361,-304080,107730,-16660,139.0,0
20475,211,-544,1369,-302540,62300,-24500,146.0,0
20490,229,-620,1394,-272510,39690,-27650,146.0,0
20500,349,-525,1553,-251160,15680,-28000,147.0,0
20515,457,-1066,855,-196070,-28280,-39340,149.0,0
20530,392,-1185,526,-167370,-45920,-44380,149.0,0
20540,525,-1369,406,-129780,-60690,-50610,142.0,0
20555,529,-1332,-50,-50540,-82040,-62230,138.0,0
20570,750,-1308,-238,-7420,-89320,-67480,134.0,0
20589,714,-1310,-380,86590,-99260,-67550,134.0,0
20599,811,-1257,-537,142870,-103320,-65170,131.0,0
20614,1176,-640,1479,162960,-89670,-57750,126.0,0
20629,188,-1052,-464,219030,-67200,-43470,121.0,0
20644,1209,-1129,-1114,332920,-63140,-33670,121.0,0
20654,1065,-346,-1013,381220,-53060,-19880,120.0,0
20669,1193,-324,-711,485730,-21910,13650,119.0,0
20684,1464,55,-1789,518420,-4270,30100,119.0,0
20694,1616,549,-1960,536130,12670,44660,117.0,0
20709,1044,66,-1997,524440,52080,68460,115.0,0
20724,1905,-669,-1163,525840,70980,70910,115.0,0
20734,1290,1483,-1741,454650,79520,50050,117.0,0
20749,1081,1896,-1435,154840,77280,34300,119.0,0
20764,912,1748,-1134,6510,96460,-3220,119.0,0
20774,1513,1413,124,-50400,110670,-8050,124.0,0
20789,1357,-112,-1299,-65380,122500,-10010,129.0,0
20804,1680,127,-546,-112280,133000,-22330,129.0,0
20814,1153,807,-663,-147700,137060,-31220,134.0,0
20829,936,133,-576,-186410,139930,-44870,143.0,0
20852,715,-22,-239,-280770,141470,-56490,149.0,0
20867,633,-133,-236,-309400,139790,-61320,154.0,0
20882,660,-366,-243,-358330,135310,-67410,154.0,0
20892,681,-443,-158,-380240,132790,-70560,159.0,0
20907,748,-839,312,-402150,125090,-75740,165.0,0
20922,17,-736,1094,-242060,140280,-69650,165.0,0
20932,500,-325,-76,-246400,115500,-74900,168.0,0
20947,592,-881,1830,-265230,64960,-98280,177.0,0
20962,195,-264,1441,-264320,36120,-105000,177.0,0
20972,442,-310,871,-260820,6580,-107310,176.0,0
20987,803,-1041,1146,-219800,-34720,-115500,175.0,0
21002,1154,-736,127,-143640,-48160,-118230,175.0,0
21012,1076,-1194,493,-60620,-53690,-98770,171.0,0
21027,1069,119,70,299950,-64540,-87150,168.0,0
21042,490,-941,256,359240,-89250,-85680,168.0,0
21052,803,101,42,427350,-102060,-81200,169.0,0
21067,712,75,63,435540,-116340,-80010,168.0,0
21082,1024,107,81,432670,-141330,-64610,165.0,0
21114,1147,403,61,378980,-159390,-41370,163.0,0
21129,1223,520,88,271810,-167440,-31710,160.0,0
21144,1399,806,44,200760,-168280,-27860,166.0,0
21159,1401,802,-23,49560,-167020,-24290,166.0,0
21169,1372,787,-73,-21070,-163660,-24920,169.0,0
21184,1215,624,-243,-84070,-158340,-26810,178.0,0
21199,1124,456,-366,-179620,-139440,-33110,178.0,0
21209,928,368,-506,-212730,-127610,-36960,186.0,0
21224,865,344,-448,-236250,-100940,-42560,196.0,0
21239,844,234,-441,-261450,-87640,-44100,196.0,0
21249,859,186,-372,-265930,-75250,-44660,202.0,0
21264,928,189,-310,-267540,-55720,-43610,215.0,0
21279,1040,219,-142,-267120,-49280,-42210,212.0,0
21294,1083,162,82,-266210,-42560,-37660,212.0,0
21304,1120,217,87,-266420,-42700,-34580,221.0,0
21319,1082,218,159,-266140,-43890,-28000,223.0,0
21334,970,161,171,-262500,-49420,-24360,223.0,0
21352,874,208,170,-256130,-57260,-20300,231.0,0
21367,789,122,192,-253190,-60760,-17990,232.0,0
21382,751,61,100,-247520,-64890,-17640,239.0,0
21397,759,-55,149,-244230,-68250,-21070,239.0,0
21407,719,258,195,-239610,-70280,-20090,240.0,0
21422,810,75,198,-229460,-69790,-21000,245.0,0
21437,829,61,94,-220430,-71680,-22610,245.0,0
21452,908,61,183,-216230,-72380,-23380,245.0,0
21462,954,53,107,-211960,-73430,-23940,248.0,0
21477,973,73,150,-202090,-74690,-24570,241.0,0
21492,1037,85,134,-196560,-75250,-22890,241.0,0
21502,1076,86,141,-191590,-75530,-21840,238.0,0
21517,1118,142,219,-185150,-74760,-19810,245.0,0
21532,1137,108,130,-179620,-75950,-15820,245.0,0
21542,1102,158,97,-178640,-76160,-12670,243.0,0
21557,1153,89,109,-183470,-79100,-10780,244.0,0
21572,1092,257,105,-185990,-80920,-7000,244.0,0
21582,1144,83,129,-183190,-81200,-5460,243.0,0
21597,1141,146,125,-179060,-81340,-3150,241.0,0
21618,1088,161,142,-168630,-80710,3220,241.0,0
21633,1031,163,145,-163520,-80220,4620,240.0,0
21648,1013,155,89,-163030,-80290,6510,240.0,0
21658,980,155,81,-163240,-79800,7210,244.0,0
21673,964,192,35,-163590,-79170,7980,241.0,0
21688,936,200,-8,-165690,-76790,9520,241.0,0
21698,898,225,-21,-168210,-74900,9870,241.0,0
21713,872,209,-34,-171710,-72730,9310,236.0,0
21728,860,221,1,-181090,-68670,8610,236.0,0
21738,856,228,34,-187110,-67480,7210,239.0,0
21753,849,284,-8,-202160,-65590,3710,233.0,0
21768,802,268,51,-211400,-64960,1540,233.0,0
21778,790,297,21,-221270,-64890,-1470,231.0,0
21793,777,259,91,-237370,-65590,-8050,229.0,0
21808,820,183,-62,-240520,-65870,-12110,229.0,0
21818,802,238,7,-236950,-63980,-15050,224.0,0
21833,861,249,24,-225750,-61320,-20300,225.0,0
21848,942,201,10,-219450,-57750,-25060,225.0,0
21866,1005,230,83,-214620,-56910,-28490,217.0,0
21881,1025,162,159,-209090,-56420,-35770,217.0,0
21896,1039,99,203,-201600,-57820,-42980,217.0,0
21911,1038,223,241,-180110,-58240,-46480,212.0,0
21926,1050,95,181,-149450,-59360,-46270,212.0,0
21936,1056,31,92,-132090,-58170,-46830,212.0,0
21951,1045,77,200,-114450,-58380,-46060,209.0,0
21966,1033,42,169,-77700,-57330,-43120,209.0,0
21976,1006,25,191,-58380,-57190,-41230,207.0,0
21991,952,36,170,-39410,-57540,-39270,204.0,0
22006,914,32,146,-8050,-57470,-35000,204.0,0
22016,901,73,185,4830,-57330,-32550,201.0,0
22031,918,111,198,13580,-58590,-26670,200.0,0
22046,902,130,144,19670,-58730,-22890,200.0,0
22056,885,146,33,20930,-57750,-19040,195.0,0
22071,828,107,118,22470,-53410,-11270,188.0,0
22086,782,233,163,20440,-51520,-6860,184.0,0
22108,873,214,142,5040,-48090,1330,177.0,0
22131,1066,153,150,-31220,-46200,3990,171.0,0
22146,1145,1,94,-37030,-42000,8540,162.0,0
22161,1296,-10,9,-34860,-38640,11620,162.0,0
22171,1292,70,110,-29260,-34650,14770,156.0,0
22186,1319,54,12,-24080,-27580,21630,150.0,0
22201,1213,145,-15,-26810,-23730,24710,150.0,0
22211,1169,151,20,-32970,-19600,27580,146.0,0
22226,1143,154,-33,-52430,-11830,31570,141.0,0
22241,1083,156,-65,-63210,-7840,34300,141.0,0
22251,1072,131,-73,-74270,-3920,35070,136.0,0
22266,1766,1190,1093,-95060,4690,32970,132.0,0
22281,165,-34,857,-209580,32200,17290,132.0,0
22291,321,857,130,-209020,33600,36610,133.0,0
22306,927,-650,146,-194880,39480,41020,138.0,0
22321,618,68,187,-198310,32270,33110,138.0,0
22331,924,221,334,-193340,32900,31850,138.0,0
22346,775,-290,259,-195020,28840,26740,139.0,0
22361,990,-152,262,-184170,25550,26530,139.0,0
22375,860,-104,211,-176960,25410,28140,139.0,0
22390,908,-244,322,-159390,25340,29120,146.0,0
22405,914,-119,216,-153230,23170,28770,142.0,0
22420,842,-209,459,-136010,20930,28420,142.0,0
22430,788,-249,641,-128100,17220,27650,146.0,0
22445,647,-309,999,-121590,-2030,19810,145.0,0
22460,408,-477,1549,-127120,-18550,8750,145.0,0
22470,398,-411,1592,-138740,-40810,-6230,142.0,0
22485,510,-528,1245,-147420,-87360,-34020,144.0,0
22500,837,-1203,941,-139090,-104440,-47460,140.0,0
22515,799,-1260,813,-87080,-121170,-68810,140.0,0
22525,966,-1452,570,-45220,-120890,-72800,133.0,0
22540,1056,-1636,402,5950,-108850,-73010,131.0,0
22555,1224,-1397,380,129990,-98770,-69650,131.0,0
22565,1010,-1547,86,207900,-86660,-64400,128.0,0
22580,912,-1571,211,341530,-71610,-55930,126.0,0
22595,45,1854,328,339920,-60690,-84980,126.0,0
22605,-238,-1651,-1133,424480,-70210,-86240,128.0,0
22620,1351,-72,462,502740,-35910,-74130,129.0,0
22642,527,229,-1688,499590,-14840,-49350,131.0,0
22657,667,886,-1365,526610,16520,-30170,131.0,0
22667,728,712,-1547,507150,24570,-25690,128.0,0
22682,1117,28,-1576,483070,26600,-21770,126.0,0
22697,1045,399,-1968,368200,39410,-9590,123.0,0
22712,900,494,-1988,293020,47250,-630,123.0,0
22722,997,424,-1968,216090,66360,2800,123.0,0
22737,984,427,-1862,62650,76440,5460,123.0,0
22752,943,368,-1785,-75950,94010,9380,123.0,0
22762,889,335,-1562,-134330,100660,9590,124.0,0
22777,898,218,-1357,-183540,104580,9450,122.0,0
22792,892,209,-985,-272440,110880,9520,122.0,0
22802,795,131,-901,-309260,113050,12320,122.0,0
22817,746,-250,-597,-334880,115150,18830,123.0,0
22832,1690,1727,-214,-250110,114310,9940,123.0,0
22842,136,-431,-136,-241290,134960,1120,129.0,0
22857,785,-354,99,-235760,119140,-6230,135.0,0
22872,506,-6,219,-257810,110320,-8890,135.0,0
22890,459,-359,782,-270690,90020,-13160,144.0,0
22905,483,-326,978,-280700,54250,-23660,144.0,0
22920,192,-298,1523,-299670,31220,-28490,150.0,0
22935,206,-270,1735,-314510,-22050,-44940,149.0,0
22950,465,-860,1510,-301350,-44660,-47530,149.0,0
22960,524,-1076,1445,-276570,-63000,-49070,146.0,0
22975,683,-1294,1308,-181160,-86450,-45570,141.0,0
22990,728,-1613,1248,-119770,-91350,-37450,141.0,0
23000,732,-1660,1251,-55370,-94360,-33810,141.0,0
23015,695,-1568,1058,69370,-98910,-30030,136.0,0
23030,668,-1427,945,124600,-106470,-24430,136.0,0
23040,656,-1251,773,216510,-110530,-21980,130.0,0
23055,830,-745,745,255920,-113960,-20790,127.0,0
23070,700,-910,196,351610,-121870,-19740,127.0,0
23080,1184,-139,767,312200,-125300,-40670,122.0,0
23095,-165,-570,-435,319130,-143010,-62510,125.0,0
23119,980,-351,-140,436030,-101710,-35630,125.0,0
23134,466,370,-1604,464240,-86380,-20370,125.0,0
23155,930,-169,-1217,564690,-36890,910,125.0,0
23170,949,-673,-1518,590660,-15400,8890,118.0,0
23185,1636,987,-1788,287140,-35000,-13720,118.0,0
23195,-256,1062,-438,151620,-28910,15820,121.0,0
23210,800,-1405,-1781,162680,-14000,10010,122.0,0
23225,837,-323,342,79590,30450,15680,122.0,0
23235,1432,-24,-883,44870,51240,15680,120.0,0
23250,648,-203,-1140,-6650,72030,17150,121.0,0
23265,760,-131,-928,-119280,107030,16870,121.0,0
23275,891,-185,-731,-173180,122640,17150,119.0,0
23290,906,-74,-721,-268730,152040,20650,115.0,0
23305,977,-233,-1787,-277410,158550,25480,115.0,0
23315,1254,681,-1997,-220640,144200,21280,111.0,0
23330,579,337,62,-309540,144480,11410,117.0,0
23345,1033,-390,-1347,-357700,136990,8820,117.0,0
23355,1997,1172,592,-346430,134890,-10150,114.0,0
23370,76,-263,284,-275450,144900,-15610,121.0,0
23385,466,-373,-229,-311080,123970,-39060,121.0,0
23403,508,-236,46,-360080,107800,-40040,137.0,0
23418,336,-409,667,-367080,70630,-44450,137.0,0
23433,257,-544,1103,-381220,22610,-59360,138.0,0
23448,386,-307,1054,-405720,-5670,-64190,137.0,0
23463,411,-1156,888,-291130,-58100,-67900,137.0,0
23473,638,-740,666,-198240,-75880,-64820,136.0,0
23488,585,-1004,563,-103320,-95270,-63420,134.0,0
23503,578,-1389,358,104930,-118020,-55790,134.0,0
23513,434,-1036,415,214410,-127680,-52360,131.0,0
23528,537,-766,255,308980,-138810,-44520,126.0,0
23543,1006,434,-204,403410,-162330,-39900,126.0,0
23553,724,-447,1593,310590,-152040,-23870,120.0,0
23568,1388,1177,616,96880,-146930,-19460,119.0,0
23583,383,293,1104,17290,-114100,-9800,119.0,0
23593,1879,151,-1087,1960,-121380,-16590,123.0,0
23608,974,1487,-519,-19880,-80850,-8610,125.0,0
23623,1125,924,-831,-39690,-61810,-12250,128.0,0
23638,1052,1009,-110,-121800,-31920,-9520,128.0,0
23656,1165,1219,-752,-202790,-6160,-770,129.0,0
23671,1001,897,43,-213640,9730,6370,137.0,0
23686,1043,597,-58,-212380,31430,21280,137.0,0
23701,1216,466,-295,-206430,38640,34650,137.0,0
23711,1375,273,-264,-193200,47320,42770,139.0,0
23726,1312,-151,-182,-127820,63700,51800,145.0,0
23741,1261,13,14,-39130,74550,59360,152.0,0
23756,1278,-94,109,-2170,76860,59150,152.0,0
23766,1207,-105,217,26180,77770,56840,154.0,0
23781,1145,-155,194,65590,75880,46830,166.0,0
23796,1039,-143,240,82390,74340,41370,166.0,0
23806,968,-95,231,96740,71750,35420,172.0,0
23821,890,-74,211,114590,65170,23310,178.0,0
23836,727,-26,217,119630,61880,12390,178.0,0
23846,619,-25,240,122570,53900,7560,185.0,0
23861,491,66,188,123550,50050,3500,190.0,0
23876,393,139,192,121940,42630,-280,190.0,0
23886,372,110,114,120470,40110,-1120,194.0,0
23901,359,142,248,117250,36960,-2030,196.0,0
23924,369,187,170,100870,27370,-4550,194.0,0
23939,391,162,156,92890,24360,-6160,192.0,0
23954,379,11,-1345,122920,11130,-7210,192.0,0
23964,541,-1816,-398,234010,4270,-4200,189.0,0
23979,393,635,953,252000,1750,-5880,183.0,0
23994,684,723,456,174090,-18130,-17990,183.0,0
24004,862,438,305,124600,-25620,-23380,176.0,0
24019,1001,450,79,80640,-32550,-34790,171.0,0
24034,1451,295,-235,15820,-31150,-37240,171.0,0
24044,1576,260,9,-560,-25410,-38990,165.0,0
24059,1770,259,-268,-15330,-11690,-38360,160.0,0
24074,1803,233,-195,-18340,-2940,-35700,160.0,0
24084,1754,210,-270,-20370,5040,-33320,158.0,0
24099,1607,109,-279,-22050,19250,-29050,156.0,0
24122,1419,299,-179,-19390,34230,-24710,160.0,0
24137,1373,101,-243,-8330,47320,-12880,162.0,0
24152,1291,39,-296,-2380,53620,-3850,162.0,0
24168,1206,-37,-144,8680,59990,2800,163.0,0
24183,1072,282,35,7070,59150,12390,166.0,0
24198,935,108,54,140,55650,15820,174.0,0
24213,822,202,230,-17570,45990,20650,174.0,0
24223,750,39,221,-24500,39550,21350,178.0,0
24238,578,26,198,-28210,33460,22050,176.0,0
24253,502,9,238,-27650,22960,22120,180.0,0
24268,296,-4,179,-27020,17570,20580,180.0,0
24278,211,-16,210,-26880,8400,19180,176.0,0
24293,50,-50,152,-27580,5040,17920,174.0,0
24308,2,-67,142,-28980,-1680,13860,174.0,0
24318,3,-55,96,-29960,-4620,11830,168.0,0
24333,116,-198,161,-31360,-8540,8470,158.0,0
24348,189,-235,275,-29750,-20230,1050,158.0,0
24358,345,42,214,-49350,-29540,2310,144.0,0
24373,462,-34,-713,-210210,-83370,29050,141.0,0
24388,-350,-310,345,-78890,-79310,18060,141.0,0
24398,-313,469,-166,-95270,-87430,-210,136.0,0
24413,1294,155,905,-66150,-89740,1050,137.0,0
24436,1431,-1102,217,-51660,-97650,-8540,131.0,0
24451,1239,-899,-91,-33740,-96670,-18830,127.0,0
24466,1140,-676,319,18410,-93520,-22050,127.0,0
24476,1181,-1016,40,52640,-87360,-23380,125.0,0
24491,1396,-637,-4,118720,-73920,-26530,123.0,0
24506,787,807,-41,166670,-60200,-35350,123.0,0
24516,637,-688,-122,248920,-45290,-23730,120.0,0
24531,1089,731,-1080,346920,5810,2030,126.0,0
24546,833,566,-927,385700,23660,22540,126.0,0
24556,1156,96,-1013,405650,40600,29050,123.0,0
24571,883,806,-788,420140,77280,31150,123.0,0
24586,1244,61,-559,386960,79240,29540,123.0,0
24596,1294,-510,-1585,285460,85820,25550,116.0,0
24611,1070,638,-1159,220710,88900,19250,119.0,0
24626,1117,160,-1316,86870,95130,8960,119.0,0
24636,1105,233,-353,26950,98070,4200,117.0,0
24651,1862,1183,-435,-31920,93590,-2450,122.0,0
24666,1225,287,-153,-103530,104860,-12670,122.0,0
24686,966,193,-414,-159460,111370,-25620,131.0,0
24701,966,206,-390,-183120,113750,-33390,131.0,0
24716,733,270,-124,-225540,113050,-34720,141.0,0
24731,660,316,-49,-266770,106750,-36750,148.0,0
24746,591,184,210,-283500,100870,-35700,148.0,0
24756,551,60,420,-299040,92050,-34370,152.0,0
24771,470,-52,1067,-329280,65100,-36960,155.0,0
24786,261,-67,1058,-346920,44310,-46340,160.0,0
24801,67,211,1619,-382410,-4340,-52080,160.0,0
24811,135,-597,1515,-400820,-32340,-60270,158.0,0
24826,614,-349,1091,-407610,-78890,-74130,152.0,0
24841,736,-1318,1215,-367080,-94780,-76790,152.0,0
24851,918,-1502,1017,-327180,-107100,-80290,150.0,0
24866,935,-1960,988,-201460,-113330,-78050,143.0,0
24881,738,-1878,1211,-128030,-113050,-74340,143.0,0
24891,712,-1860,1015,-53130,-111020,-69580,139.0,0
24906,799,-1792,595,95620,-104580,-55580,135.0,0
24921,773,-1629,462,165060,-101990,-39550,135.0,0
24935,727,-1320,15,277970,-98910,-32340,134.0,0
24950,797,-1193,-255,325360,-97440,-13790,129.0,0
24965,1013,-808,-818,423080,-91560,-70,125.0,0
24980,1378,-83,-1302,568820,-65100,33810,125.0,0
24990,1772,1483,-854,515130,-42700,22470,119.0,0
25005,109,1165,-1260,479500,-39270,2100,116.0,0
25020,1216,-1769,-886,538580,13370,38010,116.0,0
25030,1379,-861,-1707,533820,35770,46060,117.0,0
25045,1008,617,-1318,502530,52150,56630,115.0,0
25060,1426,61,-1322,385560,67200,47740,115.0,0
25070,1560,-28,-472,287350,74690,43750,111.0,0
25085,1182,1067,-1997,108850,67200,14560,116.0,0
25100,1282,-443,102,-72170,79450,15820,116.0,0
25131,1312,-713,-1157,-159250,117180,-6230,121.0,0
25146,829,-348,-1759,-157920,114800,-18550,121.0,0
25161,1437,-54,-772,-163590,109130,-34230,130.0,0
25176,665,-76,-295,-220150,111580,-42140,136.0,0
25198,929,-122,-372,-266420,109900,-54040,139.0,0
25213,925,-331,-224,-286090,109760,-57470,147.0,0
25228,608,-524,340,-293790,107660,-62720,147.0,0
25238,575,-351,195,-304010,100660,-66080,151.0,0
25253,687,-338,473,-331730,82810,-69300,152.0,0
25268,496,-423,510,-326410,53410,-72590,152.0,0
25278,334,-405,722,-303590,33600,-74690,156.0,0
25293,557,284,1447,-291690,10780,-77350,157.0,0
25308,1210,-1699,1561,-204050,-8890,-71610,157.0,0
25318,-878,-18,956,-124740,-37030,-57540,156.0,0
25333,-9,-649,1971,-47740,-44100,-53340,155.0,0
25348,258,-1733,1976,-37590,-70000,-25620,155.0,0
25358,299,-839,1373,20580,-88340,-14560,149.0,0
25373,659,220,987,54530,-128030,-12110,146.0,0
25388,434,-62,798,24430,-147070,-15960,146.0,0
25398,423,-445,737,8190,-161700,-24710,141.0,0
25413,243,-920,691,43260,-182560,-34160,135.0,0
25428,671,-773,264,65380,-185780,-38010,126.0,0
25450,945,-1224,-142,101430,-165060,-33390,120.0,0
25465,1381,-647,-734,223580,-151830,-24430,120.0,0
25475,1641,1966,631,254660,-135170,-26670,115.0,0
25490,-531,1015,-602,350350,-112700,-16100,116.0,0
25505,994,-63,-196,411180,-85750,-3850,116.0,0
25515,1494,1313,-1450,423010,-79870,5810,115.0,0
25530,509,-1210,-974,171990,-108920,13440,118.0,0
25545,902,110,173,176610,-93240,16170,118.0,0
25555,1287,1128,-586,173110,-78260,22470,122.0,0
25570,829,-41,-1450,140980,-47810,24220,119.0,0
25585,780,540,-1653,108220,-8750,35560,120.0,0
25600,1063,577,-1014,92400,11340,43960,120.0,0
25610,1062,591,-1127,74620,30240,52570,122.0,0
25625,1002,353,-1165,35770,69510,68600,122.0,0
25640,976,490,-1025,18620,88690,75250,122.0,0
25650,1030,26,-655,-8890,104230,79940,125.0,0
25665,919,-230,-309,-77560,126280,76790,126.0,0
25680,798,-168,-601,-117740,136920,70560,126.0,0
25694,1960,1931,390,-150220,148680,42770,130.0,0
25709,1431,560,-786,-169400,155330,44030,132.0,0
25724,871,-397,210,-246820,153300,29120,136.0,0
25739,781,116,-287,-281470,142730,14630,136.0,0
25749,1019,-516,584,-290430,132300,4480,142.0,0
25764,1244,-374,490,-296100,120610,-4550,148.0,0
25779,1273,-482,585,-294980,87430,-23870,148.0,0
25789,1105,-537,702,-279230,70140,-32970,157.0,0
25804,1015,-826,304,-233590,54880,-40600,161.0,0
25819,544,-1036,641,-83510,31080,-46690,161.0,0
25829,499,-954,496,-6020,16940,-53970,170.0,0
25844,498,-849,504,74340,-6930,-61880,176.0,0
25859,403,-543,378,213780,-17710,-63700,176.0,0
25869,394,-315,286,260400,-29400,-65310,180.0,0
25884,421,-139,258,305130,-51590,-64890,185.0,0
25899,487,253,146,308420,-61670,-62300,185.0,0
25909,600,145,-164,306250,-68250,-57680,184.0,0
25924,635,567,-38,297360,-72170,-47600,183.0,0
25939,789,543,-113,288120,-73010,-29890,183.0,0
25957,791,826,152,217980,-73150,-30800,180.0,0
25972,931,806,-13,95200,-68600,-27510,180.0,0
25987,1020,777,-78,31150,-64610,-29120,183.0,0
26002,1179,581,-107,-74690,-52080,-30310,181.0,0
26017,1220,487,-193,-109620,-36750,-32200,181.0,0
26027,1199,466,-155,-154840,-28280,-32760,181.0,0
26042,1158,387,-147,-170870,-19460,-33180,182.0,0
26057,1158,301,-109,-196910,-5530,-35770,182.0,0
26067,1118,242,39,-205450,-490,-37800,185.0,0
26082,1072,126,-136,-210840,3430,-39900,182.0,0
26097,956,68,209,-208460,13090,-45990,182.0,0
26107,977,-276,-168,-205030,14140,-49280,183.0,0
26131,891,-267,-24,-164850,22400,-41020,185.0,0
26146,707,-287,75,-81620,31080,-37590,180.0,0
26161,707,-291,39,-41440,34300,-32060,181.0,0
26176,643,-167,123,24290,35070,-29400,181.0,0
26186,665,-14,56,40810,33950,-27720,183.0,0
26201,661,-30,57,53200,33040,-23310,178.0,0
26223,634,17,-5,62510,32410,-17080,175.0,0
26238,610,112,121,63840,31570,-8400,169.0,0
26253,767,141,68,56560,32270,-5320,169.0,0
26263,797,-18,80,47950,31920,-1820,165.0,0
26278,857,129,143,20650,29680,2310,154.0,0
26293,1037,-22,161,2380,27580,2520,154.0,0
26303,1121,15,143,-14770,25130,2170,150.0,0
26318,1182,917,397,-28350,24640,3360,140.0,0
26333,1966,-1471,-1156,-165830,-42840,39200,140.0,0
26343,762,0,491,-83230,-19320,46900,137.0,0
26358,477,-12,-1135,-77700,-49630,46410,138.0,0
26373,219,-279,-35,-69930,-33320,42280,138.0,0
26383,1369,389,445,-72030,-37800,28560,136.0,0
26398,977,468,390,-69020,-31570,24290,135.0,0
26413,1017,29,481,-65730,-25900,19110,136.0,0
26428,1106,31,-78,-70350,-36050,17150,136.0,0
26438,1177,-217,386,-59360,-35070,16100,133.0,0
26453,913,142,600,-57050,-43120,13860,127.0,0
26472,822,-308,759,-59780,-54810,3570,126.0,0
26487,833,-140,358,-65030,-77910,-12110,126.0,0
26497,819,-597,583,-64680,-92470,-23100,125.0,0
26512,892,-724,636,-85610,-104650,-41650,123.0,0
26527,1857,-96,12,-35350,-105350,-42490,123.0,0
26537,1860,-1899,1270,17360,-108010,-51590,121.0,0
26552,692,-274,-215,51380,-108220,-57470,122.0,0
26567,1122,-627,337,170520,-88480,-71120,122.0,0
26577,1014,-314,54,233590,-79730,-72800,123.0,0
26592,780,-121,-41,296380,-71260,-73570,130.0,0
26607,770,1,-642,410060,-47600,-70980,130.0,0
26617,685,180,-1094,461720,-36680,-66010,129.0,0
26632,731,381,-1379,534870,-7420,-48300,127.0,0
26647,878,114,-1880,561890,11200,-34090,127.0,0
26657,614,743,-1750,593670,38990,-16940,123.0,0
26672,641,765,-1604,546630,61880,2100,120.0,0
26687,-6,1973,-1776,314090,37870,-20090,120.0,0
26697,-427,-81,-127,62230,46200,-11340,117.0,0
26712,579,-1309,-1005,16240,68320,18550,117.0,0
26737,1194,1186,-1700,-82250,85610,28980,116.0,0
26752,668,-102,-532,-179270,93100,31220,115.0,0
26767,948,108,-912,-254940,100870,41160,114.0,0
26782,739,246,-596,-289520,102270,43750,114.0,0
26792,883,-61,-593,-312830,102620,48790,115.0,0
26807,804,130,-419,-329420,99120,56070,117.0,0
26822,736,-350,-142,-332570,96250,63840,117.0,0
26832,1930,-181,885,-320250,91350,49840,114.0,0
26847,503,-292,1570,-175840,100590,47600,120.0,0
26862,689,-1161,1060,-150710,88550,35280,120.0,0
26872,1038,-886,1007,-132720,87430,35490,126.0,0
26887,208,-681,1266,-132440,73780,34860,129.0,0
26902,242,-659,894,-116620,36820,13860,129.0,0
26912,354,-996,1513,-110810,16660,3500,131.0,0
26927,341,-569,1363,-98630,-4900,-4340,128.0,0
26942,528,-805,1218,-81200,-39550,-26250,128.0,0
26952,378,-902,785,-66570,-58660,-35420,127.0,0
26967,535,-978,538,-45850,-86660,-51800,123.0,0
26989,975,-759,35,13160,-112770,-69510,121.0,0
27004,1278,-1534,475,46200,-117880,-72870,116.0,0
27019,1963,-113,1616,131670,-107520,-88690,116.0,0
27029,413,-1331,-34,178500,-118230,-90440,118.0,0
27044,1054,-467,-354,241990,-94710,-89180,117.0,0
27059,877,-346,-795,363930,-90510,-86100,117.0,0
27069,598,-246,-829,438410,-77070,-82040,120.0,0
27084,666,288,-1241,550130,-47390,-64330,122.0,0
27099,834,-196,-1353,584640,-28840,-52570,122.0,0
27109,898,-190,-1853,613130,-8190,-37450,121.0,0
27131,70,1942,-1837,477960,7420,-21350,116.0,0
27146,620,-595,-1378,188440,15260,-18620,118.0,0
27161,1037,-732,-1346,122500,47460,9100,120.0,0
27176,1550,1151,121,62720,67690,7910,120.0,0
27186,1052,-97,17,-12530,89320,15820,116.0,0
27201,677,-67,-941,-153790,117180,24500,114.0,0
27216,1353,78,-17,-227290,128240,30100,114.0,0
27226,1000,149,-1112,-250460,130760,26320,112.0,0
27245,754,310,-519,-238700,114730,15400,116.0,0
27260,901,-540,-842,-353780,100940,16590,113.0,0
27275,1995,265,524,-355810,90860,-1400,113.0,0
27285,904,1324,-75,-261800,95760,-4340,118.0,0
27300,550,502,515,-288050,86030,-17710,127.0,0
27315,602,-204,-67,-321440,54390,-25130,127.0,0
27325,508,-62,1141,-336910,33810,-29820,126.0,0
27340,309,-161,1176,-354690,11410,-33040,129.0,0
27355,390,-550,992,-391090,-40250,-49070,129.0,0
27365,494,-732,1230,-403620,-64680,-63840,125.0,0
27380,625,-376,567,-412160,-105910,-82880,122.0,0
27395,889,-1470,836,-369320,-116690,-87710,122.0,0
27405,1069,-1664,124,-341180,-126770,-96810,118.0,0
27420,1181,-1997,44,-195090,-134960,-97510,120.0,0
27435,1805,-1686,1794,-66500,-109200,-69160,120.0,0
27445,53,1343,605,9310,-113120,-79520,119.0,0
27460,610,-666,1426,164010,-100450,-91980,120.0,0
27475,753,-541,-11,243460,-89810,-85470,120.0,0
27485,531,-11,-169,336630,-76230,-70980,125.0,0
27507,772,-47,-962,583800,-29050,-50330,126.0,0
27522,745,168,-1848,653730,-6930,-37240,124.0,0
27537,681,514,-1869,730240,43400,-14140,120.0,0
27552,1331,-486,-1905,741860,66220,-21840,120.0,0
27562,344,1942,-1888,582400,57820,-6580,119.0,0
27577,1359,-1496,-878,267330,36540,-490,121.0,0
27592,578,-1002,-1523,245000,52920,13440,121.0,0
27602,491,-242,682,137480,56140,6160,120.0,0
27617,1043,75,732,72940,75530,6580,119.0,0
27632,887,-472,-269,-76860,89110,10990,119.0,0
27642,775,-149,35,-153160,97020,13020,117.0,0
27657,1025,9,163,-217910,103460,14630,118.0,0
27672,1086,808,281,-331520,115360,17500,118.0,0
27682,980,742,-146,-400610,119000,13650,112.0,0
27697,746,-306,-810,-417270,115990,28000,114.0,0
27712,1562,1187,-374,-320250,111510,8330,114.0,0
27727,938,406,-959,-121520,99890,8120,114.0,0
27737,889,-1192,208,-132160,91770,3220,121.0,0
27759,648,-632,580,-82250,72730,8820,121.0,0
27774,691,-323,1284,-63840,49980,16380,126.0,0
27789,453,-347,1551,-8540,34720,21910,126.0,0
27799,486,453,1649,-3780,14210,22190,124.0,0
27814,531,683,1978,-28280,-32200,22470,127.0,0
27829,594,259,1238,-38360,-52780,24500,127.0,0
27839,501,140,1273,-44450,-70770,25410,126.0,0
27854,527,-163,777,-33600,-105490,28420,122.0,0
27869,514,-171,939,-25480,-120820,25900,122.0,0
27879,737,-810,352,-18970,-135030,15890,118.0,0
27894,1839,-1230,33,6230,-156660,14770,119.0,0
27909,755,943,-654,43470,-155540,22890,119.0,0
27924,1199,-937,-1223,64330,-143220,19810,119.0,0
27934,1229,-71,-1046,121520,-119420,18130,125.0,0
27949,1057,-45,-274,210770,-77490,32620,126.0,0
27964,1118,114,-809,214760,-58310,35210,126.0,0
27974,1587,232,-760,209580,-36820,34860,130.0,0
27989,1322,224,-746,183680,10570,32690,132.0,0
28013,1152,726,-808,137900,57680,18130,137.0,0
28028,1266,471,-675,39900,95130,9380,136.0,0
28043,1299,665,-429,-21560,124110,-6160,136.0,0
28053,1387,402,-385,-83160,134050,-13440,139.0,0
28068,1525,315,-269,-192360,142380,-18690,141.0,0
28083,1567,156,-137,-265020,150640,-24570,141.0,0
28093,1598,147,-145,-287280,152040,-25060,149.0,0
28108,1564,-9,-22,-300510,151970,-24570,156.0,0
28123,1499,-26,68,-312200,146160,-21000,156.0,0
28141,1322,-30,54,-315770,137340,-18900,178.0,0
28156,1212,-89,135,-313320,131600,-19950,178.0,0
28171,1131,-312,18,-290710,121170,-13580,188.0,0
28186,1040,-160,-109,-258790,119350,-5390,202.0,0
28201,905,-314,100,-169610,118790,-2660,202.0,0
28211,840,-183,146,-129990,116480,-2380,207.0,0
28226,808,-170,163,-96110,109480,-3430,142.0,0
28241,679,-95,299,-49420,104650,-6090,142.0,0
28255,656,-99,301,-20440,91420,-14560,74.0,0
28270,612,-74,306,-6370,84490,-18760,66.0,0
28285,607,-39,308,20650,70700,-26740,86.0,0
28300,596,39,258,32340,64330,-30030,86.0,0
28310,607,100,240,40810,58240,-32900,176.0,0
28325,618,189,236,46620,46550,-36610,236.0,0
28340,620,200,198,45850,40810,-38990,251.0,0
28355,580,208,159,40600,30870,-41510,251.0,0
28365,579,231,223,34720,26110,-43190,255.0,0
28380,587,182,134,22540,17360,-45570,261.0,0
28395,547,162,162,16590,13440,-46690,261.0,0
28405,556,152,105,12320,9380,-47880,269.0,0
28420,557,129,48,11830,3500,-49140,266.0,0
28435,570,77,81,14140,1260,-49630,266.0,0
28445,578,80,52,17010,-1120,-50190,266.0,0
28460,582,27,63,24500,-5250,-51800,261.0,0
28475,595,-8,56,28210,-10570,-53480,264.0,0
28490,629,-18,35,37240,-13230,-53690,264.0,0
28500,642,-45,45,42840,-15960,-53550,258.0,0
28522,648,-37,28,49140,-22750,-53970,257.0,0
28537,642,-85,78,52990,-29540,-53690,250.0,0
28552,651,-88,32,55370,-37730,-52010,243.0,0
28567,629,-131,50,61390,-42350,-51380,243.0,0
28577,649,-121,126,62720,-46760,-50680,229.0,0
28592,726,-156,164,58940,-58100,-50330,210.0,0
28607,852,-78,202,56630,-63490,-49070,210.0,0
28617,936,-119,151,54880,-69370,-47950,198.0,0
28632,1003,-51,122,58730,-78260,-43890,209.0,0
28647,1079,-11,126,61880,-81830,-38500,209.0,0
28657,1110,30,145,62790,-85120,-35840,202.0,0
28672,1155,78,116,60060,-90300,-33390,186.0,0
28687,1164,66,117,57260,-94290,-28280,186.0,0
28697,1148,41,154,49420,-96530,-26460,170.0,0
28712,1179,25,113,45570,-98140,-24290,161.0,0
28727,1242,28,60,42490,-99960,-20650,161.0,0
28737,1274,45,395,45920,-100380,-19110,149.0,0
28752,1180,678,1019,-102970,-87290,-16940,140.0,0
28774,158,-380,-89,-179200,-62440,-9940,143.0,0
28789,1143,144,-889,-160720,-60410,-4620,144.0,0
28804,548,-596,119,-101990,-48020,20510,144.0,0
28814,980,530,375,-74690,-36750,29750,142.0,0
28829,1106,-352,-20,-47670,-32130,38150,144.0,0
28844,1098,56,489,70,-23520,50540,144.0,0
28854,899,190,122,16100,-20580,54880,140.0,0
28869,1014,99,140,35980,-11410,68880,139.0,0
28884,1044,278,-49,68250,-5950,77000,139.0,0
28894,995,328,-30,82040,210,85330,134.0,0
28909,1036,406,-153,97930,12880,99050,129.0,0
28924,1147,336,-265,98140,18200,103530,129.0,0
28934,1185,256,-335,93870,22890,106330,128.0,0
28949,1179,211,-296,81690,30870,105490,126.0,0
28964,1162,178,-268,75320,35210,97510,126.0,0
28974,1088,248,-132,66220,38640,91700,127.0,0
28989,1029,158,-68,31150,40950,82950,127.0,0
29004,1108,87,-184,12040,42000,66780,127.0,0
29023,1016,67,-32,-21980,42910,51800,127.0,0
29033,1414,-556,331,-30800,46060,45010,130.0,0
29048,961,-86,888,-28350,53760,42490,132.0,0
29063,965,332,-158,-47880,50050,30870,134.0,0
29078,774,-370,419,-59990,50050,25270,134.0,0
29088,729,-323,310,-62440,50400,21700,139.0,0
29103,896,-293,353,-68740,49700,10710,142.0,0
29118,757,-321,538,-68810,46900,3360,142.0,0
29128,726,-381,658,-65730,33670,-560,141.0,0
29150,538,-541,1257,-54600,9240,-12320,143.0,0
29165,430,-558,1353,-49280,-6790,-18830,141.0,0
29180,393,-650,1303,-32130,-43330,-30520,141.0,0
29190,342,-481,1232,-21490,-61880,-36260,137.0,0
29205,450,-476,1132,-8960,-95270,-43960,138.0,0
29220,469,-569,792,10850,-108080,-49910,138.0,0
29230,802,-284,822,24640,-120190,-54320,131.0,0
29245,1062,103,363,28070,-127470,-56560,122.0,0
29260,1121,-1078,-197,47670,-130690,-56560,120.0,0
29284,878,-505,-420,153020,-118160,-45500,115.0,0
29299,1723,1532,426,174860,-105980,-45640,115.0,0
29309,-62,770,-528,205520,-94150,-52990,112.0,0
29324,785,-356,-284,293720,-69650,-28490,113.0,0
29339,705,991,-1216,326270,-51940,-4690,113.0,0
29354,1043,446,-1338,372610,-28560,3150,113.0,0
29364,975,308,-1093,386190,-11270,12040,114.0,0
29379,1052,348,-1107,365960,20860,28980,115.0,0
29394,431,1238,-1384,275800,17570,22330,115.0,0
29404,1322,454,-1607,117040,10220,15120,118.0,0
29419,872,-1200,-270,33740,43750,27370,115.0,0
29434,1190,604,-908,-9240,59780,27510,115.0,0
29444,1033,-152,-750,-61390,78190,30520,116.0,0
29459,1121,-274,-632,-131810,111650,29470,114.0,0
29474,1892,519,61,-149380,124600,2170,114.0,0
29484,1977,920,-922,-107730,135730,8960,120.0,0
29499,576,-378,175,-167300,147070,3430,124.0,0
29514,1244,-84,-298,-200900,165550,-4340,124.0,0
29533,975,121,-447,-231420,175910,-6720,128.0,0
29548,718,-320,-139,-246890,182280,-9870,128.0,0
29563,779,-324,-250,-267890,191730,-15890,134.0,0
29578,781,-423,-233,-275450,195230,-18410,148.0,0
29593,723,-640,15,-286020,197890,-22960,148.0,0
29603,520,-821,496,-286160,194110,-26950,158.0,0
29618,367,-1149,829,-286230,160020,-49000,166.0,0
29633,-44,-597,1578,-292880,129430,-59710,166.0,0
29643,-92,-1260,1730,-296030,90440,-68460,177.0,0
29658,-193,-1388,1998,-145110,31850,-57050,184.0,0
29673,-461,-1688,1868,-101850,3080,-50260,180.0,0
29688,60,-1177,1124,-31080,-45500,-25830,180.0,0
29698,198,-524,729,6370,-68390,-25620,179.0,0
29713,1061,62,706,30870,-89950,-14980,174.0,0
29728,604,-405,698,73570,-119210,-8820,174.0,0
29738,443,-652,793,93240,-130900,-5670,170.0,0
29753,415,-613,699,111860,-150780,140,162.0,0
29768,618,-454,424,146020,-160300,1960,162.0,0
29782,686,-399,313,167790,-175630,4900,149.0,0
29797,538,-552,199,175000,-181230,4970,146.0,0
29812,570,-546,66,183820,-183890,3710,140.0,0
29827,795,-337,-320,182700,-181160,2030,140.0,0
29837,970,-102,-470,177590,-176120,280,129.0,0
29852,1132,227,-924,164150,-160790,2100,124.0,0
29867,1395,367,-1089,155120,-149240,9240,124.0,0
29877,1686,786,-1374,145530,-136570,13650,120.0,0
29892,1424,155,-1096,149310,-102690,21910,115.0,0
29907,1809,712,-1212,105910,-52990,21000,115.0,0
29917,1390,1629,-116,71330,-30240,24220,115.0,0
29932,819,-329,-1997,60550,-8820,31360,118.0,0
29947,1264,-310,-178,12880,34860,41090,118.0,0
29957,1486,127,-1063,-5250,50540,42630,119.0,0
29972,1494,791,-705,-24150,67760,41160,121.0,0
29987,1106,28,-553,-63560,90510,40390,121.0,0
29997,1152,224,-271,-88830,102760,37030,126.0,0
30012,1130,271,-299,-111160,121380,30030,130.0,0
30027,1048,169,-384,-156590,131040,27580,130.0,0
30045,982,63,-299,-202440,148470,22540,146.0,0
30060,937,-25,-294,-223720,162540,17710,146.0,0
30075,859,-158,-217,-265020,168140,14560,151.0,0
30090,784,-269,-95,-304010,173880,6650,158.0,0
