t_ms,ax_mg,ay_mg,az_mg,gx_mdps,gy_mdps,gz_mdps,dist_mm
89,970,18,101,28070,-9590,-13370,108.0
104,944,36,75,22260,-8750,-14420,108.0
117,958,9,79,19250,-8680,-15470,114.0
130,1360,499,593,-23730,-13160,-11690,110.0
143,953,348,137,-83860,-8470,-8190,110.0
153,1056,-187,62,-126350,-13650,-6300,117.0
166,1181,-311,22,-149660,-14420,-2100,117.0
176,850,-245,-196,-147210,-11970,980,113.0
189,854,-352,-219,-108080,-13300,2240,113.0
199,1153,-533,-70,-106750,-10500,4060,114.0
212,1043,-483,-58,-103810,-10150,7840,113.0
225,1039,-454,92,-62440,-5390,11830,113.0
235,1091,-465,278,-38010,-3080,12250,111.0
248,1059,-541,68,-13580,-980,13580,111.0
258,1073,-452,187,9520,1330,14420,112.0
271,1024,-330,191,29610,3010,14350,113.0
284,1013,-352,82,59710,4340,14070,113.0
294,1038,-284,82,69440,4760,13370,110.0
307,1279,-106,-24,75110,3710,12950,110.0
317,687,-2,107,78820,6860,10150,110.0
330,1143,-269,137,75460,3220,5600,112.0
343,931,21,59,73850,1820,5320,112.0
353,974,58,-72,72100,210,5110,111.0
366,1031,101,32,69230,140,4550,111.0
376,985,131,99,66080,-630,4270,110.0
389,946,137,119,57680,-3430,2800,110.0
402,984,149,53,51170,-5460,1260,110.0
412,973,228,51,44520,-6720,280,111.0
425,1030,204,40,36470,-8470,-1050,111.0
435,1056,275,-142,27860,-9450,-840,110.0
448,1017,224,-43,11760,-9870,-1400,109.0
461,1080,277,-108,3990,-9940,-2030,109.0
471,1064,61,-88,-210,-9170,-1400,111.0
484,1055,-38,24,2100,-5740,280,111.0
494,1022,92,-73,5250,-4060,1050,110.0
507,1023,118,-110,2170,-3220,1470,109.0
520,1031,71,-12,490,-1540,2240,109.0
530,1026,81,-22,980,-490,2940,110.0
543,1018,117,-38,560,1260,4270,110.0
553,1016,118,-36,-490,1890,4900,110.0
566,1018,68,22,-350,2240,5530,111.0
579,1017,88,9,0,2450,6440,111.0
589,1018,114,11,-140,2590,6720,110.0
602,1017,178,-24,-7840,1470,6160,110.0
612,1011,196,-10,-16030,420,5600,109.0
625,992,178,39,-24010,-490,4900,108.0
638,1003,158,8,-35910,-2170,3710,108.0
648,1011,113,-2,-38920,-2310,3710,108.0
661,1030,70,-6,-40320,-2100,3780,108.0
671,1031,56,-8,-40530,-1680,4200,109.0
684,1029,42,12,-40180,-1260,4550,109.0
697,1023,26,14,-38780,-700,4830,109.0
707,1031,12,10,-37660,-350,4900,109.0
720,1019,8,23,-36330,140,4970,109.0
730,1013,8,25,-35000,490,4970,109.0
743,1012,23,47,-33880,630,4900,110.0
756,998,25,58,-32760,420,4830,110.0
766,999,54,66,-32900,-140,4760,109.0
779,1020,62,25,-33390,-490,4760,109.0
789,1035,34,49,-33460,-560,5180,109.0
802,1024,18,64,-27440,-140,7000,112.0
815,1032,-237,173,-16240,1120,9240,112.0
825,990,-166,70,-1540,1960,11830,108.0
838,1031,263,23,3500,980,12460,108.0
848,1014,270,114,-1470,1050,12670,107.0
861,1027,30,16,-6370,700,13230,108.0
874,1023,13,28,-2170,770,14070,108.0
884,1054,138,3,-1470,1050,14280,108.0
897,1076,118,-10,-4200,3220,14490,108.0
907,1111,116,57,-7840,5530,13860,108.0
920,1091,437,-9,-32480,7000,12250,110.0
933,1089,190,5,-46970,9660,11340,110.0
943,1026,172,76,-59150,12180,9940,108.0
956,1053,139,-28,-73150,15330,8330,108.0
966,1068,150,-18,-77630,16800,8120,112.0
979,1084,145,-44,-81340,18200,8470,110.0
992,1070,162,13,-84630,19670,9940,110.0
1002,1043,145,69,-87150,20300,11200,114.0
1035,919,61,274,-94780,16380,14140,115.0
1049,891,106,347,-95270,13580,15260,115.0
1062,1029,153,150,-91980,7910,19390,114.0
1075,949,40,412,-98070,6090,19810,114.0
1085,882,162,374,-95760,840,20020,119.0
1098,1120,99,209,-98000,-2730,23030,115.0
1111,1021,139,433,-99540,-5180,23520,115.0
1121,843,218,112,-94990,-11410,22750,117.0
1134,1190,0,20,-89180,-11550,22960,117.0
1144,1008,252,320,-77420,-10080,21910,116.0
1157,1127,124,-38,-38780,-12460,25270,122.0
1170,1157,30,153,-13370,-12810,25410,122.0
1180,1142,88,65,12810,-12180,25620,121.0
1193,1088,66,164,38220,-10850,26390,121.0
1203,1080,114,63,61530,-11410,26670,125.0
1216,1016,184,114,92820,-9590,26810,123.0
1229,959,122,4,101360,-8540,26530,123.0
1239,913,263,68,103320,-6020,24220,126.0
1252,944,278,54,99750,-3150,21140,126.0
1262,964,193,118,94290,-3010,18270,126.0
1275,986,191,91,79240,-3990,14840,128.0
1288,1056,154,176,69930,-3570,11620,128.0
1298,1072,117,171,60270,-4830,7980,131.0
1311,1062,102,166,44590,-7630,560,131.0
1321,1043,59,160,39480,-8680,-3080,128.0
1334,965,27,79,35840,-8890,-6510,132.0
1347,925,26,61,33040,-8750,-12670,132.0
1357,895,36,54,30240,-8260,-15330,128.0
1370,887,48,66,22750,-7420,-17500,128.0
1380,917,73,98,18340,-7210,-19250,131.0
1393,986,50,106,14280,-7560,-21000,130.0
1406,1004,47,101,11270,-8470,-24080,130.0
1416,1007,39,93,9380,-8610,-25410,130.0
1429,1011,31,43,8260,-8330,-26740,130.0
1439,1009,20,23,8330,-7490,-28140,130.0
1452,990,27,16,8470,-6160,-29470,130.0
1465,972,45,17,6440,-3360,-32200,130.0
1475,956,59,24,3500,-2100,-33460,133.0
1488,962,86,44,-770,-1050,-34790,133.0
1498,960,91,74,-5880,-210,-36050,130.0
1511,963,114,50,-10990,980,-38010,130.0
1526,1058,94,62,-20020,2100,-38850,130.0
1536,1092,87,68,-23310,2940,-39900,129.0
1549,1097,72,88,-25550,3640,-42070,129.0
1559,1103,67,88,-27020,3920,-43330,130.0
1572,1108,70,73,-28420,4900,-44450,130.0
1585,1082,61,58,-28420,5600,-45500,130.0
1595,1080,57,49,-27860,6580,-46620,129.0
1608,1070,63,52,-27090,8750,-48440,129.0
1618,1055,54,49,-25340,9730,-49560,129.0
1631,1079,43,93,-24220,10220,-50820,129.0
1644,1081,39,105,-22680,10290,-51940,129.0
1654,1074,66,121,-20790,10150,-52780,127.0
1667,1065,79,116,-16520,9100,-53130,127.0
1677,1043,79,104,-14070,8680,-52920,132.0
1690,991,114,84,-11620,8400,-52360,132.0
1703,973,123,70,-8890,8400,-49910,132.0
1713,951,134,56,-5950,8750,-48370,133.0
1726,931,130,46,-490,10080,-46830,133.0
1736,921,144,59,1750,10780,-45360,136.0
1749,909,146,72,3500,11130,-43890,134.0
1762,947,150,94,6300,10710,-41020,134.0
1772,999,147,131,7770,9590,-39760,135.0
1785,1011,179,156,9870,7980,-38220,135.0
1795,1002,169,160,12530,6370,-36400,137.0
1808,984,160,155,15680,4690,-33320,136.0
1821,943,157,139,23870,1680,-31920,136.0
1831,902,180,96,28700,490,-30170,141.0
1844,872,204,96,33600,70,-28210,141.0
1854,861,183,125,38360,-210,-26390,138.0
1867,851,191,104,42840,-1470,-23940,137.0
1880,852,216,140,48230,-1750,-22680,137.0
1890,876,229,142,50470,-2730,-21700,137.0
1903,910,255,120,52500,-3640,-20580,137.0
1913,946,253,129,54180,-4200,-19250,139.0
1926,963,277,139,57260,-5320,-16310,135.0
1939,949,295,132,57400,-5810,-14910,135.0
1949,926,290,109,56490,-6020,-13790,134.0
1962,902,282,100,54670,-5810,-12880,134.0
1972,898,280,98,52010,-5390,-12950,131.0
1985,910,271,107,45430,-4200,-13300,133.0
1998,977,285,112,41230,-3710,-13790,133.0
2008,1007,279,120,36610,-3150,-14140,132.0
2036,1085,266,130,22750,-2030,-15190,128.0
2049,1085,268,127,19110,-1190,-15330,126.0
2062,1151,67,140,10780,-2100,-13300,127.0
2076,1600,27,-267,-10780,-8890,-5740,127.0
2086,1229,-98,-212,-35630,-8610,980,128.0
2099,1040,4,-105,-53970,-12880,11900,128.0
2109,965,-12,-95,-58450,-16100,16030,126.0
2122,1238,-223,-350,-65170,-18970,22190,127.0
2135,1294,-361,-393,-76160,-23100,39830,127.0
2145,1297,-477,-453,-91490,-28350,48090,128.0
2158,1259,494,393,-90790,-29190,48440,128.0
2168,785,0,87,-80850,-27650,47880,125.0
2181,947,-25,88,-64680,-24290,47810,127.0
2194,1126,-60,84,-47600,-22750,47110,127.0
2204,1133,-118,-132,-39550,-20720,46900,123.0
2217,893,26,232,-34020,-21560,45150,123.0
2227,898,-49,233,-26740,-21700,42770,125.0
2240,1003,-85,159,-18970,-22330,40460,119.0
2253,1079,-117,106,-3920,-21560,37730,119.0
2263,1067,-123,71,3500,-21280,36470,119.0
2276,1099,165,1,8190,-20300,35280,119.0
2286,1042,224,-108,6440,-20160,33180,119.0
2299,985,229,14,2170,-17430,30310,118.0
2312,1043,51,175,25410,-13370,30870,118.0
2322,1075,-2,167,47740,-9100,31500,120.0
2335,1019,92,2,67690,-5740,32130,120.0
2345,953,214,46,84630,-1610,32410,115.0
2358,1038,110,-10,105280,4130,32760,118.0
2371,818,252,40,116060,6370,30940,118.0
2381,1027,208,69,117810,7210,30590,116.0
2394,1016,113,-80,123130,8470,31430,116.0
2404,1119,-4,45,125650,11200,31990,114.0
2417,1033,14,-20,129570,12040,31710,114.0
2430,980,177,-32,125510,12250,30870,114.0
2440,1034,4,-91,120400,12530,29890,113.0
2453,1055,59,-52,115710,12110,28770,113.0
2463,1025,98,-170,108430,12530,28210,111.0
2476,1024,131,-136,90790,12460,27580,112.0
2489,1044,81,-187,79310,12250,27020,112.0
2499,1032,113,-164,67480,12110,26390,108.0
2512,1023,119,-152,39900,10570,25060,108.0
2522,1023,114,-130,25970,9520,24220,112.0
2535,1021,78,-58,12950,8260,23310,112.0
2545,1027,30,-57,3080,7350,22260,112.0
2558,1067,38,46,-1960,7210,20090,111.0
2571,1049,-31,107,2030,7420,19110,111.0
2581,1033,43,32,4060,6930,18060,110.0
2594,1013,45,31,2100,6020,17010,110.0
2604,1015,14,92,-210,5040,16100,107.0
2617,1003,15,123,2100,3010,15190,109.0
2630,992,98,76,1680,1890,14980,109.0
2640,999,75,86,490,630,15050,108.0
2653,992,84,96,980,-350,15540,108.0
2663,996,111,59,2100,-1120,17150,107.0
2676,1016,105,6,1890,-1890,18200,105.0
2689,997,126,28,1750,-1610,19320,105.0
2699,1102,-3,157,1120,-1750,20440,109.0
2712,1069,-193,-22,-840,-2730,20930,109.0
2722,979,135,58,2030,-3780,20090,108.0
2735,1016,-116,42,-420,-4620,19460,107.0
2748,1018,5,51,910,-4830,18340,107.0
2758,995,9,37,840,-5600,17220,106.0
2771,1101,-20,-76,4970,-5670,17640,106.0
2781,1057,55,-25,5530,-5530,17570,105.0
2794,1116,190,-17,3500,-5320,18060,108.0
2807,1029,44,-14,-770,-3500,19040,108.0
2817,1003,-94,-13,0,-3360,19390,108.0
2830,1021,96,48,1470,-3780,20580,108.0
2840,1064,233,36,-840,-3780,22680,109.0
2853,1024,87,61,-1120,-4340,24990,109.0
2866,1002,54,85,-560,-5880,28560,109.0
2876,1034,104,37,-560,-5810,29960,110.0
2889,1027,25,-56,-1470,-5320,31290,110.0
2899,1051,47,-75,-1400,-4200,32480,109.0
2912,1068,66,-97,-2030,-2450,33390,110.0
2925,1049,21,-82,-4130,1400,34510,110.0
2935,1038,-15,-77,-4900,3010,34720,111.0
2948,1035,23,-39,-6650,4410,34510,111.0
2958,1064,135,53,-12390,5950,33390,114.0
2971,1089,211,134,-26250,10640,28840,113.0
2984,1031,-160,34,-54320,12530,26600,113.0
2994,965,-186,33,-60410,13650,24360,115.0
3007,994,-171,-18,-60970,13440,23030,115.0
3017,1023,-123,-48,-57750,12880,22680,112.0
3044,929,-175,127,-41510,7840,24500,113.0
3058,967,-102,110,-36680,2240,27020,113.0
3071,1012,18,106,-27720,-210,29330,116.0
3084,977,3,154,-23590,-2800,32200,116.0
3094,964,6,158,-20020,-5670,35350,116.0
3107,990,50,131,-14420,-10640,42280,116.0
3120,1034,109,95,-11690,-12810,46200,116.0
3130,1036,89,52,-8470,-14840,50400,116.0
3143,1033,64,22,-5110,-16310,58590,116.0
3153,1025,33,-14,-1890,-17430,62370,120.0
3166,1028,7,-78,4410,-18060,66150,120.0
3176,1028,6,-126,7210,-17570,69790,122.0
3189,1077,-18,-155,9450,-16380,72660,123.0
3202,1038,-123,-131,10780,-13510,74900,123.0
3212,932,-268,-23,11760,-13230,73990,123.0
3225,753,-564,149,11550,-13720,71260,123.0
3235,732,-611,178,10710,-15190,67410,125.0
3248,771,-600,123,10150,-17220,63210,129.0
3261,850,-532,68,11970,-20510,55300,129.0
3271,911,-507,-50,13930,-20790,52010,128.0
3284,901,-543,-103,16590,-20580,49210,128.0
3294,909,-521,-131,19460,-20020,46970,131.0
3307,936,-474,-126,21980,-19250,43680,128.0
3320,963,-402,-122,26530,-17500,42350,128.0
3330,979,-381,-86,27720,-16520,41230,130.0
3343,961,-370,-65,28350,-15680,40320,130.0
3353,950,-366,-57,28000,-14840,39550,132.0
3366,948,-339,-61,24780,-12600,38570,134.0
3379,1003,-260,-120,21840,-10710,38570,134.0
3389,1035,-228,-137,17920,-8260,38570,133.0
3402,1034,-204,-121,13650,-5460,38780,133.0
3412,986,-174,-122,8050,-2730,38850,133.0
3425,969,-251,-43,-8330,2800,38360,138.0
3438,933,-132,47,-19670,6230,37940,138.0
3448,937,-86,94,-33600,8120,37310,133.0
3461,1051,-175,68,-46690,12040,34020,133.0
3471,1054,-23,117,-58870,11690,29330,135.0
3484,1224,-50,-1,-61180,11130,24640,139.0
3497,1312,51,107,-54880,14420,20090,139.0
3507,1379,-39,-20,-45920,14770,16660,138.0
3520,1385,-60,5,-23870,20510,8190,138.0
3530,1358,-35,26,-12320,22960,3710,138.0
3543,1273,-43,52,-2310,25690,-1050,137.0
3556,1258,-24,35,5320,27440,-12530,137.0
3566,1227,-56,37,10500,29400,-19040,140.0
3579,1185,-25,2,13860,31850,-25550,140.0
3589,1177,13,60,12670,34020,-31990,141.0
3602,1064,-55,68,10430,34790,-39340,140.0
3615,1006,-35,40,6650,36330,-53970,140.0
3625,983,-50,96,2380,36330,-60900,138.0
3638,912,-47,56,-4830,36890,-67550,138.0
3648,881,-59,102,-8680,37240,-73780,135.0
3661,856,-41,103,-12110,36890,-79590,138.0
3674,841,-68,119,-18060,35210,-90020,138.0
3684,856,-79,121,-19670,34090,-94780,139.0
3697,906,-86,116,-20020,33180,-99050,139.0
3707,905,-66,147,-19180,32200,-102760,134.0
3720,917,-74,167,-17290,28140,-107940,131.0
3733,1081,-56,-28,-30940,22260,-109200,131.0
3743,1145,-77,233,-46620,21280,-108360,129.0
3756,1063,-295,177,-29400,17150,-107730,129.0
3766,1095,-164,75,-6580,15470,-108780,127.0
3779,1002,-229,222,43400,10920,-108430,126.0
3792,974,-120,158,65730,9800,-107660,126.0
3802,975,-68,67,85400,5950,-106540,125.0
3815,930,-3,77,100940,3570,-105070,125.0
3825,897,56,92,111790,630,-100800,125.0
3838,864,109,126,120540,-5460,-98280,125.0
3851,862,86,64,122150,-9450,-95900,125.0
3861,892,128,74,123130,-12530,-93660,125.0
3874,863,95,84,123130,-18270,-90020,125.0
3884,853,40,27,122570,-20230,-89320,122.0
3897,886,116,77,120050,-22120,-88270,118.0
3910,978,158,33,118930,-24570,-86240,118.0
3920,1023,163,25,118160,-26250,-83020,118.0
3933,1047,111,34,114870,-28560,-78120,117.0
3949,1045,134,-11,113260,-29260,-75810,117.0
3959,1016,138,-28,111510,-29400,-73290,120.0
3972,1011,135,-49,106890,-28210,-68180,120.0
3982,1001,142,-59,105490,-29260,-65800,115.0
3995,1511,-781,393,107170,-23800,-49630,119.0
4008,1139,-344,150,113540,-22750,-44450,119.0
4018,836,41,-290,109340,-19530,-40390,121.0
4044,1188,34,-81,103530,-15680,-29260,120.0
4058,1063,-540,340,98770,-14350,-20370,123.0
4071,1223,-170,221,96530,-9870,-13720,123.0
4081,1146,-420,277,92680,-4900,-5390,122.0
4094,1238,-471,79,90020,-3220,11760,121.0
4107,1133,-370,242,68810,6440,20720,121.0
4117,1417,-552,457,49280,13510,33390,122.0
4130,1261,-933,92,35070,17290,45990,122.0
4140,1192,-896,178,23170,22120,57400,118.0
4153,1310,-471,148,12810,20440,64750,119.0
4166,762,470,-263,-17500,17920,60200,119.0
4176,1008,185,194,-36820,15960,59850,116.0
4189,1107,-178,-139,-57120,9100,58730,116.0
4199,1011,68,30,-70350,5600,57120,113.0
4212,954,155,66,-99400,-5250,52500,115.0
4225,1020,-20,156,-106610,-9100,50680,115.0
4235,1146,-193,128,-111650,-13650,48230,115.0
4248,815,27,77,-110880,-15610,42420,115.0
4258,1076,-41,72,-108780,-19600,40600,111.0
4271,1097,-237,-38,-94220,-20090,37870,113.0
4284,892,-131,-91,-82180,-17360,34510,113.0
4294,1061,115,-1,-67830,-16310,31220,113.0
4307,1102,-127,-82,-36750,-7560,30870,113.0
4317,1040,-114,-99,-18060,-2590,30030,109.0
4330,1017,30,-132,910,3290,29470,110.0
4343,1030,-40,-81,17500,7980,29260,110.0
4353,1031,-8,-126,31150,11760,28840,107.0
4366,1011,68,-139,45150,17360,28210,107.0
4376,1017,43,-104,45010,18900,27790,108.0
4389,1023,35,-119,40530,19320,27160,107.0
4402,1012,38,-109,33250,18550,25270,107.0
4412,1007,23,-34,24360,16940,24080,107.0
4425,1015,0,-37,7980,15540,23170,107.0
4435,1020,-15,-5,4900,15050,22400,107.0
4448,1025,-11,19,5880,15120,21840,107.0
4461,1028,-13,-38,14770,16660,21630,107.0
4471,1250,-248,-128,7140,17150,21070,107.0
4484,989,175,86,5390,16380,18900,107.0
4494,1022,-241,-68,6860,14350,17220,109.0
4507,1010,-83,260,6300,14000,12740,106.0
4520,1013,134,-59,6090,10570,12040,106.0
4530,1028,-163,81,14280,7910,11270,108.0
4543,984,147,332,10150,7350,10150,108.0
4553,994,7,153,2240,5180,9380,107.0
4566,1015,60,72,-1960,3010,8890,105.0
4579,1006,75,90,-2870,1260,9800,105.0
4589,979,68,146,-2590,-280,10920,110.0
4602,987,107,170,-1960,-2310,12390,110.0
4612,1013,140,161,-1610,-4550,14070,109.0
4625,1022,138,130,-1470,-9100,18270,107.0
4638,1042,131,61,0,-10430,20440,107.0
4648,1022,82,70,770,-11480,22400,108.0
4661,1023,50,22,-420,-11760,24780,108.0
4671,1043,26,-61,-840,-10920,25690,110.0
4684,1039,14,-41,1610,-10010,26460,108.0
4697,1034,8,-48,1890,-9030,26950,108.0
4707,1037,2,-77,1540,-7770,27580,108.0
4720,1042,20,-71,1470,-5040,28910,108.0
4730,1046,45,-61,980,-3850,29820,111.0
4743,1010,-57,-40,490,-2730,30450,111.0
4756,1010,-70,-41,420,-1960,30590,111.0
4766,1017,-58,-32,280,-1190,30590,112.0
4779,1018,-51,1,70,-350,30520,112.0
4789,1002,-81,0,-70,-280,30520,108.0
4802,1015,-49,2,-140,-280,30520,108.0
4812,1010,-77,-1,0,-490,30660,112.0
4825,1002,-110,-8,-70,-420,30310,113.0
4838,999,-104,-19,-140,-350,30100,113.0
4848,1011,-104,-41,210,-280,30030,112.0
4861,1018,-139,-57,1050,-70,30170,112.0
4871,1030,-177,-96,3500,70,30450,114.0
4884,1048,-107,-111,8470,1470,31150,115.0
4897,1058,-78,-124,8540,2800,31430,115.0
4907,1063,-49,-115,5950,5250,31430,116.0
4920,1093,12,-145,1400,8400,31360,116.0
4930,1125,80,-157,-5320,12390,31500,113.0
4943,1150,124,-188,-22750,21700,31780,115.0
4956,1144,105,-192,-32620,26880,31920,115.0
4966,1133,83,-202,-42770,32340,31990,119.0
4979,1118,71,-193,-53200,43330,31780,119.0
4989,1104,42,-178,-74410,48440,31150,122.0
5002,992,-42,69,-84560,51730,29890,122.0
5015,913,-123,194,-93730,52640,28280,122.0
5025,855,-189,261,-101710,51730,26460,124.0
5061,759,-383,413,-121310,37310,17850,129.0
5075,766,-344,390,-120540,25480,15750,129.0
5088,860,-299,274,-114030,19320,16100,128.0
5101,887,-332,162,-106820,13650,17430,128.0
5111,897,-319,145,-96880,8540,18900,128.0
5124,906,-316,49,-70210,-1400,25410,128.0
5137,997,-231,-38,-54110,-5950,29890,128.0
5147,1032,-180,-86,-37450,-9730,35350,131.0
5160,1066,-147,-124,-20510,-13090,48020,131.0
5170,1083,-109,-144,-3990,-15610,54600,131.0
5183,1101,-98,-156,24850,-18480,60760,133.0
5196,1080,-137,-129,36120,-19040,66010,133.0
5206,1031,-215,-71,44800,-19040,70070,134.0
5219,960,-322,3,50750,-18620,72940,134.0
5229,903,-410,71,55090,-18480,71750,132.0
5242,842,-512,197,54040,-18830,69020,136.0
5255,808,-561,260,51590,-19810,64890,136.0
5265,782,-613,285,48300,-21420,60060,137.0
5278,702,-516,330,33950,-25060,48790,137.0
5288,777,-516,422,25900,-27160,42280,137.0
5301,875,-311,194,19880,-32060,34230,138.0
5314,1160,-250,69,17010,-34020,16590,138.0
5324,1233,-345,139,16100,-35000,8960,137.0
5337,1210,-132,-81,27090,-33530,5040,137.0
5347,1206,-154,-65,35070,-30450,1610,136.0
5360,1185,-110,-104,41020,-26950,-2380,138.0
5373,1203,-21,-180,47460,-16940,-8260,138.0
5383,1150,-20,-167,49210,-11410,-10010,140.0
5396,1143,83,-217,49770,-6090,-11060,140.0
5406,1088,-30,-271,49420,140,-12110,139.0
5419,1064,127,-175,48020,7070,-16170,141.0
5432,1143,-57,-104,38640,16100,-19460,141.0
5442,1186,89,-45,31080,20370,-22540,138.0
5455,1185,95,-24,23590,23030,-25130,138.0
5465,1177,87,-36,15820,24920,-27370,138.0
5478,1154,72,16,7280,28420,-33040,138.0
5491,1151,54,8,-17430,29330,-35840,138.0
5501,1125,29,96,-29050,30590,-39130,138.0
5514,1135,36,128,-40460,30310,-43610,138.0
5524,1131,39,142,-52640,29050,-48370,136.0
5537,1129,17,179,-75880,25340,-57820,136.0
5550,1127,-17,219,-84980,23170,-62510,136.0
5560,1105,-20,227,-91140,20230,-66990,138.0
5573,1077,-13,193,-95620,17150,-75110,138.0
5583,1039,-8,206,-99890,14770,-78820,138.0
5596,1006,-17,182,-106260,10640,-82740,135.0
5609,946,-45,118,-104160,8890,-86590,135.0
5619,894,-51,144,-99330,8330,-89250,136.0
5632,922,-47,71,-91210,7420,-91140,136.0
5642,949,-140,46,-63700,8050,-92330,139.0
5655,986,-162,-7,-44940,7700,-93450,138.0
5668,989,-180,21,-24500,9170,-94080,138.0
5678,1003,-167,-13,-2940,10010,-94500,137.0
5691,987,-131,-1,35700,11620,-94570,137.0
5701,972,-86,0,50190,11760,-94220,136.0
5714,932,-17,36,60340,11620,-94010,137.0
5727,932,31,41,66080,9380,-93590,137.0
5737,943,49,66,68250,7630,-93030,137.0
5750,952,61,151,69160,5040,-92260,137.0
5760,932,87,66,68880,1680,-91560,138.0
5773,896,72,72,67900,-210,-90650,140.0
5786,889,73,64,65240,-3850,-89040,140.0
5796,879,133,77,63490,-5740,-87360,137.0
5809,832,101,100,61320,-8190,-85820,137.0
5819,822,133,98,58730,-10500,-84770,139.0
5832,809,158,94,56210,-12740,-81340,140.0
5845,796,151,119,52080,-16730,-79380,140.0
5855,809,139,126,50890,-18970,-77560,137.0
5868,889,147,145,50400,-21350,-75670,137.0
5878,921,166,160,50120,-24010,-73570,138.0
5891,949,266,142,50470,-28910,-66780,136.0
5904,962,161,101,54950,-31220,-64680,136.0
5914,1011,121,-115,62160,-31570,-61810,136.0
5927,917,167,60,69790,-28490,-57960,136.0
5937,935,107,-54,75880,-28490,-54810,135.0
5950,952,154,-32,84700,-24920,-49210,132.0
5963,1005,171,9,87220,-23800,-46340,132.0
5973,1035,162,6,88270,-22750,-43610,132.0
5986,1090,178,-28,87640,-21280,-39200,132.0
5996,1121,186,49,85750,-19320,-36820,132.0
6009,1132,166,66,81620,-17360,-34930,132.0
6022,1020,98,113,78960,-17080,-33810,132.0
6032,961,223,25,74970,-17500,-33600,131.0
6061,1426,-1195,628,87780,-3360,-3290,129.0
6074,1531,-138,14,126420,-1960,8540,129.0
6087,1067,241,-17,126420,3920,16100,125.0
6101,1505,-894,170,113890,6720,34720,125.0
6111,1470,-497,221,112630,8330,45850,127.0
6124,1411,-407,166,90160,15540,58800,127.0
6134,1336,-692,56,79380,15330,69440,122.0
6147,815,526,-307,63560,12110,71260,125.0
6160,733,454,-379,43400,5670,66640,125.0
6170,859,353,-64,25760,770,64260,121.0
6183,1088,-90,-137,-4270,-1400,62650,121.0
6193,998,59,-206,-13860,-3640,60130,121.0
6206,954,100,-252,-19670,-4060,57050,120.0
6219,1004,4,-96,-20440,-3570,50470,120.0
6229,1063,-122,-141,-15610,-2100,47460,120.0
6242,1006,7,-128,-9730,-700,44590,120.0
6252,1010,8,-147,-3080,980,41790,116.0
6265,1028,-16,-126,4130,4830,37170,116.0
6278,1030,42,-118,17010,6650,35210,116.0
6288,1011,59,-114,21490,7700,33530,118.0
6301,1004,72,-128,25200,8470,32130,118.0
6311,999,95,-121,28490,9310,31150,115.0
6324,1002,104,-100,32060,9870,30030,116.0
6337,995,126,-76,32760,9590,29960,116.0
6347,990,132,-69,33180,9030,29890,114.0
6362,996,116,-74,34720,7700,29680,111.0
6376,1000,83,-66,36120,7280,29540,111.0
6386,1004,76,-88,37870,6860,29330,112.0
6399,1008,68,-83,40250,6720,28560,112.0
6409,1004,63,-50,42560,6510,28210,113.0
6422,1005,47,-49,47740,5950,28000,113.0
6432,1006,62,-17,49980,5530,27930,111.0
6445,999,50,-10,51240,4620,27860,108.0
6458,1006,60,-23,51240,2660,28140,108.0
6468,1012,63,-49,50400,1960,28490,109.0
6481,992,61,-79,49630,1260,28840,109.0
6491,1041,48,-107,49070,910,29330,110.0
6504,1327,122,-246,37730,-2660,29260,110.0
6517,1008,-308,162,-16660,4480,28980,110.0
6527,692,-127,16,-11060,-9100,26180,107.0
6540,1230,72,61,-14140,-1190,27300,107.0
6550,697,-501,-347,-12950,3710,26880,107.0
6563,831,-102,-465,-5110,-2030,21840,108.0
6576,1132,-14,-26,2030,70,20440,108.0
6586,1105,-49,-268,7490,1260,19390,109.0
6599,929,-125,-244,11200,1120,18620,109.0
6609,1027,-16,-147,15120,700,17570,111.0
6622,1050,7,-89,15820,2660,16800,109.0
6635,979,-50,-168,14490,2940,16590,109.0
6645,1010,-2,-117,11690,3640,16590,111.0
6658,1031,33,-80,7770,4480,17430,111.0
6668,1021,17,-102,3150,5320,18060,111.0
6681,1006,-17,-96,-5460,7000,18620,109.0
6694,1008,-11,-99,-8680,7490,19040,109.0
6704,1017,-9,-105,-10920,7980,19460,112.0
6717,1019,5,-119,-12110,8960,20160,112.0
6727,1027,15,-139,-12670,9940,20580,112.0
6740,1002,-69,-181,-13720,11270,20650,112.0
6753,1002,-94,-147,-14210,12390,20580,112.0
6763,1021,-14,-189,-14350,13300,20300,110.0
6776,1017,-40,-161,-17220,16240,21140,110.0
6786,1022,55,-221,-19880,18690,22400,115.0
6799,1015,-30,-149,-22820,21420,23450,113.0
6812,1018,20,-229,-23380,23030,25130,113.0
6822,1014,-25,-245,-25620,25620,25970,115.0
6835,1009,-31,-231,-28840,30730,26530,115.0
6845,1006,-55,-202,-31150,33460,27090,115.0
6858,1000,-67,-168,-33110,35840,27650,115.0
6871,1005,-22,-174,-35700,39900,29400,115.0
6881,1020,11,-188,-37520,42210,31080,115.0
6894,1249,-408,571,-40600,43680,28350,115.0
6904,1480,465,-396,-27720,35560,23240,114.0
6917,1220,641,194,-38780,43890,26250,113.0
6930,1069,265,-53,-50890,41370,31710,113.0
6940,958,7,533,-62930,44100,34720,120.0
6953,658,85,169,-67970,38990,31010,120.0
6963,1027,-189,221,-76790,37030,29540,120.0
6976,888,54,347,-86660,33740,29610,121.0
6989,954,144,196,-98070,31850,29820,121.0
6999,992,74,249,-104930,29610,29960,122.0
7012,885,0,309,-110180,26040,29750,122.0
7022,864,-19,364,-116480,22260,29610,124.0
7035,870,-53,352,-130060,15330,30520,125.0
7061,959,104,193,-146090,9730,30730,124.0
7075,862,348,1,-157500,2870,30870,125.0
7088,1028,4,-55,-167860,4970,34720,125.0
7098,1013,231,47,-168070,3850,36050,128.0
7111,1060,7,-357,-166110,2030,42140,128.0
7121,963,-86,-52,-162330,-770,43540,126.0
7134,977,-117,-179,-156730,-2310,45290,126.0
7147,978,-233,-44,-150430,-4410,46690,126.0
7157,1077,-359,-16,-130340,-7770,47110,125.0
7170,1200,-387,192,-44030,-11410,42910,125.0
7180,1331,-400,295,3920,-13650,39550,124.0
7193,1440,-360,333,46410,-17570,35280,130.0
7206,1403,-259,263,83160,-25690,26250,130.0
7216,1350,-198,231,112280,-28350,22190,129.0
7229,1303,-39,9,150570,-28280,18620,129.0
7239,1161,5,-153,159950,-27230,15680,133.0
7252,1083,18,-181,163660,-22260,12600,136.0
7265,1000,57,-257,162750,-10990,5950,136.0
7275,972,-52,-197,159600,-5600,980,138.0
7288,819,23,-239,154490,-980,-4480,138.0
7298,702,78,-294,147420,4620,-9380,142.0
7311,619,50,-267,138950,10850,-18620,139.0
7324,592,9,-256,116760,22330,-25340,139.0
7334,611,-46,-174,104580,27370,-32270,140.0
7347,783,-19,-154,92330,30870,-38990,140.0
7357,929,31,-28,78750,33810,-45990,135.0
7370,948,46,78,59220,33530,-59990,138.0
7383,1057,93,205,8190,31500,-66290,138.0
7393,1108,180,277,-18410,27650,-71890,133.0
7406,1167,130,245,-45850,23030,-76790,133.0
7416,1182,132,237,-70490,19110,-81200,132.0
7429,1194,118,218,-104300,12810,-87220,128.0
7442,1252,20,125,-111230,10570,-89530,128.0
7452,1237,73,217,-113750,9450,-91000,130.0
7465,1272,82,146,-114310,7000,-91910,130.0
7475,1240,-4,216,-114590,5810,-94290,128.0
7488,1238,131,171,-110250,1750,-97020,130.0
7501,1127,66,41,-104860,-210,-95900,130.0
7511,1070,18,66,-96670,560,-94080,134.0
7524,1051,-12,24,-86940,1820,-92330,134.0
7534,999,13,48,-58170,2380,-90720,137.0
7547,874,-50,-19,-38080,2870,-88900,139.0
7560,847,-35,11,-15540,3710,-86940,139.0
7570,838,-32,33,8120,3920,-84770,141.0
7583,823,-6,42,53410,2100,-80080,141.0
7593,805,41,77,70700,560,-77700,143.0
7606,796,140,89,83650,-1890,-75110,142.0
7619,793,178,102,91980,-8120,-70140,142.0
7629,796,201,104,96040,-11410,-67900,145.0
7642,796,226,104,97300,-14420,-65870,145.0
7652,799,211,55,96880,-17430,-63700,143.0
7665,851,187,69,96670,-19390,-61810,144.0
7678,874,211,74,96950,-23310,-58730,144.0
7688,877,219,73,97370,-25200,-56840,143.0
7701,865,192,79,98070,-27090,-55300,143.0
7711,846,171,52,99050,-28700,-53970,143.0
7724,829,164,45,99680,-29750,-52710,143.0
7737,834,170,45,99960,-31430,-52150,143.0
7747,853,160,38,99540,-31920,-51730,141.0
7760,862,179,46,97790,-32130,-51450,141.0
7770,890,166,36,94780,-32410,-51170,140.0
7783,937,176,11,90650,-31360,-51100,135.0
7796,955,143,22,79380,-30590,-51310,135.0
7806,961,155,20,72520,-29750,-51870,128.0
7819,1427,1011,-482,69020,-30100,-52990,128.0
7829,1735,-909,567,79800,-23170,-28840,128.0
7842,1269,-223,714,135170,-8190,5040,132.0
7855,1151,-549,688,133350,9030,25060,132.0
7865,1807,-1129,619,136990,5600,48790,129.0
7878,1286,-772,113,133490,21700,72170,129.0
7888,1270,-477,246,133280,32340,77000,128.0
7901,883,594,-283,127680,32550,71680,123.0
7914,957,370,76,116970,35000,68320,123.0
7924,1185,-385,-527,102200,33950,64820,123.0
7937,1071,-145,-100,77560,32550,59220,123.0
7947,1021,37,-348,60270,32620,55860,120.0
7960,976,114,-200,41860,32550,52570,118.0
7973,1039,-65,-334,21770,30030,49420,118.0
7983,1021,69,-196,4690,28420,46830,117.0
7996,989,135,-200,-27230,24430,42700,117.0
8006,1000,87,-63,-38360,22750,40810,115.0
8019,1025,-7,-56,-46200,20930,38780,119.0
8032,997,63,-5,-51240,17710,35420,119.0
8042,994,66,25,-54740,16100,34090,114.0
8069,999,50,115,-51100,13440,31710,116.0
8083,987,79,41,-41020,11480,31640,114.0
8096,990,106,60,-33530,11830,31920,114.0
8106,983,132,46,-25830,12320,32620,113.0
8119,982,152,50,-17500,13720,35700,115.0
8132,974,187,85,-350,14070,37730,115.0
8142,970,177,125,7770,14070,39970,113.0
8155,977,148,133,16030,13650,42140,113.0
8165,960,163,154,25340,13650,44240,112.0
8178,968,91,161,45150,12950,47250,112.0
8191,1002,1,142,55300,12880,48090,112.0
8201,1293,-330,123,53760,12180,48860,110.0
8214,1224,-167,-125,4550,-3780,39970,110.0
8224,1288,329,489,14700,3360,39900,110.0
8237,1038,470,-92,-8820,1890,38990,111.0
8250,984,-890,-148,-2870,-1050,36260,111.0
8260,1034,-141,78,8260,2240,31710,107.0
8273,1011,129,5,7490,4060,25900,107.0
8283,951,-140,-121,-4550,4340,23030,113.0
8296,991,-231,72,840,3990,20510,110.0
8309,1010,-7,121,3850,3290,18620,110.0
8319,991,14,84,2240,1820,17570,110.0
8332,962,-113,78,140,-1050,15680,110.0
8342,967,-171,80,2590,-2450,14770,116.0
8355,987,-86,69,3640,-3570,13860,113.0
8368,996,-79,21,2940,-4620,11970,113.0
8378,1007,-86,-18,2310,-4550,11410,112.0
8391,1020,-37,-29,2520,-3990,11060,112.0
8401,1035,-49,-14,1610,-3150,10640,111.0
8414,1012,-95,-26,1470,-2730,10360,115.0
8427,1015,-79,-30,2240,-1960,9450,115.0
8437,1021,-57,-18,2100,-1540,8960,115.0
8450,1019,-74,-19,1890,-1260,8400,115.0
8460,1010,-82,-5,1750,-980,7840,117.0
8473,1002,-95,12,1540,-770,6930,114.0
8486,1009,-69,16,1680,-1120,6650,114.0
8496,1007,-76,22,1960,-1540,6300,113.0
8509,1004,-72,32,2100,-1960,5950,113.0
8519,1007,-56,22,2240,-2520,5740,116.0
8532,1018,-47,11,2310,-3010,5810,112.0
8545,1022,-25,-10,1960,-2800,6160,112.0
8555,1026,-19,-16,1610,-2450,6580,117.0
8568,1041,5,-35,1260,-1960,7140,117.0
8578,1049,28,-34,910,-1120,8050,116.0
8591,1057,44,-48,-70,770,10500,115.0
8604,1047,9,-58,-630,1890,11970,115.0
8614,1048,-2,-71,-1120,3150,13230,115.0
8627,1062,5,-99,-1540,4480,15400,115.0
8637,1071,-28,-151,-1890,6090,16870,116.0
8650,1110,-120,-232,5320,9590,18270,119.0
8663,1128,58,-199,6790,12320,19460,119.0
8673,1122,47,-213,4970,15680,20300,118.0
8686,1129,102,-186,-210,25340,21140,118.0
8696,1181,124,-299,-15050,31920,21350,118.0
8709,1258,172,-447,-23100,39410,21910,122.0
8722,1285,195,-519,-30800,48020,22820,122.0
8732,1317,228,-583,-38430,57330,23800,122.0
8745,1303,253,-550,-56840,77280,25340,122.0
8755,1254,259,-236,-69230,85540,25270,129.0
8768,1081,176,-43,-83230,91280,25130,132.0
8784,959,165,356,-108990,94430,25060,132.0
8794,890,165,795,-119770,90860,23520,139.0
8807,517,187,798,-126490,74620,17780,139.0
8817,729,364,403,-131040,56560,14980,137.0
8830,1497,-63,844,-134680,28140,8120,143.0
8843,1011,208,103,-103950,10710,7770,143.0
8853,999,-536,264,-58240,6440,10920,147.0
8866,906,-184,96,4970,-140,8960,147.0
8876,936,-70,-65,64960,-2450,8820,153.0
8889,894,85,113,130340,-3990,9380,153.0
8902,891,129,-119,132720,-5950,10500,153.0
8912,948,371,12,125720,-4550,7910,156.0
8925,962,386,-25,113540,-4550,5530,156.0
8935,967,264,-77,100870,-2100,3570,158.0
8948,927,460,-71,71540,-2240,2310,159.0
8961,933,330,-17,52010,-700,2170,159.0
8971,922,346,26,28630,-490,70,162.0
8984,938,348,69,-24010,-2170,-5740,162.0
8994,957,255,159,-47460,-4970,-9660,158.0
9007,968,100,226,-65100,-8470,-14000,157.0
9020,966,60,219,-75530,-13020,-18340,157.0
9030,919,58,338,-81410,-17640,-22610,159.0
9043,904,-6,215,-88830,-29680,-32760,159.0
9065,887,-126,116,-86170,-35350,-44730,154.0
9079,910,-229,80,-81830,-36750,-56910,154.0
9092,931,-161,23,-66570,-37240,-61040,154.0
9105,1022,-180,63,-55720,-36680,-65100,154.0
9115,1047,-169,96,-44450,-36610,-69440,153.0
9128,1074,-149,72,-23310,-37450,-76860,149.0
9141,1056,-83,10,-14560,-37450,-79590,149.0
9151,1028,-53,-26,-7980,-36470,-81830,150.0
9164,1010,-17,-65,-3360,-34790,-83580,150.0
9174,995,14,-103,-910,-32270,-84910,146.0
9187,989,47,-152,-1190,-24780,-85960,145.0
9200,980,-5,-82,-2520,-20650,-86380,145.0
9210,995,-71,-113,-4270,-17780,-87850,147.0
9223,991,66,-88,-6580,-11550,-90510,147.0
9233,994,52,-42,-9100,-9660,-90300,151.0
9246,1033,93,3,-13230,-7630,-90020,144.0
9259,1042,214,-46,-15260,-6650,-88620,144.0
9269,1041,158,-44,-18900,-4900,-85750,145.0
9282,1035,142,14,-28980,-2660,-81760,145.0
9292,1039,121,-22,-36260,-1750,-80640,147.0
9305,1068,167,58,-44520,-1820,-79380,149.0
9318,1111,180,106,-52360,-2520,-75530,149.0
9328,1144,166,155,-59220,-4130,-73220,149.0
9341,1170,155,216,-66920,-10010,-70980,149.0
9351,1192,135,220,-66780,-14070,-68390,151.0
9364,1192,230,216,-64190,-18130,-64750,150.0
9377,1162,141,225,-60200,-26530,-56840,150.0
9387,1101,107,212,-55930,-30730,-54670,154.0
9400,909,120,188,-49560,-35280,-52360,154.0
9410,831,-9,237,-46060,-39200,-50750,159.0
9423,809,102,100,-38360,-43750,-49490,158.0
9436,739,-13,102,-14000,-47320,-45780,158.0
9446,712,-62,129,3990,-49420,-44380,164.0
9459,698,-128,48,25270,-49560,-42560,164.0
9469,735,-134,36,48160,-50260,-40950,160.0
9482,785,-115,25,71470,-50820,-36470,158.0
9495,856,-63,15,114240,-51170,-33040,158.0
9505,930,37,30,131250,-51450,-28980,159.0
9518,1007,90,-4,144200,-51730,-24430,159.0
9528,979,132,-10,152040,-51310,-19600,160.0
9541,946,118,-29,156380,-49420,-10990,152.0
9554,842,129,56,156940,-49770,-7210,152.0
9564,834,246,-257,157080,-49560,-3010,153.0
9577,735,395,-41,154000,-43820,2660,153.0
9587,799,146,-10,145530,-41440,7350,148.0
9600,858,328,38,110320,-35490,10640,145.0
9613,952,431,-21,83440,-32970,13020,145.0
9623,991,544,11,52150,-29540,14210,137.0
9636,1799,1534,-741,27860,-2030,51240,137.0
9646,658,-1346,862,32060,-21980,58170,136.0
9659,1543,-277,-498,22190,11270,72590,132.0
9672,-197,858,-451,43190,9800,72520,132.0
9682,251,645,-428,25760,-2590,65870,130.0
9695,917,41,-528,45500,13440,52500,130.0
9705,1362,96,68,32130,10570,56490,128.0
9718,993,271,-695,29960,9380,56140,125.0
9731,735,628,-502,25970,14980,51940,125.0
9741,858,128,-681,22050,19250,49630,124.0
9754,1083,-155,-405,21840,26390,48020,124.0
9764,1096,-77,-571,18410,29680,45990,124.0
9777,920,169,-521,15050,34370,43120,123.0
9790,989,7,-476,9800,39480,38710,123.0
9800,1026,-20,-412,3080,41020,36890,122.0
9813,950,124,-369,-14700,41720,35210,122.0
9823,965,110,-282,-23240,41860,33670,120.0
9836,978,88,-240,-30240,41580,32480,118.0
9849,953,145,-190,-38430,40040,30730,118.0
9859,948,160,-141,-41020,38920,30100,119.0
9872,987,89,-67,-42070,38220,29400,119.0
9882,976,102,-35,-42980,36750,28840,123.0
9895,961,117,-26,-43890,34720,27580,116.0
9908,984,104,22,-45500,30870,27230,116.0
9918,979,136,27,-46480,28280,26810,116.0
9931,967,130,32,-47880,25760,26600,116.0
9941,994,71,50,-49420,23100,26110,118.0
9954,993,79,82,-52500,17150,25130,117.0
9967,967,158,111,-54530,13510,25130,117.0
9977,965,135,110,-56000,9940,25060,116.0
9990,997,67,104,-56420,6650,24990,116.0
10000,1025,15,157,-55020,3920,24780,115.0
10013,1010,42,177,-48720,-1820,23520,114.0
10026,1007,-3,109,-44450,-4620,22540,114.0
10036,1034,-46,148,-37520,-6160,21420,114.0
10049,1020,-28,130,-28980,-7980,18900,114.0
10078,1033,-13,-7,5180,-4970,15540,114.0
10091,1018,61,-142,24850,-3290,14840,114.0
10104,1013,84,-204,27930,-1680,14350,113.0
10118,1010,124,-220,19180,70,14070,113.0
10128,1007,146,-230,9450,140,14560,113.0
10141,997,173,-220,-980,210,15190,113.0
10154,995,171,-161,-10080,280,17010,113.0
10164,1000,131,-121,-16030,210,17710,112.0
10177,996,105,-34,-14770,1120,18130,112.0
10187,1006,-106,-67,-9520,2170,18480,114.0
10200,1018,364,75,70,1960,17920,112.0
10213,1020,-23,-63,15050,4830,20720,112.0
10223,1004,15,-67,21630,5390,21070,112.0
10236,1008,109,-114,24640,5810,21910,112.0
10246,1013,53,-73,26740,6790,22610,113.0
10259,993,104,-83,26250,6860,23100,109.0
10272,996,93,-71,20230,6090,24220,109.0
10282,1003,96,-51,16380,5530,24640,111.0
10295,1000,72,-60,12810,4830,25130,111.0
10305,1294,-261,-247,9380,3500,25690,109.0
10318,1033,-320,-26,5670,3220,22470,108.0
10331,1019,-80,-184,2590,2520,20860,108.0
10341,1088,-178,-103,5320,5460,17990,108.0
10354,987,-94,-124,2870,6370,15190,108.0
10364,1005,-57,-90,280,7280,11970,107.0
10377,1010,-150,-55,-2730,8750,7070,109.0
10390,978,-135,-46,-2870,9030,4550,109.0
10400,1021,84,-89,-2450,8610,3150,107.0
10413,1021,46,-22,-4200,9030,3150,107.0
10423,1012,-34,28,-5110,8610,3220,108.0
10436,1018,37,44,-5040,6440,3850,110.0
10449,1035,127,46,-5390,5180,5110,110.0
10459,1029,100,43,-5040,3710,6650,111.0
10472,1031,107,40,-4270,840,9800,111.0
10482,1040,134,38,-3430,-490,11480,108.0
10495,1021,85,0,-1610,-1610,13160,110.0
10508,1020,56,-8,-140,-2660,14490,110.0
10518,1029,74,-34,1680,-3570,15540,110.0
10531,1035,95,-69,4060,-3640,17780,110.0
10541,1017,34,-98,5320,-3290,18480,108.0
10554,1021,10,-124,6720,-2870,18830,110.0
10567,1009,-29,-146,7000,-1750,18970,110.0
10577,1019,-8,-160,7210,-280,18830,112.0
10590,1016,-69,-203,5320,3920,18690,112.0
10600,1006,-41,-206,4410,6370,18270,111.0
10613,1021,-17,-195,3290,8960,17990,112.0
10626,1024,-25,-189,1400,13930,17710,112.0
10636,1021,-26,-179,910,15960,17570,109.0
10649,1010,-41,-157,700,17780,17500,109.0
10659,1010,-27,-155,840,19460,17500,112.0
10672,1013,-25,-148,910,21210,17710,113.0
10685,1101,-107,185,-140,23380,17920,113.0
10695,1068,72,7,-2030,21910,18060,114.0
10708,1003,-131,87,-8120,23030,18340,114.0
10718,1010,-119,72,-6720,21280,17920,115.0
10731,1017,-53,89,-4620,18200,16940,114.0
10744,1019,84,91,-11060,16520,15820,114.0
10754,1036,123,267,-22470,17010,14140,115.0
10767,1091,215,29,-32690,16450,13160,115.0
10777,1010,-83,52,-41720,18270,12600,115.0
10790,999,-96,-20,-44450,19040,12390,112.0
10803,1143,-15,-258,-42070,20790,13090,112.0
10813,1223,75,-377,-38220,23800,14630,117.0
10826,1238,174,-386,-36050,28980,18410,117.0
10836,1226,233,-346,-37520,35070,19600,116.0
10849,1189,264,-148,-52710,46900,20370,120.0
10862,1101,285,-20,-64680,51170,20720,120.0
10872,1070,232,121,-78330,54040,21070,121.0
10885,1002,249,186,-90650,55580,24850,121.0
10895,1049,165,271,-101220,53830,24990,126.0
10908,685,14,367,-119560,48580,22540,129.0
10921,1203,315,265,-124250,40950,19950,129.0
10931,1482,57,275,-127610,36960,18830,130.0
10944,1213,267,293,-123270,25340,18060,130.0
10954,1155,194,182,-118090,21560,18340,133.0
10967,1186,71,195,-111160,18200,17360,140.0
10980,1038,268,141,-101990,15890,17710,140.0
10990,1031,24,50,-90650,13510,17920,143.0
11003,977,-3,12,-58030,12950,17640,143.0
11013,942,37,-6,-39270,14000,16940,148.0
11026,904,59,27,-21280,15540,16590,149.0
11039,885,82,51,3080,16450,15400,149.0
11049,878,122,69,8750,16030,14980,151.0
11078,904,38,44,8050,13720,11900,155.0
11091,906,69,114,3640,12110,10430,155.0
11104,930,67,121,-630,10640,5880,156.0
11118,950,19,131,-11410,7070,2660,156.0
11128,979,-3,226,-17430,5320,-910,158.0
11141,968,-35,227,-23730,1750,-4760,158.0
11151,936,-44,203,-29960,-1960,-8680,160.0
11164,894,-69,221,-39620,-8960,-16800,159.0
11177,861,-158,138,-41300,-11340,-21140,159.0
11187,876,-189,90,-40530,-13230,-25900,157.0
11200,884,-214,69,-35140,-14350,-36120,158.0
11216,921,-176,49,-31500,-14420,-40880,158.0
11226,939,-194,49,-27160,-14280,-45010,158.0
11239,939,-162,66,-22260,-14070,-52080,158.0
11249,945,-155,32,-17220,-14210,-54670,157.0
11262,947,-121,-37,-5110,-12460,-56490,152.0
11275,952,-96,-69,1330,-10640,-57820,152.0
11285,961,-83,-91,7630,-8190,-58800,152.0
11298,970,-60,-106,13510,-2030,-59920,152.0
11308,987,-50,-115,18340,1260,-60340,149.0
11321,1032,-10,-108,22820,4340,-60760,148.0
11334,1036,8,-26,23030,7280,-60970,148.0
11344,1069,22,9,22890,8680,-60970,143.0
11357,1094,27,2,21490,10220,-61040,143.0
11367,1093,-14,3,19530,11060,-61950,144.0
11380,1098,74,9,16800,12600,-62510,142.0
11393,1099,144,17,13580,13440,-62020,142.0
11403,1102,68,5,7630,14210,-62440,138.0
11416,1088,131,90,-11130,14980,-62930,138.0
11426,1103,197,91,-22960,14210,-63490,143.0
11439,1207,182,137,-36400,13510,-63980,140.0
11452,1236,195,164,-61460,9940,-64540,140.0
11462,1257,153,223,-69300,6790,-64960,144.0
11475,1298,98,216,-72940,3780,-65450,144.0
11485,1295,111,275,-74550,630,-65870,145.0
11498,1300,123,228,-75740,-3570,-66150,147.0
11511,1270,126,227,-78540,-9870,-66640,147.0
11521,1228,78,183,-78120,-13020,-67970,153.0
11534,1069,73,189,-74270,-15400,-68950,153.0
11544,988,157,89,-67830,-17850,-68530,153.0
11557,920,43,20,-59500,-17570,-66360,166.0
11570,845,67,31,-37870,-17780,-65520,166.0
11580,815,66,21,-24640,-17360,-63910,163.0
11593,788,55,-12,-9870,-16940,-61810,163.0
11603,788,72,41,4830,-16100,-59710,169.0
11616,799,109,50,28000,-16730,-54880,169.0
11626,804,134,71,34300,-17710,-52430,170.0
11639,821,198,125,37100,-19810,-49910,173.0
11652,829,219,148,37870,-22050,-44030,173.0
11662,824,192,172,38080,-24640,-41160,176.0
11675,816,190,129,39620,-30730,-38080,176.0
11685,810,203,108,42210,-32760,-34790,175.0
11698,755,140,92,45710,-34510,-31920,175.0
11711,735,149,82,53690,-36960,-27020,175.0
11721,726,136,58,53690,-37520,-24780,178.0
11734,689,155,55,60340,-37940,-22820,178.0
11744,690,172,73,62580,-38500,-20720,176.0
11757,723,165,59,64050,-39200,-18620,174.0
11770,747,146,67,66150,-39970,-15540,174.0
11780,769,155,85,66150,-40460,-14840,173.0
11793,813,208,108,64470,-40390,-14420,173.0
11803,859,218,88,61530,-41160,-13440,166.0
11816,883,226,73,58030,-41440,-10920,164.0
11829,923,250,90,48580,-41370,-9870,164.0
11839,958,272,80,42910,-41160,-8820,161.0
11852,1043,293,56,37100,-40460,-7560,161.0
11862,1079,314,56,31010,-39130,-6160,153.0
11875,1118,319,29,15960,-35000,-4130,148.0
11888,1095,377,28,5460,-31640,-3640,148.0
11898,1091,367,2,-6930,-28630,-3570,144.0
11911,1073,389,-13,-20790,-24990,-5250,144.0
11921,1035,413,12,-35630,-20860,-5390,141.0
11934,1826,1162,572,23380,-4480,31010,138.0
11947,708,1096,753,81340,4900,47460,138.0
11957,1165,672,-1028,53340,-7280,48720,134.0
11970,269,-148,281,80360,9170,45220,134.0
11980,355,1266,485,85750,5320,39830,132.0
11993,763,7,-165,81900,11620,36400,136.0
12006,1408,-229,230,81550,16800,36330,136.0
12016,1114,122,-337,77840,15400,37450,130.0
12029,811,438,-613,68530,21630,34930,130.0
12039,732,555,-406,61040,22960,33040,130.0
12052,1109,117,-327,51660,23100,32270,130.0
12078,934,707,-250,7770,20160,34930,128.0
12092,715,711,-285,-12390,15750,36260,127.0
12105,884,663,-64,-48790,7000,44030,127.0
12115,967,462,-12,-58100,2800,50330,127.0
12128,758,800,272,-61110,-1190,56910,127.0
12138,781,681,428,-58940,-6440,63490,128.0
12151,967,229,216,-44450,-11410,68740,122.0
12164,795,504,288,18480,-9450,79800,122.0
12174,844,346,304,59640,-4830,85120,122.0
12187,868,301,69,100380,980,90440,122.0
12197,975,-122,-42,142450,9380,92960,118.0
12210,973,-14,-54,180950,24290,88620,116.0
12223,1049,-642,-252,221060,30100,84210,116.0
12233,1156,-446,-138,213710,32760,79240,114.0
12246,1068,-284,-604,186270,30310,72240,114.0
12256,1074,-315,-514,151970,31710,65310,108.0
12269,1656,-988,-1054,26670,22330,48580,113.0
12282,1122,-106,447,-6370,39830,37030,113.0
12292,691,-873,-1020,7700,37100,24920,109.0
12305,1155,-207,-358,3500,41160,1260,109.0
12315,1156,-296,307,-1960,52430,-8120,110.0
12328,971,-643,-177,-7140,49700,-14560,112.0
12341,1073,-107,352,-11060,47880,-18130,112.0
12351,1359,-441,65,-31640,39830,-18830,109.0
12364,826,444,73,-61740,25060,-17500,109.0
12374,689,763,86,-91140,16590,-12600,110.0
12387,969,398,699,-113610,10990,-6160,111.0
12400,854,522,478,-106260,4970,770,111.0
12410,826,479,655,-85960,1260,8260,110.0
12423,909,208,776,-25760,-8120,20440,110.0
12433,1006,49,425,17780,-5600,25130,109.0
12446,988,-110,415,59430,-4410,28350,111.0
12459,1357,-167,256,96180,-2870,30450,111.0
12469,1031,-172,-1233,67060,-10780,30310,108.0
12482,1025,-49,562,9660,-6720,24500,108.0
12492,1159,-481,-882,2100,-5530,22330,110.0
12505,1052,92,-459,4410,2450,16100,108.0
12518,990,-413,7,2100,8330,6510,108.0
12528,1067,-172,-122,1540,11970,2380,106.0
12541,970,-112,41,1190,14280,140,106.0
12551,980,-16,169,1330,12530,-1680,106.0
12564,1024,64,107,1330,9730,-2310,109.0
12577,1003,88,228,1680,5040,70,109.0
12587,981,98,99,1960,1680,1750,110.0
12600,1006,97,79,2310,-210,3500,110.0
12610,1019,89,70,2240,-1400,5180,109.0
12623,1031,68,11,2240,-1960,7700,111.0
12636,1031,5,-60,2800,-1470,8050,111.0
12646,1027,-23,-72,3220,-630,7840,108.0
12659,1014,-40,-44,4620,140,7350,108.0
12669,1016,-3,-2,7280,70,7070,109.0
12682,1021,38,43,8680,-630,7490,105.0
12695,1031,50,41,7280,-490,7840,105.0
12705,1049,89,26,4060,0,7630,108.0
12718,1028,5,-58,980,980,7770,108.0
12728,1009,-54,-46,1890,1610,7630,111.0
12741,1019,4,-11,1890,2310,7280,111.0
12754,1015,-64,-40,840,2940,6790,111.0
12764,1006,-69,-7,1610,3360,6160,111.0
12777,1033,44,22,2170,3430,5600,111.0
12787,1021,56,54,1330,2730,6020,107.0
12800,994,-13,71,1400,1820,6370,109.0
12813,1019,20,38,1750,1050,6510,109.0
12823,1022,-13,3,1260,840,6510,111.0
12836,1024,-37,-34,490,2100,5600,111.0
12846,1032,-29,-57,0,3360,4900,110.0
12859,1023,-73,-40,-350,4340,3850,110.0
12872,1029,-65,-46,-560,5250,1330,110.0
12882,1035,-53,-45,-910,6230,-140,109.0
12895,1037,127,44,-8820,8750,-2590,109.0
12905,1080,116,16,-21140,11200,-5390,112.0
12918,992,-125,-20,-31220,13720,-8330,109.0
12931,967,-183,-5,-43260,17920,-16380,109.0
12941,984,-205,-54,-44870,19180,-20440,109.0
12954,1089,21,-220,-43680,21770,-24850,109.0
12964,1433,-1181,-893,-13510,14420,-22260,110.0
12977,1067,33,-42,11060,27160,-24710,112.0
12990,931,584,-53,-15400,23730,-27230,112.0
13000,1089,-9,35,-20090,25550,-27300,113.0
13013,1199,564,-101,-35210,22540,-29680,113.0
13023,1065,1146,-173,-73220,19600,-36750,114.0
13036,1106,342,-407,-106610,17990,-40460,116.0
13049,976,584,111,-154560,15400,-42980,116.0
13059,889,374,88,-167230,13650,-41860,117.0
13086,864,378,332,-172060,2170,-30940,119.0
13100,757,379,435,-170030,-2940,-25270,120.0
13113,755,380,424,-167020,-12320,-13720,120.0
13123,818,191,379,-167020,-15890,-9590,121.0
13136,920,141,215,-158900,-19250,-4550,120.0
13149,955,-32,269,-149590,-21210,840,120.0
13159,921,39,308,-137830,-24570,7000,121.0
13172,860,-49,409,-106330,-29330,18690,121.0
13182,807,-63,429,-88130,-31920,24080,119.0
13195,982,-196,173,-66430,-32340,29890,117.0
13208,1087,-246,64,-43680,-31080,40320,117.0
13218,1062,-209,84,-22050,-28280,44170,116.0
13231,1000,-119,170,11760,-24010,47110,116.0
13241,962,-303,382,20230,-23380,48860,113.0
13254,1277,435,-199,-2240,-30380,38920,113.0
13267,1342,275,138,-12040,-25270,37240,113.0
13277,1219,-136,-92,-14350,-21840,37450,111.0
13290,965,-462,-62,-17430,-18760,32270,111.0
13300,1001,-297,-136,-21350,-15050,27020,113.0
13313,1105,-252,-313,-24220,-10710,21280,114.0
13326,1116,-277,-390,-22610,0,14070,114.0
13336,1099,-241,-385,-17290,4550,11830,112.0
13349,1061,-310,-289,-10360,8960,10010,112.0
13359,1035,-329,-241,-2730,12320,8190,113.0
13372,1038,-287,-212,2940,18760,3150,116.0
13385,1064,-81,-182,5040,22260,350,116.0
13395,1085,-28,-118,1750,26040,-2240,116.0
13408,1063,8,-55,-3570,29540,-4620,116.0
13418,1054,21,12,-10640,32690,-6930,115.0
13431,1026,-5,25,-26600,37450,-12180,116.0
13444,991,65,212,-33740,38080,-14280,116.0
13454,936,33,304,-39340,37170,-15610,118.0
13467,911,-37,323,-44310,34790,-18620,118.0
13477,870,48,494,-49700,32690,-18900,119.0
13490,865,68,539,-53970,22610,-18410,121.0
13503,854,94,558,-56070,17080,-17920,121.0
13513,917,192,528,-56770,11410,-17150,120.0
13526,966,-162,127,-46620,-2870,-7280,120.0
13536,888,-399,239,-25620,-9730,-1610,118.0
13549,818,271,550,12320,-13650,1610,119.0
13562,897,453,477,6370,-19180,1960,119.0
13572,926,115,364,-3290,-22960,2870,120.0
13585,963,-83,217,1750,-27440,6510,120.0
13595,997,59,133,1190,-28070,7000,116.0
13608,1068,331,212,-7000,-27300,6440,116.0
13622,1036,400,296,-47810,-23520,980,116.0
13633,999,354,278,-69580,-21630,-2730,118.0
13646,1015,122,78,-85260,-20440,-6090,114.0
13659,1046,-110,-120,-89040,-20370,-6930,114.0
13669,1029,-333,-201,-80920,-20510,-4900,120.0
13682,1000,-474,-201,-35910,-22890,-1820,120.0
13692,997,-522,-158,-8120,-24710,1400,113.0
13705,1008,104,130,8120,-25200,2940,111.0
13718,1022,367,177,3150,-24430,1470,111.0
13728,1026,-7,26,-6510,-24080,1680,110.0
13741,1026,-16,-9,-1610,-24150,2170,110.0
13751,1034,120,56,0,-23870,2590,113.0
13764,1022,78,68,-2870,-23730,2590,111.0
13777,1004,29,91,-8610,-23380,1960,111.0
13787,998,48,88,-10290,-23800,1750,113.0
13800,1340,-72,-386,-9660,-25970,2170,113.0
13810,1125,174,-368,-5040,-22120,3570,110.0
13823,995,-124,116,1190,-19460,4130,110.0
13836,1019,60,-310,910,-16100,3710,110.0
13846,1094,-88,-217,910,-10710,3640,111.0
13859,1038,-50,-227,1400,-6720,2660,111.0
13869,1054,-8,-189,1400,-3010,1750,108.0
13882,1047,-15,-190,1540,4200,1190,111.0
13895,1032,15,-68,1470,6510,1190,111.0
13905,1027,3,-60,1470,7980,1330,110.0
13918,1025,33,5,1820,9030,1610,110.0
13928,1016,9,41,1750,9100,2100,107.0
13941,1011,2,80,2310,8050,2240,110.0
13954,1009,50,131,2310,7000,2450,110.0
13964,998,0,100,1960,5390,2590,107.0
13977,1000,10,110,2100,2240,2520,107.0
13987,999,33,120,2030,560,2590,106.0
14000,994,21,96,1890,-1190,2660,110.0
14013,1002,15,93,1960,-2660,2730,110.0
14023,1001,-3,87,1820,-4060,2660,110.0
14036,1008,-3,63,1820,-5950,1890,110.0
14046,1012,-16,41,1820,-6230,1400,111.0
14059,1019,-26,6,1680,-6160,770,110.0
14095,1026,-15,-17,1680,-3500,-1260,111.0
14109,1028,30,-23,1680,-2730,-1400,111.0
14122,1024,35,-2,1680,-1540,-490,107.0
14135,1018,49,26,1610,-1190,420,107.0
14145,1021,49,12,1610,-1330,1260,111.0
14158,1023,51,9,1890,-1120,2170,110.0
14171,1014,34,12,1960,-1050,3710,110.0
14181,1019,24,-1,1890,-840,3920,108.0
14194,1018,26,14,2030,-490,4060,108.0
14204,1015,5,19,1890,-420,4200,107.0
14217,1021,-1,2,1890,-140,3710,111.0
14230,1016,1,25,1820,-140,3290,111.0
14240,1015,15,37,1890,-350,3150,109.0
14253,1013,13,34,1890,-630,3150,109.0
14263,1019,40,34,1960,-980,3430,108.0
14276,1023,49,21,2240,-1260,4760,111.0
14289,1028,13,-16,2240,-1050,5110,111.0
14299,1029,1,-17,2240,-420,5110,108.0
14312,1019,-12,-4,2310,140,4340,108.0
14322,1011,-38,7,2100,630,3710,109.0
14335,1012,-18,61,2100,420,3150,107.0
14348,1002,-5,84,2030,-420,3010,107.0
14358,1007,15,75,2100,-1610,2800,111.0
14371,1009,19,65,2030,-3430,2870,111.0
14381,1004,-14,53,1890,-3990,2520,109.0
14394,1025,-3,-13,1820,-3850,2170,109.0
14407,1020,-25,-25,1610,-3150,1750,109.0
14417,1020,-18,-17,1540,-2450,1330,111.0
14430,1029,28,-8,1610,-1260,1260,111.0
14440,1025,39,3,1750,-1050,1960,108.0
14453,1020,62,35,1960,-1120,2870,111.0
14466,1022,55,25,2100,-1330,4830,111.0
14476,1017,21,14,2030,-1260,5180,110.0
14489,1017,-7,-30,2030,-770,4970,110.0
14499,1018,-105,-57,2030,70,3990,108.0
14512,1015,-112,-53,1890,1260,2030,108.0
14522,1022,-86,-42,1820,2380,-210,107.0
14535,1021,-63,-15,1470,3640,-3710,109.0
14548,1018,62,79,1820,3220,-4340,109.0
14558,1009,21,50,1540,2240,-3920,108.0
14571,1006,142,118,2240,1190,-2730,108.0
14581,1000,84,94,1890,-280,1400,109.0
14594,1014,82,-14,1960,-2100,2730,111.0
14607,1026,0,-12,1960,-1470,3080,111.0
14617,1028,-25,-21,1750,-770,2660,106.0
14630,1036,-41,-53,1540,1120,560,106.0
14640,1030,-37,-32,1470,1820,-350,111.0
14653,1018,3,45,1540,1540,-1050,110.0
14666,1010,39,76,1820,840,-1050,110.0
14676,994,51,119,2100,-350,-420,109.0
14689,989,58,130,2170,-3570,1190,109.0
14699,1008,52,83,1960,-4480,1680,109.0
14712,1013,12,44,2170,-4900,1960,108.0
14725,1025,13,9,1960,-5040,1960,108.0
14735,1057,-13,-45,630,-4550,1960,109.0
14748,1023,13,-68,5880,-4130,2800,109.0
14758,1081,12,-37,8680,-3150,3640,109.0
14771,1048,106,3,8960,-2800,4830,112.0
14784,1040,143,51,7280,-1330,6860,112.0
14794,1063,201,38,3710,-280,8190,108.0
14807,1064,237,13,-6440,1050,9660,108.0
14817,1052,211,14,-11830,2450,11340,114.0
14830,1056,189,-17,-17080,3850,12670,112.0
14843,1075,216,-58,-29120,7910,15050,112.0
14853,1067,196,-55,-34020,9870,15750,113.0
14866,1058,103,-81,-39130,11200,16520,113.0
14876,1041,143,-78,-43050,13230,16450,113.0
14889,1041,114,-43,-46690,14840,16380,114.0
14902,1044,149,7,-54390,17920,16590,114.0
14912,1067,174,-4,-57820,19250,17290,113.0
14925,1044,139,41,-60970,20440,17920,113.0
14935,1137,118,60,-65240,21840,19250,118.0
14948,1015,156,85,-73990,23660,20090,117.0
14961,981,49,196,-77980,22260,19600,117.0
14971,1219,141,48,-82460,21420,19670,116.0
14984,950,-55,181,-85820,22960,19040,116.0
14994,854,61,183,-83160,20510,15330,121.0
15007,887,230,175,-73920,18270,14980,122.0
15020,1054,-90,193,-67270,15680,11340,122.0
15030,971,174,121,-53130,12950,9240,122.0
15043,1058,-202,22,-30940,11620,8610,122.0
15053,1047,-57,186,-1680,9450,7700,122.0
15066,1102,3,120,52570,9730,7070,123.0
15094,962,210,92,84000,4690,2240,125.0
15107,790,114,-7,82880,3920,-1050,125.0
15120,860,267,161,71680,2520,-7770,125.0
15130,872,161,122,71680,980,-10990,127.0
15143,898,248,116,57680,1540,-13440,125.0
15156,939,241,150,49910,140,-15470,125.0
15166,956,294,101,41720,-1890,-17570,123.0
15179,953,263,123,26110,-4620,-20230,123.0
15189,928,271,151,21140,-6580,-21140,125.0
15202,930,216,130,19250,-8120,-21700,123.0
15215,922,194,129,20580,-9800,-22540,123.0
15225,933,170,93,24780,-11340,-22680,120.0
15238,961,175,77,38150,-13090,-22400,120.0
15248,984,177,70,45010,-13510,-21980,117.0
15261,1012,181,96,50120,-13930,-21840,117.0
15271,1043,180,115,53130,-14840,-21910,119.0
15284,1069,192,108,55230,-17220,-22470,118.0
15297,1110,180,127,55580,-18480,-22820,118.0
15307,1119,178,127,56000,-19950,-23100,116.0
15320,1114,168,111,56350,-21280,-23380,116.0
15330,1087,173,106,56140,-22400,-23800,117.0
15343,1067,175,86,52920,-24010,-24500,117.0
15356,1022,167,88,49910,-24500,-25060,117.0
15366,1008,160,47,45920,-24990,-25760,116.0
15379,1007,176,40,40880,-24220,-27160,116.0
15389,1011,148,84,34860,-24430,-28280,118.0
15402,1014,141,61,22120,-24570,-29470,118.0
15415,984,117,51,15610,-24360,-30660,118.0
15425,967,105,48,9240,-23940,-32060,114.0
15438,960,101,47,-2240,-22750,-34790,114.0
15448,953,86,33,-6930,-21770,-36050,114.0
15461,957,44,42,-10640,-20930,-37450,114.0
15474,957,38,53,-13020,-20090,-40180,114.0
15484,947,18,42,-14490,-19390,-41230,114.0
15497,1449,228,139,-3290,-15540,-32060,114.0
15507,1656,-1591,211,19810,-14490,-24220,115.0
15520,902,-92,-157,25410,-14700,-23800,119.0
15533,838,184,0,25620,-9660,-20930,119.0
15543,971,-34,58,26180,-9870,-19250,117.0
15556,1157,-271,76,31570,-7910,-16940,117.0
15566,1038,-198,-7,35770,-6440,-14840,118.0
15579,1033,-229,3,40040,-4270,-11340,118.0
15592,1103,-361,27,50190,-700,-3920,118.0
15602,1129,-355,49,54740,1610,-210,116.0
15615,1042,-269,37,57750,3290,3710,116.0
15625,1060,-224,42,57750,5110,7350,117.0
15638,1067,-325,82,56770,7070,15750,118.0
15651,1076,-360,107,55720,9380,19880,118.0
15661,1024,-478,81,51660,9940,24570,116.0
15674,1202,-27,-25,47460,9380,28560,116.0
15684,887,479,-271,37030,7490,25970,115.0
15697,903,339,-141,8120,3850,25340,114.0
15710,1009,134,-100,-7840,-210,25130,114.0
15720,999,186,-127,-22610,-2800,24290,118.0
15733,1005,204,-102,-36890,-4970,24080,118.0
15743,1011,93,-111,-50330,-7070,23590,113.0
15756,1023,72,-78,-70490,-10570,21420,114.0
15769,1023,48,-84,-76930,-11550,20160,114.0
15779,1066,33,-63,-80570,-11970,18970,114.0
15792,920,24,-76,-80990,-11690,16450,114.0
15802,1060,135,43,-79660,-10150,15190,116.0
15815,1039,-144,-103,-76580,-9940,14280,112.0
15828,1052,-5,-6,-71470,-8750,12950,112.0
15838,986,142,-8,-67900,-7910,11760,110.0
15851,976,148,19,-62440,-7280,11690,110.0
15861,986,98,59,-59290,-7630,12110,113.0
15874,1022,117,26,-55370,-7560,12600,110.0
15887,998,123,44,-50890,-7420,14350,110.0
15897,1003,135,68,-46340,-7420,15330,109.0
15910,997,123,113,-35560,-8050,16240,109.0
15920,987,130,97,-29400,-8540,17430,112.0
15933,982,144,86,-22610,-8750,18760,111.0
15946,1007,127,53,-14980,-8120,21630,111.0
15956,1000,109,58,-6580,-7630,22890,109.0
15969,995,124,48,9800,-7070,24150,109.0
15979,994,105,50,17220,-6650,25270,110.0
15992,1000,97,39,23660,-6440,26320,110.0
16005,1003,86,37,32340,-6510,27930,110.0
16015,1003,91,33,34370,-7070,28700,108.0
16028,1003,63,18,35070,-7770,29190,108.0
16038,1003,56,11,35210,-8540,29540,109.0
16053,1006,59,-27,34580,-10010,29960,105.0
16066,1036,9,110,36120,-10710,29960,105.0
16089,985,-351,-391,17850,-14140,24430,108.0
16103,1080,192,-59,1890,-16590,22330,108.0
16116,1098,163,-236,-210,-15400,22680,107.0
16130,941,-230,-130,3710,-11690,21700,107.0
16140,944,-234,-185,9520,-11550,18900,107.0
16153,1015,-116,-196,13300,-10010,16870,108.0
16166,1009,-102,-232,17710,-8260,13720,108.0
16176,981,-124,-207,21420,-6440,12180,108.0
16189,992,-95,-185,27020,-3780,10570,108.0
16199,1005,-63,-156,27510,-2170,9380,111.0
16212,1004,-69,-142,26600,-560,8470,109.0
16225,1002,-64,-143,22050,2660,6930,109.0
16235,1008,-41,-100,18550,3920,6440,108.0
16248,1008,-37,-66,14980,4900,5950,108.0
16258,1001,-57,-53,11550,5670,5670,109.0
16271,1014,-21,-38,9170,6090,5250,107.0
16284,1024,31,-59,6090,6300,5740,107.0
16294,1029,51,-80,5880,6440,6650,109.0
16307,1023,32,-102,6930,6720,7630,109.0
16317,1023,25,-113,9450,6930,8540,109.0
16330,1017,1,-99,13300,6860,9870,110.0
16343,1019,10,-125,24500,6580,10430,110.0
16353,1022,3,-125,30520,6580,11060,110.0
16366,1024,11,-122,36680,6510,11620,110.0
16376,1028,30,-116,42490,6510,12390,110.0
16389,1028,26,-112,52850,6860,14000,108.0
16402,1015,2,-116,57190,7000,14630,108.0
16412,1020,8,-125,60550,7630,15330,110.0
16425,1023,6,-123,62370,8680,16450,110.0
16435,1072,-19,-22,62580,10010,17430,112.0
16448,1079,-16,469,26250,13790,18690,112.0
16461,1029,105,332,-10150,16870,18340,112.0
16471,1054,-133,-328,-20860,15960,17850,111.0
16484,1016,-240,-215,-5810,13230,19390,111.0
16494,975,-131,249,9800,10710,19180,112.0
16507,1013,32,151,-3780,8960,18270,113.0
16520,1002,-134,13,-6790,7070,18130,113.0
16530,962,-202,73,-980,4620,18480,114.0
16543,959,-104,133,3010,70,18340,114.0
16553,1001,2,136,-350,-1120,18200,112.0
16566,1008,-102,-2,-1680,-1890,18340,114.0
16579,990,-146,-1,-210,-2590,18340,114.0
16589,1002,-101,14,1470,-3150,18130,111.0
16602,1019,-102,-56,0,-2940,17850,111.0
16612,1020,-114,-89,-630,-2030,17570,114.0
16625,1032,-115,-92,-910,-770,17360,112.0
16638,1039,-110,-111,-3500,3010,16520,112.0
16648,1066,-92,-130,-6510,6020,16030,114.0
16661,1121,30,-178,-12460,9100,15330,114.0
16671,1134,4,-236,-19110,13230,14770,115.0
16684,1120,-37,-253,-25550,18060,13230,115.0
16697,1124,-54,-325,-37170,28700,12530,115.0
16707,1145,-31,-343,-42910,35000,12040,115.0
16720,1183,55,-361,-48650,41650,11830,115.0
16730,1201,115,-353,-55370,48720,11830,118.0
16743,1203,163,-333,-62930,62650,12320,120.0
16756,1188,174,-198,-82320,68880,12250,120.0
16766,1143,172,-91,-93660,73710,11900,123.0
16779,1068,157,6,-105350,77070,11830,123.0
16789,1035,145,90,-116900,78890,12250,126.0
16802,954,89,201,-134610,77280,14140,129.0
16815,835,-197,548,-143010,75600,16660,129.0
16825,471,90,361,-147000,66500,14770,131.0
16838,837,203,235,-149870,56630,11690,131.0
16848,1492,-83,358,-152110,49350,7840,131.0
16861,1274,5,75,-126280,30240,7700,137.0
16874,1148,-477,126,-91980,27790,10010,137.0
16884,1046,-172,71,-45710,24010,7910,139.0
16897,1009,-160,21,-2660,20510,5390,139.0
16907,979,-91,3,31290,19530,3080,138.0
16920,899,164,38,57750,19530,1050,142.0
16933,846,-56,-155,56840,18550,-1400,142.0
16943,873,158,-13,51940,19670,-6860,145.0
16956,894,110,49,34440,17360,-15050,145.0
16966,902,121,-54,23660,17290,-19110,142.0
16979,833,139,32,12040,15750,-23170,144.0
16992,820,167,94,-350,13160,-30870,144.0
17002,843,177,103,-14420,9660,-34440,146.0
17015,861,208,224,-45570,1050,-37660,146.0
17025,871,146,202,-59220,-5110,-40320,146.0
17038,913,85,182,-67480,-10990,-42910,142.0
17051,947,65,187,-67060,-21840,-47530,142.0
17061,983,25,161,-63140,-26670,-50330,144.0
17074,1039,-36,168,-58450,-31080,-54180,144.0
17096,1042,-98,148,-46830,-40950,-60480,140.0
17110,1025,-89,155,-30520,-49770,-67970,140.0
17123,991,-89,132,-20440,-54040,-70910,135.0
17136,972,-93,96,-9310,-61320,-76370,135.0
17146,970,-103,69,2240,-61320,-78820,139.0
17159,983,-124,-6,26040,-65310,-81200,135.0
17172,994,-122,-14,37310,-66290,-83580,135.0
17182,995,-112,-33,47040,-67200,-85960,138.0
17195,992,-73,-37,56700,-68250,-90720,138.0
17205,973,-38,-14,56420,-69090,-92680,138.0
17218,904,14,52,54880,-69860,-94010,134.0
17231,879,4,8,53130,-71750,-94920,134.0
17241,827,-53,32,50960,-72870,-96110,139.0
17254,802,73,39,47110,-75600,-96670,139.0
17264,794,67,51,46480,-77000,-95060,136.0
17277,816,162,-3,44800,-78120,-92680,136.0
17290,835,167,37,41510,-79030,-86030,136.0
17300,901,111,15,38290,-79310,-82880,133.0
17313,948,234,-61,32200,-78890,-78890,133.0
17323,988,192,-31,28420,-76720,-73990,135.0
17336,957,216,-2,23590,-75180,-69370,131.0
17349,967,213,-45,9870,-71540,-60690,131.0
17359,974,232,-58,1820,-68740,-56280,131.0
17372,998,220,-28,-6090,-66570,-52010,131.0
17382,1011,213,-26,-13930,-63910,-47950,132.0
17395,996,237,-49,-22050,-60970,-39970,129.0
17408,1021,259,-433,-29960,-56980,-34580,129.0
17418,1862,433,395,3570,-37730,-3010,127.0
17431,1367,276,344,46340,-42000,7350,127.0
17441,276,459,-907,49910,-24570,12390,129.0
17454,1373,306,224,52780,-6300,50190,128.0
17467,808,833,-907,46130,-4970,50750,128.0
17477,366,675,-876,43050,5320,52010,127.0
17490,766,169,-349,40250,3430,48580,127.0
17500,1085,136,-345,34790,1470,46620,122.0
17513,1114,111,-393,16450,6230,45850,124.0
17526,915,170,-432,6370,7280,44520,124.0
17536,964,140,-471,-4620,6160,42630,121.0
17549,972,123,-392,-13580,7000,39200,121.0
17559,996,68,-291,-20720,7350,37100,120.0
17572,996,103,-282,-26250,7700,35070,120.0
17585,972,84,-228,-24080,8470,33110,120.0
17595,989,64,-188,-18970,9240,30940,119.0
17608,999,75,-170,-3640,11480,27020,119.0
17618,992,72,-171,4550,12600,25200,120.0
17631,982,102,-193,11270,13230,23450,120.0
17644,992,107,-199,16100,13790,21980,120.0
17654,980,144,-207,18410,14000,20860,118.0
17667,972,164,-254,15400,13300,19460,118.0
17677,975,174,-260,11340,12880,19180,117.0
17690,974,185,-283,6440,12460,19040,118.0
17703,967,197,-294,1680,12460,19110,118.0
17713,970,192,-286,-2380,12880,19180,117.0
17726,979,166,-287,-6300,13860,19180,117.0
17736,979,182,-311,-6090,15120,19110,118.0
17749,964,193,-322,-5040,16870,19110,117.0
17762,972,173,-318,-3150,20650,19110,117.0
17772,982,163,-323,-3010,22610,19180,121.0
17785,980,166,-349,-3080,24570,19250,121.0
17795,978,176,-357,-3150,26950,19460,113.0
17808,971,189,-330,-3360,29470,20370,116.0
17821,948,244,-345,-5250,33390,21070,116.0
17831,935,260,-322,-6650,35280,21840,117.0
17844,993,138,-294,-7980,37380,22610,117.0
17854,1031,134,-285,-9170,39410,23310,112.0
17867,889,307,-283,-10080,42560,24430,114.0
17880,1010,180,-130,-11130,45220,25340,114.0
17890,992,147,-192,-13020,46340,25900,113.0
17903,935,179,-239,-14490,47460,26460,113.0
17913,967,145,-200,-16310,47740,26740,114.0
17926,1010,75,-137,-20860,48860,26950,112.0
17939,970,130,-76,-24010,48300,26670,112.0
17949,961,148,-46,-28630,47180,26250,113.0
17962,974,126,30,-35280,44940,25830,113.0
17972,980,125,88,-43890,41510,25970,113.0
17985,953,192,213,-62510,32200,26320,110.0
17998,946,176,248,-70770,26600,27160,110.0
18008,955,133,267,-76160,21350,28350,110.0
18021,966,80,301,-74900,12390,29960,110.0
18031,975,47,354,-69650,8400,30240,108.0
18044,995,-8,247,-61250,5390,30310,108.0
18057,1006,-33,226,-50330,3570,30030,108.0
18067,1021,-80,214,-37870,2520,29400,109.0
18080,1027,-93,171,-13160,700,27300,109.0
18112,1028,-47,34,14000,140,23800,109.0
18126,1021,-25,4,19810,1400,21980,109.0
18139,1024,-18,-87,26530,2520,21210,106.0
18152,1029,0,-107,27860,3920,20510,106.0
18162,1301,-106,-2,25830,5110,20230,105.0
18175,1043,-446,-329,3710,7000,15820,106.0
18188,1001,-321,-85,630,5950,13860,106.0
18198,1082,-84,-5,3850,5250,11270,104.0
18211,1008,-175,68,1960,7630,3990,104.0
18221,989,-196,-111,2310,7210,210,107.0
18234,997,-101,14,-350,7280,-3430,108.0
18247,1095,-162,10,-140,7560,-6230,108.0
18257,1044,-128,-12,1890,7700,-8190,106.0
18270,1005,-36,24,2170,7210,-11550,106.0
18280,1013,-35,75,1680,6510,-12110,108.0
18293,1021,103,64,1750,6090,-11830,107.0
18306,998,131,74,910,5390,-10850,107.0
18316,993,243,-5,-2030,3850,-9310,108.0
18329,1012,145,104,-3150,2590,-4830,108.0
18339,982,22,244,4550,1680,-2380,106.0
18352,976,302,-13,4130,770,-140,108.0
18365,991,145,35,-770,-140,3850,108.0
18375,993,97,100,70,-210,5460,106.0
18388,1002,137,-16,1820,-840,6720,106.0
18398,1033,-1,20,1120,-350,7350,109.0
18411,1032,-2,-12,1540,-140,7210,107.0
18424,1029,-44,3,1260,700,4690,107.0
18434,1037,-89,-11,1680,910,2940,108.0
18447,1021,-33,29,1610,1260,1400,108.0
18457,1021,-18,30,1680,980,70,108.0
18472,1021,10,21,1680,770,-1400,108.0
18485,1009,65,37,1750,630,-1470,108.0
18495,1011,81,39,1750,420,-1050,108.0
18508,1010,85,42,1610,210,-350,108.0
18521,1003,122,45,1260,-280,1820,108.0
18531,997,125,63,1400,-700,3220,109.0
18544,1005,110,37,1540,-1260,4550,109.0
18554,1005,92,49,1470,-1470,5740,107.0
18567,1014,62,30,1470,-1820,7140,103.0
18580,1023,38,8,1540,-1680,7140,103.0
18590,1025,23,-1,1470,-1400,6860,105.0
18603,1026,3,6,1540,-1050,6440,105.0
18613,1024,-11,11,1540,-770,5810,106.0
18626,1029,1,-3,1820,-70,4620,108.0
18639,1018,9,16,1750,210,4200,108.0
18649,1026,14,-8,2030,420,3850,109.0
18662,1024,11,4,2240,840,3640,109.0
18672,1020,16,25,2660,1120,3500,108.0
18685,1023,22,5,2870,1330,3080,106.0
18698,1034,63,-8,2100,1540,2870,106.0
18708,1037,6,-18,980,2030,2590,108.0
18721,1037,16,-18,1330,3360,2380,108.0
18731,1043,69,-32,1540,4130,2450,108.0
18744,1051,44,-57,350,5250,2800,108.0
18754,1053,88,-61,490,6440,3290,107.0
18767,1068,107,-89,-70,7770,3990,109.0
18780,1077,123,-102,-840,11130,6860,109.0
18790,1072,175,-80,-980,12530,8960,108.0
18803,1031,125,-12,-1400,13580,10990,108.0
18813,1056,86,-70,-1610,14910,12460,112.0
18826,1069,47,-84,-1400,16800,13720,110.0
18839,1082,25,-142,-1820,21420,13580,110.0
18849,1099,5,-151,-1820,24010,13230,109.0
18862,1107,26,-146,-1750,26880,12880,109.0
18872,1112,74,-124,-2520,29890,12600,115.0
18885,1139,290,11,-7000,37660,11410,115.0
18898,1139,726,165,-46480,41860,10010,115.0
18908,1100,645,221,-72660,45640,9590,115.0
18921,1051,645,300,-97020,48720,10150,115.0
18931,1069,665,276,-117880,50610,12110,118.0
18944,1082,654,237,-149030,52850,19530,119.0
18957,1077,560,162,-160160,53550,24570,119.0
18967,1047,497,136,-167930,53550,30030,121.0
18980,1013,394,113,-173110,52850,41020,121.0
18990,952,296,89,-175910,51800,46480,124.0
19003,960,111,-9,-169680,44450,51310,129.0
19016,929,204,159,-164710,43330,58030,129.0
19026,864,101,234,-160300,37450,62090,129.0
19039,773,-124,267,-149520,25550,68320,129.0
19049,850,49,384,-145040,20930,71260,133.0
19062,811,-333,240,-140910,15960,72100,133.0
19075,736,-52,116,-123410,10780,73360,133.0
19085,974,-534,-347,-87780,6370,77490,135.0
19113,1080,-563,-109,49000,5740,84070,140.0
19126,1036,-420,95,179060,5950,85190,138.0
19140,923,124,160,214830,4970,84070,142.0
19153,992,240,314,221760,-3360,81900,142.0
19163,1339,-22,-125,182840,-1330,75740,142.0
19176,1109,87,150,138110,-6860,71400,142.0
19186,1071,8,24,133000,-8680,66920,143.0
19199,1162,24,172,126910,-8610,61950,144.0
19212,1143,-27,159,111580,-13230,50820,144.0
19222,1045,18,232,101220,-16940,44870,148.0
19235,938,-58,248,90020,-20580,38220,148.0
19245,914,-44,272,79100,-25480,31710,152.0
19258,888,-91,248,68250,-30450,18620,154.0
19271,869,-121,200,48790,-38990,11830,154.0
19281,862,-136,184,39690,-42420,4690,150.0
19294,857,-203,160,31710,-45570,-2590,150.0
19304,854,-204,152,24710,-48230,-10080,151.0
19317,834,-238,117,18760,-52150,-25130,149.0
19330,815,-240,94,9660,-53410,-32550,149.0
19340,803,-238,66,5810,-54320,-39900,148.0
19353,788,-223,53,2380,-54740,-46970,148.0
19363,807,-208,43,-980,-54810,-53480,145.0
19376,837,-200,32,-6790,-53970,-65590,144.0
19389,872,-181,35,-9030,-53410,-70770,144.0
19399,861,-184,52,-10990,-52780,-75950,142.0
19412,853,-174,58,-13370,-52500,-86170,142.0
19422,854,-175,42,-16170,-52080,-91070,135.0
19435,865,-117,55,-21140,-51030,-95270,131.0
19448,939,-109,47,-23100,-50400,-98770,131.0
19458,996,-95,67,-24570,-49700,-101710,128.0
19471,1056,-85,52,-26810,-48160,-106540,128.0
19481,1106,-45,67,-28350,-47390,-107940,125.0
19494,1179,8,86,-30730,-46550,-108780,121.0
19507,1189,29,97,-33880,-46060,-109270,121.0
19517,1190,36,63,-38220,-45710,-109480,117.0
19530,1169,96,95,-53060,-44100,-109340,117.0
19540,1162,93,65,-61600,-43120,-108710,118.0
19553,1158,202,45,-70000,-41650,-106960,114.0
19566,1151,171,14,-77770,-37310,-101360,114.0
19576,1156,136,41,-84700,-35350,-99190,116.0
19589,1184,84,52,-94570,-33180,-97090,116.0
19599,1209,189,61,-96600,-31500,-94850,118.0
19612,1276,126,14,-95340,-29960,-90510,116.0
19625,1352,75,89,-82600,-26320,-79520,116.0
19635,1242,162,85,-75320,-25900,-74480,115.0
19648,1138,135,72,-67550,-24850,-69020,115.0
19658,1090,120,51,-60620,-24430,-64190,120.0
19671,1029,94,52,-54600,-23730,-56280,124.0
19684,984,95,68,-44450,-23520,-52920,124.0
19694,972,109,69,-40040,-23590,-49490,126.0
19707,987,124,90,-35700,-23870,-46060,126.0
19717,997,116,64,-31640,-24360,-42490,128.0
19730,986,83,84,-27860,-24570,-36610,131.0
19743,974,71,-21,-14980,-24290,-33670,131.0
19753,936,32,63,-8050,-22890,-31080,134.0
19766,842,35,0,-2520,-22750,-29610,134.0
19776,795,44,70,1470,-21420,-28420,135.0
19789,793,71,54,4830,-21280,-26390,135.0
19802,851,114,118,4760,-21490,-25060,135.0
19812,863,117,179,4620,-22400,-23450,136.0
19825,868,117,179,4200,-24360,-20510,136.0
19835,861,100,198,3570,-26320,-20230,137.0
19848,831,135,144,0,-30380,-20160,136.0
19861,781,138,143,-1610,-31360,-19040,136.0
19871,753,121,159,-3010,-32130,-17640,135.0
19884,726,80,117,-5740,-32970,-16450,135.0
19894,689,100,142,-7140,-33320,-16030,133.0
19907,776,129,108,-8680,-32690,-15400,129.0
19920,1763,1090,-452,-910,-38010,-14210,129.0
19930,1567,-1720,497,45010,-16170,26110,129.0
19943,927,958,-939,69860,-7000,56840,129.0
19953,1255,-10,-3,101640,1260,63420,124.0
19966,273,855,431,88130,490,59500,126.0
19979,678,435,-1069,79380,3920,52010,126.0
19989,1065,316,-254,89810,7490,53340,123.0
20002,1362,-166,-580,82530,7490,54600,123.0
20012,1184,604,-471,81410,13090,54530,123.0
20025,814,482,-537,72870,16590,53690,119.0
20038,1005,121,-510,61880,24990,53270,119.0
20048,1084,40,-373,55160,28630,52780,120.0
20061,928,259,-516,49070,32690,51800,120.0
20071,964,217,-450,42210,36470,50750,120.0
20084,1023,72,-412,35280,39970,48930,120.0
20094,1018,80,-392,29190,43260,47810,118.0
20118,932,167,-239,11620,50120,44870,118.0
20131,1013,41,-262,5670,50680,42420,116.0
20145,1014,68,-95,-2450,52570,40880,111.0
20158,966,48,-98,-6510,52150,39270,111.0
20168,985,44,4,-10150,51310,37450,116.0
20181,1000,19,31,-14280,47740,33740,116.0
20191,997,25,94,-17920,44940,31920,113.0
20204,995,0,155,-25690,41510,30170,111.0
20217,998,0,194,-28140,38220,28560,111.0
20227,998,-11,240,-29680,34930,26810,113.0
20240,996,-11,252,-29680,28070,23380,113.0
20250,1207,96,536,-16520,24920,21490,111.0
20263,981,-313,364,980,22540,21770,113.0
20276,961,175,280,12250,19110,21000,113.0
20286,938,354,132,6930,13160,19670,114.0
20299,938,463,123,-26460,1680,17430,114.0
20309,917,423,171,-43610,-3710,15750,113.0
20322,908,232,231,-55720,-8540,14350,110.0
20335,933,116,184,-61810,-15680,14980,110.0
20345,980,-50,181,-61040,-17150,17080,111.0
20358,999,-362,350,-31150,-16520,20510,111.0
20368,1041,-219,391,-1960,-15190,24570,111.0
20381,974,230,64,17360,-14840,26320,111.0
20394,981,408,-202,1610,-17570,27230,111.0
20404,1017,115,-17,-210,-17570,28350,107.0
20417,1057,51,144,11690,-16870,29400,107.0
20427,977,43,150,25900,-14980,30310,108.0
20440,1002,39,65,39270,-14140,32690,106.0
20453,1003,71,66,57750,-11690,34090,106.0
20463,1007,-238,-305,49210,-14840,35700,108.0
20476,1122,-20,-505,8470,-19740,35560,108.0
20486,1277,380,495,8190,-14280,32130,107.0
20499,1062,365,-329,1330,-11760,34160,108.0
20512,967,-401,-159,6230,-9590,32970,108.0
20522,1066,-29,-270,16940,-7840,29750,108.0
20535,1032,-95,-241,21910,-3920,27860,108.0
20545,991,-106,-288,26950,-1680,24990,108.0
20558,1014,-147,119,17850,4690,23730,109.0
20571,1024,0,130,3010,7350,22120,109.0
20581,1020,-63,-118,-7490,8890,20720,113.0
20594,1009,-135,-212,-4410,9310,20160,113.0
20604,1007,-130,-35,3850,9310,19670,110.0
20617,1005,-26,179,-280,9030,18690,111.0
20630,999,-62,44,-3710,7910,18060,111.0
20640,990,-104,39,-2730,6650,17990,112.0
20653,982,-110,83,2100,3150,17710,112.0
20663,988,-78,105,2660,1680,17570,110.0
20676,985,-84,77,3500,140,17360,111.0
20689,975,-109,85,3780,-1050,16170,111.0
20699,989,-94,75,3290,-2170,15050,112.0
20712,1000,-80,38,70,-3500,14210,112.0
20722,996,-125,2,700,-4270,13440,116.0
20735,1012,-96,1,2310,-4830,12950,114.0
20748,1020,-44,24,3150,-5180,12600,114.0
20758,1020,-57,10,2310,-4970,12530,114.0
20771,1016,-90,-30,1610,-4620,12670,114.0
20781,1021,-75,-29,2100,-4200,12880,114.0
20794,1032,-43,-29,1820,-3500,12950,114.0
20804,1036,-44,-45,980,-2800,13300,115.0
20817,1036,-38,-54,490,-980,14560,111.0
20830,1049,-14,-69,70,140,15400,111.0
20840,1056,2,-70,-700,1470,16380,111.0
20853,1054,-9,-80,-1260,4200,18760,111.0
20863,1060,-29,-97,-1820,5740,19880,113.0
20876,1099,50,-171,-2730,7700,21140,116.0
20892,1119,33,-183,-3710,13300,23800,116.0
20902,1114,7,-202,-5110,17080,24920,118.0
20915,1152,46,-259,-10710,21070,25900,119.0
20928,1169,74,-270,-14840,25830,26740,119.0
20938,1168,77,-276,-19390,30870,27580,118.0
20951,1163,74,-279,-30520,41930,29400,118.0
20961,1167,102,-275,-36960,47740,30380,118.0
20974,1149,148,-221,-44100,53550,31360,121.0
20987,1097,124,-140,-52150,58730,33110,121.0
20997,1046,109,-36,-60900,62930,33740,127.0
21010,1002,89,165,-79240,66990,34720,127.0
21020,974,37,261,-87570,66710,35700,127.0
21033,862,-21,349,-94780,64610,36540,129.0
21046,813,-80,362,-104720,57330,37940,129.0
21056,812,-87,451,-107940,51800,39060,131.0
21069,776,-233,547,-107940,44940,40460,131.0
21079,693,-110,513,-108220,37240,40320,133.0
21092,799,-312,576,-108500,29890,41020,136.0
21105,674,-305,283,-98490,14700,41650,136.0
21128,830,-471,106,-88970,7490,43750,136.0
21142,944,-398,-56,-68530,1680,45290,136.0
21155,1003,-438,-153,-56280,350,46690,136.0
21168,949,-466,-109,-44170,-350,48020,136.0
21178,918,-521,-107,-32270,-1050,49350,137.0
21191,940,-481,-118,-13860,210,51940,139.0
21204,1065,-264,-132,-7420,1470,53200,139.0
21214,1059,-213,-88,-2940,3150,54530,142.0
21227,1004,-228,-10,-350,4830,57400,142.0
21237,946,-254,79,560,6230,58660,139.0
21250,925,-261,191,-1260,6720,59500,144.0
21263,924,-262,227,-3570,6020,59780,144.0
21273,885,-317,287,-6650,4830,59290,143.0
21286,824,-381,357,-10080,560,56350,143.0
21296,767,-448,388,-16590,-2310,54460,141.0
21309,731,-559,382,-19530,-5390,52010,147.0
21322,727,-618,366,-21770,-8540,49000,147.0
21332,717,-670,340,-23170,-11830,45500,145.0
21345,712,-725,306,-24150,-17780,37240,145.0
21355,714,-752,194,-23870,-20160,32900,146.0
21368,765,-750,132,-23800,-21700,28840,145.0
21381,801,-741,76,-23520,-22610,21980,145.0
21391,832,-689,0,-22260,-21980,18900,143.0
21404,864,-644,-150,-19950,-20230,16450,143.0
21414,895,-611,-214,-19600,-17290,14350,143.0
21427,983,-537,-241,-19950,-13300,12460,146.0
21440,1002,-495,-251,-22190,-4340,9590,146.0
21450,1003,-482,-230,-24150,140,8680,147.0
21463,967,-456,-125,-26530,3990,7840,147.0
21473,964,-432,-95,-28910,7210,7210,143.0
21486,976,-415,-97,-31430,10080,6580,143.0
21499,985,-401,-119,-36960,16100,6440,143.0
21509,1005,-400,-107,-38080,19390,6230,143.0
21522,1109,-298,-136,-35350,22470,5180,143.0
21532,1161,-289,-111,-33600,25340,4340,143.0
21545,1181,-252,-45,-27580,30730,840,146.0
21558,1025,-125,-39,-25270,31150,-1260,146.0
21568,1321,-176,244,-37870,31920,-4270,144.0
21581,1242,-6,109,-32060,28980,-9730,144.0
21591,1207,40,37,-27300,29960,-13090,145.0
21604,1247,-213,277,-23380,25970,-22960,145.0
21617,1243,-14,255,-24290,24710,-28070,145.0
21627,1224,-81,210,-24220,21350,-32410,148.0
21640,1189,71,205,-25690,19180,-42490,148.0
21650,1127,-14,195,-27860,16800,-46480,145.0
21663,1108,43,173,-29260,11550,-50120,145.0
21676,1047,-6,117,-28420,9800,-53480,145.0
21686,1024,-3,122,-25690,8820,-56630,149.0
21699,1010,-7,104,-21560,7140,-62440,149.0
21709,991,-23,71,-9450,6790,-64680,145.0
21722,962,-5,71,-2520,6650,-66430,146.0
21735,952,-41,93,4970,6440,-68180,146.0
21745,933,-19,109,12740,5670,-70140,143.0
21758,922,-30,98,26740,3360,-73780,143.0
21768,918,-31,123,32550,1890,-75740,142.0
21781,938,-46,131,37170,0,-77840,142.0
21794,946,-45,133,41020,-4200,-82530,142.0
21804,947,-27,142,43820,-6370,-84770,138.0
21817,901,-13,140,47180,-8750,-86730,138.0
21827,881,-37,114,47810,-11270,-88690,143.0
21840,889,-32,97,48370,-13300,-90930,135.0
21853,862,-17,97,49350,-16450,-94570,135.0
21863,846,1,94,49840,-17990,-95970,133.0
21876,869,-9,93,50400,-19390,-97370,133.0
21886,895,7,93,51100,-20930,-98490,128.0
21899,902,14,104,52010,-22470,-99610,126.0
21912,911,15,131,54180,-26250,-99680,126.0
21922,934,26,125,55720,-28420,-99400,123.0
21935,970,49,106,57610,-30450,-98490,123.0
21945,1003,73,86,59920,-32060,-97230,121.0
21958,1043,44,81,62650,-34230,-93730,115.0
21971,1083,48,58,70140,-34930,-91910,115.0
21981,1108,58,57,74270,-35210,-89740,115.0
21994,1080,50,50,77840,-35490,-87570,115.0
22004,1072,76,38,80640,-35770,-85400,111.0
22017,1441,817,33,72660,-30870,-56910,110.0
22030,1187,45,348,88340,-27930,-44030,110.0
22040,228,-196,-582,88340,-22680,-40250,113.0
22053,777,392,-231,89250,-20790,-27440,113.0
22063,1086,-130,252,92890,-15540,-18690,111.0
22076,1401,-1098,237,98700,-2590,-12250,115.0
22089,999,-493,94,100450,-1260,-5460,115.0
22099,917,-743,291,97860,6860,5250,113.0
22112,1198,-1442,339,77280,25830,34020,113.0
22134,1246,363,-348,54600,32760,61390,112.0
22148,681,1554,-703,33810,29890,51800,112.0
22161,1119,-115,427,-18060,23170,52360,108.0
22174,995,-66,-41,-18060,16940,43960,108.0
22184,830,264,830,-3290,20160,42840,112.0
22197,1039,287,-99,-17430,8330,33460,109.0
22210,975,263,130,-67340,-4550,27230,109.0
22220,883,414,284,-85400,-10570,23730,108.0
22233,1057,-1150,636,-70420,-8400,23030,108.0
22243,920,-1171,198,-23730,-7700,25060,108.0
22256,1204,252,-231,8470,-6580,21350,107.0
22269,943,-99,171,-13510,-8960,18270,107.0
22279,1028,-430,-4,-19180,-10500,13650,107.0
22292,1039,-121,108,-17500,-10150,10290,107.0
22302,1100,-148,-107,-16660,-11200,7840,110.0
22315,990,-372,-184,490,-11970,5250,107.0
22328,1012,12,86,2170,-10570,3360,107.0
22338,1045,-50,-82,1190,-10920,2520,107.0
22351,1029,-13,-117,1330,-8890,1960,107.0
22361,1020,33,-4,1960,-6720,2170,106.0
22374,1026,14,-118,2030,-5110,2380,105.0
22387,1035,94,6,2520,-3430,3150,105.0
22397,1040,84,-61,2380,-2800,4410,106.0
22410,1022,9,-49,2660,-980,6160,106.0
22420,1022,1,-25,2800,-280,7350,106.0
22433,1066,172,92,2730,1190,9800,109.0
22446,1051,169,2,0,1470,12950,109.0
22456,1065,22,-205,1960,770,14490,105.0
22469,1016,18,47,6650,2590,15120,105.0
22479,1034,50,-55,2870,3570,15190,106.0
22492,1036,-37,-125,2730,4550,15400,108.0
22505,1014,-66,-23,4760,6160,15050,108.0
22515,1010,-50,57,4970,6160,14280,109.0
22528,1008,-95,9,3150,5810,13510,109.0
22538,1008,-147,16,4830,5110,12740,108.0
22551,985,-267,-52,9520,3710,12320,109.0
22564,986,-297,-85,29750,-70,11900,109.0
22574,965,-257,-19,37450,-2030,11060,110.0
22587,970,-17,163,38290,-3290,9240,110.0
22597,980,114,237,31080,-3990,6580,107.0
22610,987,177,284,16800,-3710,70,107.0
22623,994,20,-170,-5950,-3430,-1260,107.0
22633,1022,-247,-81,2800,-3570,-1330,107.0
22646,1000,74,140,7350,-3850,-1820,107.0
22656,1037,61,50,1260,-3850,-2590,107.0
22669,1032,-97,-96,-1540,-3360,-2240,109.0
22682,1010,40,97,3710,-3430,-2310,109.0
22692,1034,33,-3,910,-3570,-2310,110.0
22705,1032,0,-36,980,-3570,-1680,110.0
22715,1028,50,20,2660,-3360,-560,110.0
22728,1045,105,5,630,-2310,2170,108.0
22741,1061,95,-58,840,-1050,4270,108.0
22751,1057,116,-30,1120,140,6300,109.0
22764,1063,133,-29,350,1260,10500,109.0
22774,1063,112,-40,-210,3220,12600,108.0
22787,1059,131,-2,-350,3710,14700,105.0
22800,1057,103,0,-1120,4130,16800,105.0
22810,1060,86,-17,-1260,4200,18550,110.0
22823,1060,82,6,-1470,4200,21770,110.0
22833,1054,75,-15,-420,3640,23310,109.0
22846,1006,-92,-17,3430,2940,24920,111.0
22859,982,-144,-5,8540,2100,27160,111.0
22869,992,-124,-12,14350,1120,27930,109.0
22882,1021,-101,-26,23590,-350,28350,109.0
22892,1017,-78,3,26460,-700,28560,112.0
22905,977,-156,35,28490,-980,28350,113.0
22918,986,-143,46,29540,-1260,26460,113.0
22928,1004,-118,26,28910,-700,24920,115.0
22941,1002,-131,57,23590,0,23170,115.0
22951,989,-130,44,20580,350,21350,113.0
22964,1005,-143,9,17570,910,19530,116.0
22977,1008,-145,7,12110,2590,16100,116.0
22987,1010,-151,-3,9450,3570,14350,112.0
23000,1000,-135,32,6860,4200,12950,112.0
23010,997,-124,40,4060,4970,11480,118.0
23023,993,-119,61,910,5670,9100,114.0
23036,1001,-115,30,-5320,6510,7980,114.0
23046,1019,-91,30,-8190,7210,7140,114.0
23059,1016,-85,19,-10780,7770,6720,114.0
23069,1027,-77,19,-12880,8540,6440,116.0
23082,1038,-53,5,-15400,9800,6930,117.0
23095,1035,-70,0,-15820,10430,7560,117.0
23105,1039,-67,-13,-15470,10920,8330,115.0
23118,1048,-68,-28,-14490,11550,9310,115.0
23150,1031,-99,-12,-11620,15050,12180,120.0
23164,1054,-46,-9,-12460,16170,12530,120.0
23177,1060,-34,-11,-13860,18550,13370,119.0
23191,1056,-53,13,-16870,19670,13930,119.0
23201,1028,-80,27,-17570,20370,14630,119.0
23214,1026,-84,32,-17640,20930,15400,125.0
23227,1045,-60,15,-15750,21490,17780,125.0
23237,1060,-48,-8,-14070,21910,19460,119.0
23250,1084,-25,-55,-12320,22750,21280,119.0
23260,1092,-11,-70,-10920,24080,23380,123.0
23273,1085,-5,-57,-10290,25830,27510,125.0
23286,1067,2,63,-11550,28910,29260,125.0
23296,1040,-10,112,-13650,29750,30870,127.0
23312,986,-18,166,-19670,30310,32970,132.0
23326,935,-108,243,-22540,29820,33740,132.0
23336,894,-146,296,-24780,28490,34230,133.0
23349,866,-198,334,-26040,26390,34580,133.0
23362,857,-260,300,-26180,20510,34160,133.0
23372,874,-276,279,-25690,17990,33600,134.0
23385,902,-259,254,-24640,15540,33250,134.0
23395,901,-271,257,-23170,13230,33250,136.0
23408,903,-276,249,-21000,8540,33390,137.0
23421,904,-300,193,-15540,6580,33740,137.0
23431,911,-293,142,-12530,5180,34300,137.0
23444,984,-264,93,-9660,4340,34790,137.0
23454,1014,-226,60,-6790,3920,35420,137.0
23467,1016,-219,55,-1330,4200,37240,137.0
23477,1001,-237,55,1120,4620,38360,136.0
23490,977,-254,99,3500,5040,39480,139.0
23503,966,-269,119,6160,4970,41510,139.0
23513,951,-297,137,8820,4620,42140,141.0
23526,938,-328,175,14560,2940,42420,141.0
23536,927,-379,181,17430,1680,42420,141.0
23549,899,-414,202,20020,490,41930,141.0
23562,877,-436,230,24500,-2380,39970,141.0
23572,860,-451,253,26390,-4060,38780,140.0
23585,841,-478,279,27930,-5810,37380,140.0
23595,849,-475,282,29190,-7630,35980,142.0
23608,855,-460,289,30240,-9450,34370,145.0
23621,854,-462,279,31780,-13160,31570,145.0
23631,853,-461,269,32270,-14630,30520,143.0
23644,897,-396,229,32900,-15960,29820,143.0
23654,919,-370,187,33600,-17010,29470,147.0
23667,930,-365,150,34230,-17430,29890,147.0
23680,952,-356,84,35490,-16800,30240,147.0
23690,969,-347,85,36400,-16100,30660,151.0
23703,958,-366,70,37660,-15330,31430,151.0
23713,963,-365,55,38850,-14210,32270,147.0
23726,975,-344,36,41230,-11410,34300,148.0
23739,998,-338,22,42280,-9730,35210,148.0
23749,991,-362,17,43190,-8120,35910,147.0
23762,966,-402,38,43330,-6230,35700,147.0
23772,921,-440,100,42560,-4270,34790,152.0
23785,886,-464,224,38570,-1890,33320,151.0
23798,856,-444,277,35350,-1610,31570,151.0
23808,845,-447,310,31640,-1820,29680,149.0
23821,836,-470,322,27650,-3220,25480,149.0
23831,832,-482,318,23590,-3990,23310,149.0
23844,839,-512,267,16800,-4690,21140,149.0
23857,841,-526,241,14140,-5110,19180,149.0
23867,853,-522,214,12040,-5250,17290,151.0
23880,874,-502,193,9590,-5250,14490,151.0
23890,900,-483,166,9240,-5110,13510,154.0
23903,922,-459,136,9310,-4900,12670,151.0
23916,906,-479,139,9870,-4690,11690,151.0
23926,887,-504,149,10500,-4410,11270,152.0
23939,884,-506,142,11830,-3850,10780,152.0
23949,897,-472,137,12320,-3430,10290,150.0
23962,906,-475,142,12810,-3080,9940,152.0
23975,895,-486,144,13720,-2240,9240,152.0
23985,901,-482,134,14070,-1610,9030,153.0
23998,930,-450,100,14350,-770,8820,153.0
24008,931,-449,97,14420,280,8680,149.0
24021,923,-453,103,14210,1470,8540,153.0
24034,920,-454,124,13440,3850,8120,153.0
24044,920,-446,126,12880,4900,7910,155.0
24057,918,-452,134,12250,5880,7630,155.0
24067,906,-461,145,11620,6930,7210,155.0
24080,897,-472,154,10850,8610,6230,152.0
24093,896,-465,179,9030,9310,5670,152.0
24103,893,-477,197,8190,9870,5110,155.0
24116,864,-497,209,7420,10220,4480,155.0
24126,863,-501,214,6650,10500,3780,151.0
24154,865,-492,236,4340,10710,1330,154.0
24167,853,-506,253,2520,10360,-630,154.0
24181,848,-496,274,1260,10010,-1680,152.0
24194,853,-484,279,-140,9590,-2800,152.0
24204,854,-476,290,-2030,9240,-5250,156.0
24217,843,-471,314,-6510,8400,-6370,152.0
24230,832,-473,323,-9240,7980,-7420,152.0
24240,837,-469,325,-12040,7490,-8610,154.0
24253,841,-460,323,-15050,6580,-11130,154.0
24263,849,-449,321,-18130,6020,-12320,153.0
24276,857,-436,301,-24220,5670,-13440,154.0
24289,867,-440,288,-27300,5390,-14560,154.0
24299,873,-441,272,-30450,5320,-15680,156.0
24312,879,-439,260,-36890,5810,-18200,156.0
24322,881,-443,252,-40040,6160,-19460,154.0
24335,873,-447,240,-43120,6790,-20790,152.0
24348,871,-447,237,-46200,7420,-23030,152.0
24358,875,-445,231,-49000,7980,-24010,153.0
24371,883,-437,210,-53830,9240,-24850,153.0
24381,890,-425,188,-56000,9940,-25480,156.0
24394,929,-397,157,-58030,10850,-26040,152.0
24407,947,-374,134,-60200,13580,-26740,152.0
24417,957,-363,121,-62300,15190,-26950,154.0
24430,971,-335,109,-66430,16870,-26880,154.0
24440,985,-319,94,-68390,18620,-26530,153.0
24453,1000,-313,92,-70420,20370,-26180,153.0
24466,994,-304,110,-75670,23590,-26180,153.0
24476,981,-324,172,-77910,24290,-26040,149.0
24489,1083,-345,291,-81410,23870,-25410,149.0
24499,881,-124,335,-81410,23450,-24290,149.0
24512,1271,-278,395,-76650,14630,-24500,150.0
24525,1291,-92,205,-44940,12740,-24360,150.0
24535,1214,-83,184,-27300,8330,-23730,150.0
24548,1348,-72,173,-9100,5250,-21770,150.0
24558,1385,-66,271,8190,3710,-20160,148.0
24571,1394,-66,148,41300,-700,-17570,151.0
24584,1333,30,202,55790,-3920,-15750,151.0
24594,1302,14,206,67060,-6580,-14000,149.0
24607,1194,43,231,75530,-9240,-12390,149.0
24617,1179,58,244,81270,-12390,-9660,154.0
24630,1218,43,196,88410,-16240,-9310,155.0
24643,1133,-6,190,89880,-18970,-10080,155.0
24653,1077,13,151,90790,-20930,-11130,153.0
24666,1026,-11,168,91000,-24150,-14140,153.0
24676,952,-76,157,90580,-25830,-17640,158.0
24689,897,-48,111,85540,-26110,-21770,161.0
24702,823,-96,105,81340,-26950,-25760,161.0
24712,813,-73,97,77560,-27580,-29960,160.0
24725,785,-111,115,70700,-28700,-38850,160.0
24735,757,-123,80,66850,-29120,-43820,162.0
24748,748,-101,77,62650,-29260,-48650,165.0
24761,752,-96,83,58100,-29330,-58100,165.0
24771,754,-98,87,52920,-29470,-62860,163.0
24784,745,-89,87,40950,-29820,-67760,163.0
24794,734,-91,102,34580,-30100,-72310,163.0
24807,711,-50,94,27930,-30380,-76370,165.0
24820,703,-45,99,21210,-30520,-84070,165.0
24830,713,-46,75,14770,-29960,-87570,162.0
24843,750,-1,48,3850,-28980,-90510,162.0
24853,776,12,62,-840,-27790,-92750,162.0
24866,813,6,82,-5460,-26740,-94570,157.0
24879,850,6,84,-14560,-25130,-98280,157.0
24889,866,16,99,-18830,-24570,-99750,155.0
24902,935,38,116,-23170,-24150,-101220,155.0
24912,977,29,129,-28980,-23730,-102550,150.0
24925,1054,30,138,-35000,-23590,-104720,147.0
24938,1104,21,132,-44380,-23520,-105210,147.0
24948,1162,92,131,-46970,-23170,-105140,145.0
24961,1219,60,149,-48790,-22960,-104020,145.0
24971,1232,113,106,-49910,-23030,-102620,140.0
24984,1202,84,119,-56420,-21910,-99540,136.0
24997,1207,101,128,-61600,-21490,-98210,136.0
25007,1199,99,140,-66990,-21210,-96950,138.0
25020,1180,132,113,-72030,-21210,-93030,138.0
25030,1169,163,88,-75740,-20720,-89600,137.0
25043,1172,118,71,-77000,-18830,-86240,140.0
25056,1181,133,47,-73920,-17570,-82180,140.0
25066,1171,129,42,-68670,-16170,-77630,139.0
25079,1142,119,8,-62440,-12670,-68250,139.0
25089,1133,116,-29,-56560,-10290,-63840,141.0
25102,1110,133,-27,-45290,-8260,-59290,140.0
25115,1060,136,-49,-39900,-6230,-54810,140.0
25125,1023,135,0,-35070,-4270,-50470,143.0
25138,1035,145,-38,-26740,-1750,-42490,143.0
25161,948,104,-50,-12530,-420,-35770,141.0
25174,908,35,-58,-2870,1120,-30450,141.0
25188,881,47,-42,20440,840,-28000,142.0
25201,981,34,8,32690,560,-25760,142.0
25211,1024,69,50,45010,-770,-23730,141.0
25224,1066,38,52,67340,-6580,-19670,141.0
25237,1103,46,204,77560,-12250,-17570,141.0
25247,1067,11,239,87500,-19110,-15050,143.0
25260,992,19,273,97790,-26950,-12320,143.0
25270,879,-3,218,109620,-35140,-4270,143.0
25283,734,-77,267,136920,-50820,-210,143.0
25296,508,-122,248,150780,-58940,4270,143.0
25306,416,-139,218,163660,-66360,8890,139.0
25319,367,-154,259,175070,-80010,18690,139.0
25329,335,-225,263,185850,-86310,22960,138.0
25342,314,-352,251,204190,-91140,26180,136.0
25355,291,-338,165,211050,-95620,27930,136.0
25365,437,-245,119,217420,-98630,29750,126.0
25378,1589,1405,-69,-183890,11270,40740,126.0
25388,-140,-491,16,-136570,-203210,46410,122.0
25401,-75,1369,1464,-10430,-45570,31430,125.0
25414,-241,203,-296,-18270,-45220,24010,125.0
25424,1328,-981,-735,44520,-52920,21350,124.0
25437,1188,192,-393,140140,-32200,24150,124.0
25447,1106,-590,-1121,176610,-16030,18760,120.0
25460,747,174,192,191170,-2380,18130,123.0
25473,1355,-728,-334,188860,-8330,14490,123.0
25483,1067,0,-598,186620,-6160,12670,119.0
25496,985,20,-505,151760,-9590,9730,119.0
25506,1169,-285,-526,126000,-11340,7840,120.0
25519,1016,90,-327,96390,-13020,7000,120.0
25532,909,189,-640,25410,-22890,4970,120.0
25542,970,78,-651,-1890,-24640,3710,121.0
25555,1048,-83,-504,-23520,-27300,2240,121.0
25565,973,52,-484,-31640,-26040,210,120.0
25578,909,172,-353,-30380,-21490,-4270,118.0
25591,946,12,-208,-11270,-18340,-6090,118.0
25601,1016,21,-172,700,-16310,-7560,121.0
25614,959,99,-343,11130,-14700,-8750,121.0
25624,903,202,-402,20020,-12530,-10080,119.0
25637,939,127,-373,25690,-10290,-12250,118.0
25650,911,250,-411,23380,-9940,-12740,118.0
25660,891,266,-500,18270,-9940,-12670,119.0
25673,926,228,-446,12880,-9520,-12390,119.0
25683,944,210,-422,7350,-9170,-11620,120.0
25696,922,200,-498,910,-6790,-11620,123.0
25709,928,178,-476,350,-4690,-11830,123.0
25719,954,147,-432,840,-2730,-12250,122.0
25734,949,133,-408,1400,-140,-14210,120.0
25748,983,35,-331,1050,630,-15400,120.0
25758,1020,-1,-313,1610,910,-17430,122.0
25771,1004,21,-363,7700,3570,-22330,122.0
25781,982,29,-412,13930,6300,-25200,121.0
25794,926,79,-535,20860,9520,-28280,119.0
25807,963,51,-540,28210,13650,-31570,119.0
25817,994,-5,-488,34930,18060,-34860,123.0
25830,1004,-3,-620,47950,28350,-41860,123.0
25840,936,83,-717,55090,34860,-45710,123.0
25853,993,8,-645,64120,41720,-49840,122.0
25866,971,355,-683,70910,54810,-52010,122.0
25876,975,150,-573,71400,58170,-52570,125.0
25889,1027,493,-303,80710,62440,-48300,125.0
25899,972,354,-272,85400,63840,-41300,125.0
25912,1453,320,-91,86800,67690,-34020,125.0
25925,1478,286,196,32410,73010,-20930,125.0
25935,1281,749,216,-1680,71680,-7560,127.0
25948,1113,604,405,-41650,75250,6860,127.0
25958,1006,633,119,-81550,70210,17360,131.0
25971,813,485,273,-118510,68950,35770,132.0
25984,722,298,136,-164150,62720,42280,132.0
25994,664,164,224,-173460,60410,46340,133.0
26007,752,73,-58,-175560,53760,49700,133.0
26017,782,-257,198,-176540,54600,52010,129.0
26030,-408,-236,-232,47880,54670,17080,131.0
26043,653,130,577,379260,47180,19390,131.0
26053,653,700,185,284760,32270,7840,131.0
26066,922,-161,-66,177940,40460,13440,131.0
26076,739,599,102,82320,32900,13370,128.0
26089,989,871,329,-132440,29680,12250,125.0
26102,1001,443,-218,-201040,28980,12110,125.0
26112,847,518,-2,-253960,33180,12530,128.0
26125,848,-56,-201,-281960,32620,15750,128.0
26135,896,144,-107,-284410,32130,17360,129.0
26148,664,-132,252,-286930,35700,14700,125.0
26174,758,490,-1516,-15260,3220,11550,120.0
26188,786,910,-13,-19110,-15750,7770,120.0
26201,1194,32,-357,-36890,-12880,4480,120.0
26211,1174,-683,258,-13860,-4620,4480,121.0
26224,1229,119,-414,2030,-560,2590,121.0
26234,890,402,-69,9590,6440,280,119.0
26247,1058,293,205,16310,8610,1330,120.0
26260,940,338,59,19390,7420,4130,120.0
26270,932,249,12,21910,6720,3360,122.0
26283,984,195,69,22820,4830,3570,122.0
26293,1020,231,0,24080,3780,3850,122.0
26306,990,202,-50,24290,3710,2940,125.0
26319,1008,163,-9,24990,4130,1120,125.0
26329,1006,217,118,22960,2660,770,122.0
26342,961,260,22,22260,2240,490,122.0
26352,966,265,58,20580,1120,0,122.0
26365,1005,229,26,18270,-70,-70,122.0
26378,991,246,24,15750,-1750,140,122.0
26388,970,281,-5,13930,-2590,210,122.0
26401,975,284,-4,12810,-3010,490,122.0
26411,985,289,-9,11760,-3290,980,122.0
26424,987,295,-13,11060,-3500,2520,121.0
26437,980,278,-22,10220,-3570,3220,121.0
26447,977,285,-39,10290,-3430,3850,122.0
26460,985,267,-49,10710,-2870,4340,122.0
26470,999,249,-51,11690,-2170,4690,124.0
26483,997,230,-43,14980,-420,5180,123.0
26496,944,315,-39,16520,560,5600,123.0
26506,979,308,0,17570,1120,6020,124.0
26519,1006,234,-21,18760,1400,7560,124.0
26529,1258,50,1,20930,2310,6090,121.0
26542,972,128,116,24850,3220,4480,122.0
26555,971,65,90,24220,1960,5180,122.0
26565,1009,135,109,23590,1680,5810,122.0
26578,1019,115,117,22890,2100,7840,122.0
26588,1078,126,75,22540,3010,8260,118.0
26601,1051,104,34,22470,3780,8960,123.0
26614,1050,121,46,22400,4900,11130,123.0
26624,1025,114,69,21630,6370,12460,122.0
26637,1010,105,70,20720,8960,13790,122.0
26647,1000,144,86,19740,10220,15470,123.0
26660,953,117,78,18690,10920,17010,120.0
26673,929,138,80,17220,12460,19670,120.0
26683,919,125,73,15610,13370,21000,121.0
26696,932,266,-42,15260,13790,21700,121.0
26706,1109,437,-302,24920,12460,19740,121.0
26719,938,498,-221,39900,11830,16660,121.0
26732,886,330,-82,53830,11480,14140,121.0
26742,963,275,-129,57960,11830,11620,121.0
26755,915,370,-127,61600,10780,10010,121.0
26765,973,438,-185,64960,9100,7070,116.0
26778,930,532,-217,69930,7630,3220,120.0
26791,925,246,28,67270,8540,5320,120.0
26801,1058,110,-13,65800,9240,6440,119.0
26814,973,241,-128,64470,8750,4760,119.0
26824,989,174,-98,61110,8890,4480,115.0
26837,1038,162,-14,52990,8960,3640,119.0
26850,996,202,-84,45710,8050,3430,119.0
26860,1044,191,-25,38290,6440,2380,118.0
26873,991,198,-63,29120,5390,2590,118.0
26883,972,289,-127,19880,3570,2660,117.0
26896,994,220,-69,630,1120,2100,118.0
26909,1016,200,-54,-8680,-560,1820,118.0
26919,1248,136,-31,-15540,-2380,1750,116.0
26932,555,199,30,-16240,-1260,-980,116.0
26942,1014,415,-108,-27300,-5600,840,120.0
26955,1209,121,129,-28910,-4970,910,118.0
26968,958,269,-129,-31780,-5600,1470,118.0
26978,928,250,-124,-31220,-6160,630,120.0
26991,1012,160,89,-31220,-5530,560,120.0
27001,1045,161,61,-30030,-5670,1050,119.0
27014,976,236,-14,-28560,-4900,1400,116.0
27027,978,218,0,-27090,-4690,2240,116.0
27037,1005,189,-10,-25270,-4410,2660,118.0
27050,995,205,10,-19530,-2520,2940,118.0
27060,1000,206,-4,-16870,-1820,3010,116.0
27073,1011,169,3,-13790,-910,3150,117.0
27086,1000,181,14,-10990,70,3080,117.0
27096,1000,174,21,-8610,210,2940,117.0
27109,1003,184,42,-4480,350,2870,117.0
27119,999,191,37,-2870,280,2800,118.0
27132,996,189,39,-1470,140,2800,119.0
27145,998,188,36,490,-350,2800,119.0
27155,998,192,27,1190,-490,2870,115.0
27192,1000,198,-2,1750,-560,3010,118.0
27205,999,203,-2,840,-560,3150,118.0
27219,1000,202,-3,-140,-630,3360,116.0
27232,996,214,-3,-2590,-910,3780,116.0
27242,993,221,-7,-4130,-1120,4060,119.0
27255,996,222,-13,-5810,-1260,4270,119.0
27268,979,243,17,-8260,-1610,4830,119.0
27278,1013,195,-17,-11760,-2590,5040,116.0
27291,1004,244,-24,-17500,-2870,5180,116.0
27301,985,206,-40,-21350,-3220,5180,118.0
27314,1009,196,-19,-24920,-3430,5250,117.0
27327,999,199,-21,-32410,-4340,5250,117.0
27337,996,201,-39,-36050,-4760,5180,119.0
27350,990,198,-18,-40040,-5460,5250,119.0
27360,994,188,-10,-43820,-5950,5040,116.0
27373,999,193,9,-47530,-6580,4480,118.0
27386,1027,186,56,-49140,-7700,4130,118.0
27396,992,155,137,-42980,-7140,3850,116.0
27409,1014,87,134,-33040,-6090,3780,116.0
27419,999,91,133,-19110,-4340,3640,121.0
27432,1009,107,130,-4200,-490,3990,115.0
27445,1004,217,-75,11550,140,4200,115.0
27455,1018,259,-97,7910,280,4200,116.0
27468,999,241,-79,1050,-140,4340,116.0
27478,1019,189,-12,-3150,-70,4340,116.0
27491,997,150,56,1470,1330,4690,117.0
27504,1022,122,16,4340,1750,4550,117.0
27514,1007,175,7,4550,1610,4130,118.0
27527,995,193,16,2660,1260,3080,118.0
27537,996,176,46,910,770,2730,119.0
27550,998,161,54,840,0,2590,121.0
27563,1003,144,52,1610,-280,2380,121.0
27573,1007,154,31,2240,-560,2030,119.0
27586,1004,173,22,2590,-700,1750,119.0
27596,1000,186,11,2100,-700,1680,117.0
27609,1004,181,7,1750,-630,1680,119.0
27622,1000,185,17,1610,-490,1680,119.0
27632,997,189,25,1540,-350,1680,116.0
27645,999,193,24,1540,-420,1960,116.0
27655,997,195,21,1680,-420,2240,120.0
27668,997,214,16,1820,-420,2660,120.0
27681,1006,198,-2,2030,210,3500,120.0
27691,1010,197,-9,2240,560,3710,118.0
27704,1014,197,-20,1400,1050,3780,118.0
27714,1013,194,-12,630,1400,3850,117.0
27727,1016,192,-18,-630,1680,3570,119.0
27740,1013,193,-5,-3780,1680,3010,119.0
27750,1008,196,7,-5670,1540,2520,119.0
27763,998,193,25,-7420,1190,1960,119.0
27773,1021,170,3,-9170,770,1470,117.0
27786,1003,151,24,-10710,840,0,118.0
27799,835,238,13,-10360,-1050,210,118.0
27809,1327,164,116,-14350,2030,140,120.0
27822,878,78,-35,-12880,-700,-1680,120.0
27832,997,287,89,-14280,-1890,-3010,116.0
27845,999,140,70,-15680,-3500,-3150,117.0
27858,997,188,122,-16240,-3920,-3150,117.0
27868,998,136,25,-16940,-4550,-3780,122.0
27881,999,177,-8,-16590,-4690,-4200,122.0
27891,1012,155,0,-15960,-4270,-4270,119.0
27904,1024,152,-10,-14280,-3010,-4340,117.0
27917,1016,193,7,-13650,-2240,-4130,117.0
27927,997,224,27,-12950,-1750,-3640,118.0
27940,976,247,59,-12600,-1610,-2380,118.0
27950,976,240,33,-12880,-1890,-1890,117.0
27963,981,243,28,-13160,-2170,-1190,123.0
27976,1001,240,15,-13510,-2030,-490,123.0
27986,1003,237,6,-13790,-1820,210,120.0
27999,1003,221,1,-14280,-1260,770,120.0
28009,1001,221,8,-15960,-1120,840,120.0
28022,994,224,28,-17150,-1120,840,122.0
28035,991,235,44,-18410,-1470,840,122.0
28045,983,236,45,-19950,-1820,910,119.0
28058,985,231,52,-22260,-2800,980,119.0
28068,994,223,37,-22820,-2940,1190,118.0
28081,991,214,41,-23030,-3010,1540,121.0
28094,997,206,35,-22890,-2800,1960,121.0
28104,1004,189,28,-22470,-2520,2240,118.0
28117,1006,198,31,-21000,-2170,2520,118.0
28127,1006,196,39,-20020,-1750,2870,121.0
28140,997,193,52,-18690,-1400,3500,121.0
28156,995,172,64,-15470,-1120,4620,121.0
28180,1007,137,54,-11130,-490,5250,118.0
28193,1017,109,37,-6580,490,5110,118.0
28207,1019,108,42,-4410,1120,4760,121.0
28220,1014,116,47,-1050,2170,3640,121.0
28230,1010,116,55,140,2450,3010,122.0
28243,1003,153,69,840,2520,2520,120.0
28256,995,175,63,1050,2380,2100,120.0
28266,999,181,64,980,2240,1750,123.0
28279,995,191,61,-490,1330,1190,123.0
28289,989,214,83,-1120,1050,1190,123.0
28302,991,202,68,-2170,420,980,122.0
28315,996,191,62,-2940,-280,560,122.0
28325,999,202,53,-3570,-350,630,121.0
28338,1000,202,49,-3990,-350,840,121.0
28348,1004,192,42,-3990,-280,1050,121.0
28361,1009,184,44,-3710,-70,1260,119.0
28374,1005,187,48,-1960,420,1890,119.0
28384,965,177,104,-630,420,2240,119.0
28397,987,181,95,980,770,2940,119.0
28407,989,198,90,2660,350,3780,119.0
28420,991,169,86,4620,420,5110,119.0
28433,1007,155,76,9030,700,5530,119.0
28443,1006,143,90,11550,910,6020,121.0
28456,977,191,118,14210,1120,6510,121.0
28466,978,180,103,16520,910,7280,121.0
28479,984,175,106,18760,490,8610,124.0
28492,980,181,113,22190,-140,9030,124.0
28502,983,182,102,23870,-560,9520,119.0
28515,989,170,86,25620,-700,10010,119.0
28525,998,166,70,27580,-770,10640,121.0
28538,1008,159,58,31570,-70,11550,118.0
28551,1018,142,35,33600,560,11830,118.0
28561,1026,132,16,35280,1260,11970,116.0
28574,1029,132,8,36540,2100,11690,116.0
28584,1028,132,12,37380,2870,11270,119.0
28597,1023,146,40,37520,3710,10710,118.0
28610,997,160,62,36750,3640,10080,118.0
28620,989,170,74,35420,3220,9310,117.0
28633,981,183,80,31150,1470,7840,117.0
28643,978,207,79,28280,280,7070,120.0
28656,997,189,46,24640,-980,6230,118.0
28669,995,203,45,20930,-2030,5320,118.0
28679,995,203,46,17080,-2940,4480,116.0
28692,1000,211,97,10290,-4620,3080,116.0
28702,975,161,40,7490,-5530,2170,117.0
28715,998,198,20,5460,-5950,2030,116.0
28728,999,183,66,3920,-6860,1820,116.0
28738,1009,184,31,2240,-6930,1750,119.0
28751,1014,166,15,490,-6720,1750,119.0
28761,1014,161,-5,-70,-6370,1540,119.0
28774,1026,155,-10,-280,-5810,1400,119.0
28787,1034,147,-26,-700,-4200,910,119.0
28797,1041,143,-37,-560,-3150,700,119.0
28810,1053,141,-53,-280,-1750,560,119.0
28820,1054,110,-74,-490,-280,-140,116.0
28833,1051,155,-56,-770,910,-700,115.0
28846,1026,175,-30,-2030,3080,-910,115.0
28856,1025,171,12,-3010,3780,-1330,120.0
28869,999,187,39,-4200,3780,-1750,120.0
28879,998,191,46,-5390,3570,-2030,117.0
28892,993,195,57,-6090,3150,-1750,116.0
28905,976,205,87,-6720,2660,-1330,116.0
28915,973,207,107,-6650,1960,-840,117.0
28928,969,208,114,-6440,1050,-210,117.0
28938,966,201,122,-5740,210,630,117.0
28951,980,176,114,-3430,-1050,1680,122.0
28964,1083,71,-10,-1610,-420,350,122.0
28974,1015,210,-13,490,280,840,121.0
28987,947,302,113,4970,2030,6020,121.0
28997,961,274,113,9240,2520,8470,121.0
29010,987,138,82,15890,2940,9520,120.0
29023,984,154,99,17500,2730,10150,120.0
29033,966,158,118,19600,2590,10640,119.0
29046,995,125,103,23520,2100,10710,119.0
29056,1014,88,68,24570,1960,10290,121.0
29069,1036,139,-8,26110,2800,10220,119.0
29082,1061,252,-54,28560,4270,10570,119.0
29092,1015,167,-77,29960,6370,12110,117.0
29105,1003,188,123,31780,7840,14490,117.0
29115,987,212,144,30100,6650,14630,118.0
29128,948,135,142,28070,4970,13790,118.0
29141,920,84,132,25620,2380,9100,118.0
29151,948,112,43,25690,1750,8750,116.0
29164,1263,0,51,26880,3920,10290,116.0
29186,1037,56,6,28490,4550,7630,118.0
29199,1038,35,62,29330,4900,5460,118.0
29213,960,130,132,29610,4410,4340,117.0
29226,983,117,104,29540,3430,3710,117.0
29236,1008,65,92,29890,2870,2730,119.0
29249,994,128,75,29330,1330,1960,117.0
29262,999,146,51,29960,1330,1960,117.0
29272,1030,158,19,30520,1330,2240,121.0
29285,1004,172,39,31010,1890,3500,121.0
29295,982,180,76,31500,1610,3990,121.0
29308,992,169,69,31500,1120,4270,118.0
29321,993,236,29,30940,770,4830,118.0
29331,1012,208,-1,30170,980,5600,117.0
29344,1009,223,26,27300,1190,7000,117.0
29354,978,219,59,24080,560,6720,114.0
29367,1009,244,-5,19740,-210,6580,117.0
29380,990,256,9,15050,-630,5880,117.0
29390,989,240,32,9170,-1400,4760,117.0
29403,1002,232,-30,-5110,-3780,3430,117.0
29413,1025,206,-43,-12110,-4200,1890,119.0
29426,1021,198,-22,-19040,-4620,140,117.0
29439,1002,221,8,-25410,-5950,-2380,117.0
29449,994,184,39,-30940,-6860,-3570,119.0
29462,1014,109,49,-38780,-7560,-4690,119.0
29472,1010,141,54,-40320,-8120,-5600,117.0
29485,1025,103,60,-40390,-8120,-5950,119.0
29498,1014,74,5,-35980,-7070,-5950,119.0
29508,1035,65,59,-32550,-6020,-5810,121.0
29521,1037,64,36,-28490,-5110,-5530,121.0
29531,1021,60,47,-24010,-3990,-4900,119.0
29544,1012,50,102,-19180,-3080,-4340,116.0
29557,1009,58,128,-9520,-1960,-3710,116.0
29567,1000,66,116,-4690,-1750,-3080,116.0
29580,1015,81,85,0,-1540,-2380,116.0
29590,1011,69,106,4480,-1190,-1680,120.0
29603,993,107,95,11690,-770,-840,117.0
29616,1015,131,53,14350,-70,-210,117.0
29626,999,164,75,15330,-70,70,117.0
29639,985,201,60,14770,-560,70,117.0
29649,990,206,51,13300,-1050,-70,115.0
29662,990,216,54,7140,-2660,-840,116.0
29675,992,242,29,3360,-3570,-1190,116.0
29685,991,252,39,-140,-4200,-1260,116.0
29698,980,240,45,-3570,-5460,-1190,116.0
29708,979,322,-33,-7840,-5740,-1050,123.0
29721,1040,215,26,-18340,-5810,-1750,117.0
29734,977,258,12,-26320,-7280,-3290,117.0
29744,988,237,22,-32480,-8400,-4760,117.0
29757,1010,190,11,-40740,-9730,-6650,117.0
29767,1007,179,14,-42420,-9940,-7140,119.0
29780,1010,155,51,-42700,-10150,-7280,122.0
29793,1005,132,40,-41720,-9870,-6860,122.0
29803,1008,97,77,-39550,-9520,-7280,117.0
29816,1021,63,51,-34790,-9030,-7770,117.0
29826,1025,74,69,-31780,-8470,-8120,121.0
29839,1016,126,58,-28280,-7980,-8330,122.0
29852,1014,33,59,-24430,-6510,-7980,122.0
29862,1008,166,72,-20160,-6020,-6860,118.0
29875,991,165,59,-11480,-4830,-5460,118.0
29885,1009,162,48,-7630,-3990,-4060,120.0
29898,1009,177,30,-4410,-3150,-3220,119.0
29911,996,180,33,490,-1960,-1540,119.0
29921,996,190,49,1890,-1540,-1050,121.0
29934,1013,189,11,2870,-1190,-840,121.0
29944,1010,216,6,3500,-490,-560,120.0
29957,1004,237,7,3570,70,210,121.0
29970,994,206,24,1470,-70,210,121.0
29980,992,236,68,0,-210,140,120.0
29993,980,228,41,-2170,-910,-140,120.0
30003,992,169,55,-4060,-1470,-630,121.0
30016,989,242,56,-7630,-2520,-1400,118.0
30029,1007,183,40,-8540,-2590,-1610,118.0
30039,1015,203,17,-10010,-2940,-1960,121.0
30052,999,210,30,-11130,-2800,-2240,121.0
30062,984,230,43,-11900,-2800,-2240,118.0
30075,983,232,32,-13300,-3010,-2030,119.0
30088,1011,213,9,-14000,-3010,-2030,119.0
