t_ms,ax_mg,ay_mg,az_mg,gx_mdps,gy_mdps,gz_mdps,dist_mm
30105,1221,40,162,25130,-40530,-88690,137.0
30223,1159,22,127,48790,-48160,-80290,137.0
30252,970,11,5,86520,-54250,-66710,152.0
30265,841,39,-54,98490,-55580,-61670,152.0
30278,775,73,-89,109060,-55650,-50680,156.0
30292,609,112,-77,122780,-55440,-44800,156.0
30302,553,78,-85,127050,-55440,-39270,159.0
30315,518,167,-80,130830,-55300,-33880,161.0
30328,523,165,-44,137550,-55790,-21280,161.0
30338,579,176,-7,140210,-56700,-15050,164.0
30351,679,251,1,142590,-57680,-8330,164.0
30361,705,237,-36,144270,-58240,-1470,163.0
30374,731,256,-71,145180,-57750,10850,163.0
30387,740,264,-76,144550,-54180,16310,163.0
30398,724,100,-96,143080,-52010,21140,162.0
30412,773,144,-76,140070,-49560,22960,156.0
30425,762,262,-44,129360,-44170,24990,156.0
30435,789,188,-9,122430,-41930,25550,155.0
30448,870,238,-49,113680,-40110,25760,155.0
30458,915,232,16,103670,-37660,25480,153.0
30471,956,249,11,93170,-34090,24150,150.0
30484,999,246,34,72170,-31920,23380,150.0
30497,1059,247,41,61670,-30380,22470,143.0
30510,1118,253,66,41440,-27720,20370,139.0
30523,1006,240,152,31920,-26950,19180,139.0
30533,800,175,192,22680,-27510,17500,136.0
30546,550,217,263,14630,-29400,12740,136.0
30556,260,33,330,6370,-32900,7630,132.0
30569,-14,48,332,-4830,-43680,2240,125.0
30582,623,702,-552,560,-52290,-5810,125.0
30592,1122,-821,625,43540,-60480,29680,117.0
30605,1963,-836,487,46830,56560,83020,117.0
30615,-1037,953,-556,113400,1050,77910,115.0
30628,-1279,-1575,-973,117250,-10850,69930,114.0
30641,1708,-1173,1201,176960,21280,57820,114.0
30651,1308,100,-325,151620,1330,55930,113.0
30664,659,-488,-1997,-58310,-6510,51940,113.0
30674,739,-188,-63,-41440,-11900,39410,111.0
30687,900,-383,-725,840,700,31220,112.0
30700,747,5,-813,-13930,1050,20230,112.0
30710,1115,-229,-269,-9800,3150,15680,111.0
30723,1011,-165,-482,-5040,6580,13160,111.0
30733,956,64,-536,-1960,8610,10640,108.0
30746,943,-93,-478,-1120,11480,7630,112.0
30761,958,-29,-397,1190,17850,1890,112.0
30771,947,-68,-408,2590,19180,-350,110.0
30784,966,18,-429,3220,21420,-1750,110.0
30794,955,18,-447,3640,23660,-2870,114.0
30807,939,88,-467,4550,27930,-3570,108.0
30820,940,31,-286,4060,28560,-3920,108.0
30830,979,204,-234,5250,29120,-3570,109.0
30843,941,135,-143,4340,27580,-2240,109.0
30853,954,174,-49,4410,24990,-630,109.0
30866,975,223,35,2660,17430,4130,112.0
30879,952,177,-193,1960,14560,6440,112.0
30889,965,135,-173,840,12740,8260,110.0
30902,972,120,-181,280,11270,10220,110.0
30912,977,108,-254,-280,10290,10780,108.0
30925,972,53,-230,-910,10080,10780,107.0
30938,975,49,-203,-1050,9730,10430,107.0
30948,983,51,-170,-1050,8960,10010,109.0
30961,991,72,-142,-1050,6790,9800,109.0
30971,987,81,-138,-700,5390,10010,111.0
30984,977,77,-196,-560,4270,10150,114.0
30997,983,77,-218,-490,3500,10290,114.0
31010,975,79,-254,-560,3220,10430,107.0
31023,971,66,-224,0,3010,10290,110.0
31036,977,67,-231,-210,2590,10360,110.0
31046,984,36,-268,-630,2450,10080,112.0
31059,986,48,-312,-630,3640,9660,112.0
31069,987,14,-329,-630,4970,8960,110.0
31082,974,-19,-330,-490,6510,7770,110.0
31095,968,-57,-358,-140,9800,4340,110.0
31105,966,-63,-330,490,11200,2310,109.0
31118,974,-49,-280,2240,12180,280,109.0
31128,970,-33,-294,3290,12950,-1470,107.0
31141,971,-1,-271,3990,13790,-2800,110.0
31154,988,48,-222,4830,14490,-3640,110.0
31164,989,89,-226,4480,14770,-3150,105.0
31177,986,72,-258,4340,15330,-2660,105.0
31187,992,78,-255,4340,16100,-2310,106.0
31200,984,69,-308,4130,17080,-1960,105.0
31213,982,20,-360,3080,20510,-2100,105.0
31223,1000,-24,-414,2800,23240,-2870,107.0
31241,980,124,-374,3850,28770,-3220,110.0
31255,1000,104,-374,3990,31780,-2940,110.0
31268,994,163,-378,4130,37800,420,108.0
31281,967,335,-336,2030,40250,4200,107.0
31295,925,440,-335,1260,42350,9030,107.0
31305,924,436,-308,-490,44030,19950,107.0
31318,959,353,-365,-2310,48020,24360,108.0
31331,978,274,-408,-5110,51730,28210,108.0
31341,1020,272,-392,-8120,55860,31920,107.0
31354,1073,329,-323,-10570,65940,40460,107.0
31364,1180,626,-70,-20930,70000,47600,106.0
31377,1077,329,5,-63140,73080,53340,104.0
31390,1032,376,10,-74620,73570,59570,104.0
31400,1063,460,8,-80640,73850,65450,106.0
31413,1207,361,116,-89250,71400,73220,106.0
31423,1055,252,241,-88130,66500,78120,108.0
31436,1185,185,97,-89110,61110,81620,107.0
31449,1479,313,392,-89950,57400,84140,107.0
31459,1305,303,173,-83930,52010,84840,113.0
31472,1150,223,351,-59920,48720,86310,113.0
31482,1171,-10,88,-50190,42280,84140,116.0
31495,1144,50,-52,-38850,41650,83230,122.0
31508,1089,-9,191,-26950,40250,79590,122.0
31521,1084,8,-57,-490,40390,77560,128.0
31534,1053,-60,74,13790,42210,75460,134.0
31547,1005,-80,76,41370,41930,67830,134.0
31557,986,-55,46,51310,41790,63770,137.0
31570,1042,30,156,55860,40880,59430,137.0
31580,1070,-48,94,56210,38850,55090,143.0
31593,1090,-52,11,52360,38290,42280,148.0
31606,1031,57,98,36260,37240,36750,148.0
31616,945,-52,81,27650,35420,30240,153.0
31629,849,-59,132,18620,33950,23730,153.0
31639,810,-82,142,9520,31780,16870,156.0
31652,776,-63,120,630,27300,3640,155.0
31665,769,-36,68,-16590,25760,-2100,155.0
31675,763,-42,69,-24150,24710,-7490,158.0
31688,722,-51,71,-29750,23660,-12390,158.0
31698,724,-53,37,-32900,22750,-16940,160.0
31711,731,-66,18,-33250,22470,-24920,161.0
31724,777,-115,-4,-31640,22890,-29190,161.0
31734,819,-99,-21,-29820,23590,-33530,158.0
31747,839,-90,-14,-28630,24850,-41720,158.0
31757,845,-82,-2,-28140,26040,-45430,154.0
31770,855,-62,-5,-28350,27720,-48860,155.0
31787,882,-57,24,-29260,28840,-55230,155.0
31797,896,-70,58,-30240,28490,-58590,154.0
31810,954,-62,80,-31710,27790,-61880,155.0
31823,1010,-62,106,-33670,26880,-65170,155.0
31833,1057,-63,145,-35980,25480,-68530,152.0
31846,1079,-69,198,-40390,20720,-75180,152.0
31856,1077,-79,199,-42140,17570,-78610,150.0
31869,1077,-74,216,-43610,14350,-81970,144.0
31882,1094,-82,259,-44590,6020,-88060,144.0
31892,1129,-65,302,-44940,630,-90580,142.0
31905,1169,-43,329,-42490,-4900,-92470,142.0
31915,1204,-55,352,-39340,-10850,-93870,140.0
31928,1207,-51,329,-34580,-17220,-95130,141.0
31941,1200,-58,302,-19110,-28770,-96390,141.0
31951,1184,-101,267,-8190,-33740,-97020,143.0
31964,1149,-102,162,3780,-37940,-97440,143.0
31974,1143,-78,122,15750,-40950,-97580,140.0
31987,1116,-38,113,26320,-43260,-96390,140.0
32000,1071,-14,125,41720,-47740,-95130,140.0
32010,1007,7,121,45990,-50540,-93660,146.0
32023,924,76,110,48440,-53270,-91420,146.0
32035,916,59,72,50120,-57260,-86170,146.0
32049,905,119,1,53830,-57610,-82530,147.0
32062,860,115,24,56280,-57680,-78330,147.0
32072,827,132,17,58800,-58170,-74130,150.0
32085,793,160,2,64120,-58800,-64330,152.0
32098,702,154,50,66500,-59360,-59290,152.0
32108,709,217,66,68600,-60690,-54040,151.0
32121,733,245,78,70490,-62090,-47950,151.0
32131,750,282,84,72380,-63700,-33530,152.0
32144,762,299,10,76580,-65940,-25690,149.0
32157,787,257,23,79030,-65730,-17920,149.0
32167,791,256,3,82110,-65590,-10920,146.0
32180,769,216,1,84630,-64190,770,146.0
32190,746,177,73,86310,-64890,4970,145.0
32203,766,299,0,87570,-65310,9450,146.0
32216,807,89,39,86940,-64260,14420,146.0
32226,867,183,58,85820,-63910,16240,139.0
32243,948,149,56,83300,-62930,19250,135.0
32256,979,19,68,84070,-61670,19950,135.0
32266,1030,88,58,85820,-61670,19600,133.0
32279,1101,50,48,88410,-59570,19180,133.0
32290,1226,66,51,88200,-57890,18480,127.0
32303,1236,70,31,86450,-56140,17220,126.0
32316,1220,74,18,80360,-51730,13860,126.0
32326,1217,57,18,76230,-49350,11340,123.0
32339,1271,102,-56,70630,-46900,7840,123.0
32349,1894,429,-477,67620,-45220,5460,119.0
32362,1684,-1673,1445,65380,-24010,32760,118.0
32375,1862,227,212,67200,14420,41440,118.0
32385,729,-688,376,54040,11480,48440,119.0
32398,1167,-103,-309,58100,17010,52080,119.0
32408,810,112,-687,73920,21140,45220,114.0
32421,740,132,-427,97930,25410,36260,112.0
32434,1438,-490,-163,107590,23520,32200,112.0
32444,718,94,-257,116200,30310,29330,113.0
32457,1216,32,-467,120190,27720,25760,113.0
32467,930,195,-106,122220,34090,25410,110.0
32480,1098,-48,-741,79800,20020,22960,112.0
32493,761,-42,-659,9450,9450,23170,112.0
32503,1052,-170,247,-41370,10710,26460,111.0
32516,1238,-403,239,-49140,6440,16520,111.0
32526,1011,-126,-276,-14490,8330,10430,108.0
32539,939,-369,-190,6020,9100,7630,107.0
32556,1020,-293,-118,-2100,9520,-1750,107.0
32566,943,-192,-398,6090,10360,-7140,107.0
32579,1057,-151,-126,8890,11760,-10780,109.0
32592,1044,-96,-176,7350,11690,-15190,109.0
32602,1013,-6,-339,4760,10640,-16100,108.0
32615,1023,12,-189,-6020,9800,-16660,108.0
32625,1021,77,-248,-12600,8680,-16450,110.0
32638,942,218,-238,-17710,7700,-15610,108.0
32651,949,155,-293,-22190,7350,-13580,108.0
32661,981,120,-268,-23870,8330,-12880,111.0
32674,960,193,-310,-22540,9800,-12040,111.0
32684,936,203,-279,-19600,11760,-11130,111.0
32697,959,203,-199,-15890,13160,-10080,110.0
32710,981,225,-150,-8750,14420,-6370,110.0
32720,959,248,-187,-4970,15120,-4060,113.0
32733,934,320,-157,-2240,15470,-1470,113.0
32743,944,280,-170,-1050,15120,1330,110.0
32756,949,270,-164,-350,14910,6510,109.0
32769,973,216,-202,-70,14840,9100,109.0
32779,983,193,-276,0,15610,11130,110.0
32792,963,209,-298,-210,17010,12600,110.0
32804,978,162,-296,-2240,19320,14630,109.0
32820,989,125,-292,-10010,20300,15260,109.0
32834,992,111,-259,-17220,22050,16100,107.0
32847,995,124,-176,-19670,22330,16590,107.0
32857,989,127,-156,-21140,22540,17290,108.0
32870,971,167,-94,-21210,22680,18130,108.0
32880,969,168,-36,-19600,22120,19320,111.0
32893,980,121,-9,-6860,21840,21350,108.0
32906,989,90,-15,3570,22470,21980,108.0
32916,997,66,-32,14140,23310,22400,105.0
32929,998,99,-57,22470,24080,22890,105.0
32939,987,96,-86,26390,23520,23170,107.0
32952,993,75,-170,21560,22330,23730,109.0
32965,1023,44,-276,6510,19950,24290,109.0
32975,1046,-55,-143,-9730,18550,24780,106.0
32988,1061,-21,53,-700,19460,23660,106.0
32998,1035,-92,-220,-2450,20860,22330,104.0
33011,1023,-66,-38,140,22120,20370,109.0
33024,1009,-89,-118,-140,22190,15470,109.0
33034,1002,-47,-130,980,22820,13510,109.0
33047,1014,33,-114,2520,23450,12880,109.0
33059,995,-71,-143,3290,24220,11620,106.0
33073,1001,-30,-112,3150,26110,8680,102.0
33086,1012,-24,-181,1680,27510,7560,102.0
33096,1007,-5,-177,1960,29330,6720,103.0
33109,1017,1,-181,1680,31220,6020,104.0
33122,1014,23,-216,700,35980,5530,104.0
33132,1018,65,-251,-560,39130,5530,103.0
33145,1012,92,-293,0,43050,5390,103.0
33155,1024,134,-274,-1190,46900,6510,105.0
33168,1017,115,-330,-980,50960,8120,103.0
33181,1207,-50,42,-910,58450,10710,103.0
33191,1075,-52,-501,-1330,58310,11480,105.0
33204,1902,877,-580,-14420,63490,10500,105.0
33214,1414,197,-563,-25270,76440,15260,107.0
33227,1044,509,270,-33530,83860,21210,110.0
33244,964,617,163,-73570,83580,24010,110.0
33254,1008,650,242,-93240,85610,26180,112.0
33267,1045,548,151,-114030,87710,34790,122.0
33280,913,305,152,-112770,87220,41230,122.0
33290,1555,277,44,-110390,85680,48580,122.0
33303,1427,466,504,-115640,85890,58240,122.0
33316,1264,523,153,-117740,71680,64540,130.0
33329,1303,437,370,-115080,66570,69090,134.0
33342,1223,234,114,-110320,52920,73850,134.0
33352,1256,101,182,-101290,47950,75250,140.0
33365,1168,-203,-119,-59220,46410,76580,149.0
33378,1082,-269,38,-22470,47390,74270,149.0
33388,1018,-164,-48,17290,46340,70980,154.0
33401,937,-93,-4,72870,48020,63910,154.0
33411,866,-14,80,81830,46270,60200,162.0
33424,769,-121,67,79800,44800,57050,169.0
33437,791,118,158,72870,42770,43540,169.0
33447,766,75,274,61600,39270,38290,175.0
33460,787,35,341,37940,27790,32620,175.0
33470,781,91,346,23940,20580,27370,178.0
33483,712,73,324,9660,13160,22540,178.0
33496,636,2,368,-3990,-2450,11830,178.0
33506,571,-50,353,-15820,-10570,5670,183.0
33519,525,-137,318,-31500,-18270,-1050,183.0
33529,504,-152,267,-36610,-25270,-8050,181.0
33542,527,-134,200,-40250,-30940,-14700,181.0
33555,516,-114,155,-42280,-38010,-25900,181.0
33568,486,-184,100,-41860,-40250,-32200,181.0
33581,536,-139,99,-40600,-42000,-43330,180.0
33594,595,-171,61,-35350,-44030,-48160,180.0
33604,658,-122,22,-31640,-44240,-52010,173.0
33617,837,-132,-44,-26670,-43470,-54880,173.0
33627,899,-145,-24,-20720,-41020,-57750,170.0
33640,943,-162,-49,-14210,-36260,-64540,163.0
33653,963,-166,-26,-2170,-33810,-68460,163.0
33663,987,-129,0,1960,-31710,-72240,160.0
33676,1013,-83,0,4760,-30100,-75390,160.0
33686,1033,-40,-4,6090,-28560,-77770,157.0
33699,1074,1,-2,6020,-25480,-79940,149.0
33712,1115,4,89,5740,-24850,-80080,149.0
33722,1172,21,57,5320,-25200,-80360,142.0
33735,1226,-27,90,4410,-25060,-81690,142.0
33745,1280,30,106,3360,-25410,-81760,138.0
33758,1300,63,179,1540,-28140,-81130,135.0
33771,1290,190,211,140,-30450,-80010,135.0
33781,1290,104,209,-4060,-33390,-78050,133.0
33794,1304,108,255,-10570,-40180,-76440,133.0
33804,1315,188,311,-19320,-44800,-75670,129.0
33817,1329,93,315,-37520,-49210,-75670,129.0
33829,1338,63,359,-45920,-54110,-76300,128.0
33843,1313,52,351,-57120,-65240,-77840,124.0
33856,1240,-6,264,-59990,-70350,-78750,129.0
33869,1247,-17,201,-60620,-74060,-80010,129.0
33879,1196,97,138,-58730,-76370,-80010,130.0
33892,1167,-67,138,-53760,-77770,-80850,130.0
33902,1155,-66,71,-51590,-78540,-82670,132.0
33915,1006,25,62,-48930,-78400,-83720,132.0
33925,957,2,-13,-45430,-77980,-83230,138.0
33938,888,8,80,-41300,-76510,-80920,138.0
33951,872,75,-34,-27300,-75950,-78190,138.0
33961,851,63,20,-16800,-74340,-74060,144.0
33974,802,78,26,-5110,-73780,-69510,144.0
33984,765,136,62,7210,-73640,-64260,149.0
33997,742,120,115,33460,-76440,-51170,150.0
34010,766,217,83,47110,-78540,-43540,150.0
34020,793,222,38,60760,-79800,-34860,150.0
34033,804,217,8,73990,-79940,-17780,150.0
34043,804,213,-45,86030,-79240,-10220,153.0
34056,785,201,-56,102900,-74620,-3640,152.0
34069,730,201,17,106750,-72380,1750,152.0
34082,726,165,-153,107520,-66010,9590,153.0
34095,677,178,-17,102760,-62720,12530,149.0
34108,793,164,-52,99750,-60340,15120,149.0
34118,881,177,-66,95900,-56980,17010,148.0
34131,948,174,-72,86590,-48930,19740,148.0
34141,1002,112,-34,80990,-45570,19530,146.0
34154,1090,140,-59,75040,-42070,18760,143.0
34167,1077,148,-51,69160,-37870,18270,143.0
34177,1066,93,-49,63210,-33740,17150,142.0
34190,1038,87,-30,51030,-26600,15750,142.0
34200,1058,117,-55,45010,-23100,14840,138.0
34213,1134,92,-44,38710,-19110,13790,134.0
34226,1185,104,-55,31360,-10920,10430,134.0
34236,1222,95,-50,22820,-6790,8400,129.0
34253,1245,122,-43,4200,-2800,6440,126.0
34267,1242,131,-955,-280,350,5040,126.0
34277,1776,-129,643,106330,17570,41440,123.0
34290,1769,667,503,136150,19320,38500,123.0
34300,580,175,-588,107940,40040,42840,121.0
34313,292,425,-885,138320,31920,37240,120.0
34326,745,-78,-183,145670,36400,36890,120.0
34337,930,-321,-235,149940,37170,31080,118.0
34350,1234,-273,-341,155820,37590,26880,114.0
34364,1137,191,-427,143080,35980,26250,114.0
34374,1075,354,-528,129010,36750,26180,114.0
34387,1046,457,-1348,63210,21350,23590,114.0
34397,422,-173,-463,-12390,14350,29190,117.0
34410,725,187,505,-61530,9520,31780,115.0
34423,1730,-753,-300,-51590,2660,30240,115.0
34433,971,55,59,-10570,12600,23030,112.0
34446,1047,70,-615,6160,8820,17010,112.0
34456,846,86,-367,-1400,12530,17710,113.0
34469,984,-387,-206,-14000,11760,12670,114.0
34482,889,-80,-597,-1470,9730,6300,114.0
34492,843,-88,-419,5600,11620,2730,113.0
34505,980,-216,-160,6300,10920,-3150,113.0
34515,966,-162,-133,3220,9800,-5950,112.0
34528,943,53,-315,3780,10010,-7420,112.0
34541,963,27,-232,6860,9520,-8330,112.0
34551,990,15,-209,9730,8820,-9170,111.0
34564,1028,65,-226,8120,7630,-9240,111.0
34574,1067,123,-229,6160,7700,-8470,110.0
34587,974,68,-291,7840,7140,-8470,112.0
34604,959,96,-279,10640,7560,-8680,112.0
34614,958,114,-329,10150,7700,-8330,112.0
34627,936,145,-333,8750,7980,-7700,108.0
34640,939,191,-308,1260,7700,-5040,108.0
34650,930,228,-287,-5040,6650,-3150,113.0
34663,960,190,-283,-12670,5530,-1260,113.0
34673,953,230,-242,-21280,4130,840,108.0
34686,945,228,-244,-30730,2030,5320,111.0
34699,956,185,-217,-44100,-1400,7280,111.0
34709,966,194,-208,-47320,-2450,9240,113.0
34722,950,229,-225,-48930,-3150,11550,113.0
34732,931,229,-242,-48720,-3500,13720,114.0
34745,941,252,-217,-47180,-3780,18340,109.0
34758,953,200,-243,-42630,-3500,20440,109.0
34768,950,218,-246,-39200,-2870,22330,111.0
34781,1000,148,-281,-35420,-2170,24570,111.0
34791,1010,96,-156,-26880,140,26810,111.0
34804,1025,145,-166,-3850,3710,28840,111.0
34817,981,-36,-378,-10710,3640,29120,111.0
34827,1017,-40,-237,-16450,4130,28350,114.0
34840,1041,-85,-268,-12530,5180,24010,114.0
34854,1019,-49,-298,-10220,8330,21770,109.0
34868,1011,-30,-326,-9520,10080,19670,110.0
34881,1001,22,-299,-10640,14210,17640,112.0
34894,1004,122,-342,-12950,15610,18060,112.0
34904,1010,243,-398,-9870,17150,19040,110.0
34917,1021,275,-318,-9380,19460,24920,110.0
34927,1020,273,-321,-11410,23030,28560,110.0
34940,1026,189,-56,-28910,26460,33320,110.0
34950,1007,194,-204,-49000,27370,38710,111.0
34963,1021,351,-294,-66290,30240,42980,112.0
34976,967,121,-353,-86870,35560,49560,112.0
34986,1015,81,-373,-85610,37940,50540,110.0
34999,964,-46,-562,-80710,39550,50540,110.0
35009,985,51,-381,-71890,42770,50190,114.0
35022,1002,74,-373,-60620,44520,49840,110.0
35035,966,48,-414,-43610,49700,49420,110.0
35045,937,-46,-399,-40250,50470,48440,109.0
35058,937,-101,-296,-34370,52360,47110,109.0
35068,948,-126,-272,-29470,53410,45710,111.0
35081,955,-102,-228,-26600,56840,42420,114.0
35094,934,-185,-152,-29190,58870,42000,114.0
35107,992,-164,-339,-30660,59500,43120,109.0
35120,951,72,-189,-38710,64190,44450,111.0
35133,1007,-12,-141,-38080,64540,44590,111.0
35143,1015,57,-131,-37590,65520,44940,113.0
35156,1058,-67,-41,-38990,65730,45220,113.0
35166,1068,205,51,-38570,65380,44590,116.0
35179,792,237,281,-53690,61460,40390,115.0
35192,1324,30,49,-62160,68390,42350,115.0
35202,1205,491,27,-64050,68880,46060,119.0
35215,1206,157,408,-75460,60200,43470,119.0
35225,1320,272,-7,-74550,61600,41790,124.0
35241,1379,167,202,-66500,59570,40600,126.0
35266,1285,96,192,-21840,54810,37660,129.0
35280,1180,89,91,910,52990,37100,137.0
35293,1139,88,160,47250,50470,35350,137.0
35303,1091,56,135,66780,48580,33740,142.0
35316,1020,135,149,81410,46970,32270,150.0
35329,973,162,155,90090,45220,28910,150.0
35339,920,248,147,93800,43050,27300,153.0
35352,878,41,157,87780,41650,23380,153.0
35364,831,119,174,79310,39060,20160,156.0
35378,797,131,145,70630,34020,13230,162.0
35391,771,62,180,51030,30940,9100,162.0
35401,758,41,192,41510,27230,4830,165.0
35414,744,57,189,32620,23380,700,164.0
35427,743,35,192,16380,16590,-6440,164.0
35437,719,16,194,7840,12950,-10640,173.0
35450,675,-32,207,-700,9030,-15330,173.0
35460,677,-29,212,-9240,4900,-20090,170.0
35473,683,-38,218,-17080,910,-24570,169.0
35486,677,-54,178,-28000,-6930,-32970,169.0
35496,679,-64,178,-31290,-10150,-36820,164.0
35509,721,-46,150,-33460,-12950,-40390,164.0
35519,756,-44,110,-34790,-15260,-43400,168.0
35532,787,-68,97,-36260,-17640,-49910,167.0
35545,815,-137,35,-37800,-18130,-53830,167.0
35555,851,-135,13,-36260,-17640,-57960,162.0
35568,952,-126,-21,-34090,-16590,-61740,162.0
35578,990,-110,-31,-31710,-14700,-65100,160.0
35591,1017,-103,-42,-25550,-10010,-70490,157.0
35604,1021,-98,-54,-21980,-7350,-72870,157.0
35617,1021,-106,-58,-17990,-4760,-74970,152.0
35630,1024,-100,-21,-9730,-210,-78750,150.0
35643,1027,-83,4,-5950,1260,-80430,150.0
35653,1052,-57,25,-3220,2170,-81900,146.0
35666,1100,-28,22,-1890,2590,-83580,146.0
35676,1148,9,67,-1120,2940,-83580,145.0
35689,1183,33,113,-210,1050,-83230,144.0
35702,1199,31,137,210,-700,-82530,144.0
35712,1205,36,151,770,-2940,-81690,138.0
35725,1185,99,232,2800,-10220,-77770,138.0
35735,1172,104,262,3990,-15540,-75040,138.0
35748,1142,94,293,4480,-21280,-72590,142.0
35761,1112,85,340,3920,-27440,-70490,142.0
35771,1094,79,364,2730,-34650,-68670,139.0
35784,1089,72,413,2590,-51240,-65240,139.0
35794,1125,54,378,5040,-60060,-63210,141.0
35807,1157,70,310,7840,-68040,-60760,138.0
35820,1154,85,226,12110,-79030,-55230,138.0
35830,1160,5,140,17150,-81970,-53830,143.0
35843,1153,-16,81,29120,-85330,-53480,143.0
35853,1173,-77,-42,38920,-86660,-52220,144.0
35866,1100,-82,-59,50610,-85960,-50680,145.0
35883,1089,2,-104,74690,-83510,-46690,145.0
35893,1040,46,-109,84070,-81340,-43680,144.0
35906,943,94,-93,90370,-79100,-36890,150.0
35919,862,102,-88,95130,-74270,-33250,150.0
35929,786,153,-36,96040,-72660,-29330,153.0
35942,745,136,-102,96320,-72030,-25620,153.0
35952,752,163,-101,96040,-70000,-22120,149.0
35965,746,163,-80,94500,-65730,-15120,150.0
35978,827,242,-75,93450,-63770,-11060,150.0
35988,856,220,-80,92260,-61460,-6720,150.0
36001,850,212,-77,90790,-58870,-2870,150.0
36011,847,221,-99,89250,-56070,560,149.0
36024,824,164,-111,84910,-49000,5390,152.0
36037,779,169,-77,81550,-45640,6790,152.0
36047,749,175,-69,77350,-42420,7630,150.0
36060,726,188,-62,72170,-39270,8540,150.0
36070,723,199,-14,66290,-34160,8960,153.0
36083,742,199,24,53270,-32690,9170,144.0
36096,866,208,22,46270,-31080,9240,144.0
36106,934,189,33,38990,-29190,9240,145.0
36119,969,233,54,23380,-26180,9660,145.0
36130,995,279,66,13300,-24920,10220,140.0
36143,1108,297,48,2590,-23520,11060,137.0
36156,1132,277,39,-7910,-19600,12530,137.0
36166,1135,270,53,-17990,-17640,12740,134.0
36179,1137,258,0,-36470,-14490,12740,134.0
36189,1122,235,-23,-44380,-11410,12810,128.0
36202,1230,362,-168,-50890,-8120,12950,122.0
36215,1989,211,-341,40530,37100,60620,122.0
36225,1610,-1518,848,68810,12110,53340,122.0
36238,462,1062,-405,63910,32900,53270,122.0
36248,359,318,8,80360,45010,59640,119.0
36268,1125,-275,-478,96810,24710,47390,115.0
36282,1433,-52,-62,96950,39550,42770,118.0
36295,761,383,-463,87990,38010,42490,118.0
36305,1003,-48,-571,72800,33810,41930,113.0
36318,1082,20,-253,58800,33460,41790,113.0
36328,934,263,-157,39760,33390,41720,114.0
36341,881,26,-300,-1190,25060,40250,114.0
36354,1046,-96,-136,-17920,21490,38430,114.0
36364,1040,-146,-176,-31080,18900,35770,115.0
36377,1013,-138,-197,-38080,17220,29330,115.0
36388,1007,-150,-165,-40460,14910,25760,114.0
36401,1024,-151,-170,-36960,14420,21910,112.0
36414,1027,-112,-133,-32690,14560,15610,112.0
36424,1023,-110,-114,-28070,14630,15610,109.0
36437,993,-37,-75,-18970,12530,11830,107.0
36450,983,67,22,-14630,10570,11130,107.0
36460,985,100,50,-9730,8120,11060,110.0
36473,970,139,23,-4060,5740,12600,110.0
36483,960,158,-13,2870,2240,14000,111.0
36496,949,121,-144,16940,140,15330,110.0
36509,1014,97,-300,14420,-1680,15680,110.0
36519,929,-111,-395,-1470,-2940,15890,110.0
36532,1026,-7,-244,-4270,-1330,14210,110.0
36542,1037,-88,-184,3220,-210,11970,110.0
36555,979,-58,-328,-2590,1120,11340,110.0
36568,1013,50,-154,-2380,2100,9240,110.0
36578,994,-13,-178,-140,2310,8680,108.0
36591,988,-22,-120,-980,1260,7770,108.0
36601,992,26,-104,560,70,7140,108.0
36614,1004,-7,-93,-140,-1470,6790,108.0
36624,1014,17,-126,560,-2730,6160,108.0
36637,1002,-5,-239,630,-1890,4130,110.0
36654,988,-32,-376,1120,210,2450,110.0
36667,984,-31,-396,2030,5740,-560,110.0
36677,988,25,-396,2590,8750,-1330,108.0
36690,988,24,-342,3570,11340,-1960,108.0
36700,992,61,-304,3640,13510,-2240,109.0
36713,994,77,-242,3570,15260,-2660,106.0
36726,1009,-55,-275,4200,17640,-3010,106.0
36736,985,149,-239,2940,18760,-2240,111.0
36749,1003,93,-198,3010,19600,-1680,111.0
36759,994,94,-220,2030,20090,-700,108.0
36772,986,101,-143,2100,20160,630,109.0
36785,991,76,-100,2800,19460,770,109.0
36795,998,29,-85,2800,18550,770,111.0
36808,1003,38,-86,2660,17430,630,111.0
36818,999,29,-124,2660,16660,350,106.0
36831,1002,15,-141,2520,15610,-770,110.0
36844,1012,16,-153,2450,15610,-1470,110.0
36854,1012,20,-153,2170,15680,-1820,106.0
36867,1013,36,-192,1820,16450,-2030,106.0
36877,1017,48,-234,490,17010,-1890,106.0
36890,1016,127,-349,-12180,17640,-1400,107.0
36907,1003,118,-372,-28000,21420,210,107.0
36917,1016,89,-403,-31290,25200,1190,109.0
36930,973,263,-423,-32900,29750,2940,109.0
36943,951,331,-423,-35000,33950,10150,109.0
36953,927,393,-448,-36750,38220,14840,108.0
36966,919,394,-460,-36960,48160,19320,108.0
36976,934,326,-464,-35840,53830,23450,110.0
36989,976,221,-464,-35140,59850,26950,107.0
37002,957,273,-489,-36820,70980,33950,107.0
37012,942,330,-459,-42630,74620,38290,110.0
37025,893,504,-340,-75600,76160,43470,110.0
37035,915,415,-312,-100730,76720,50260,103.0
37048,1915,-861,1282,-106400,79100,57820,110.0
37061,1639,1422,-360,-53620,95970,64890,110.0
37071,1130,746,-1170,-92960,103810,64610,109.0
37084,656,240,625,-105490,98490,71120,109.0
37094,969,3,72,-130340,84350,71960,115.0
37107,605,530,-160,-147840,77490,69440,124.0
37120,455,67,98,-159740,67970,68110,124.0
37130,906,193,59,-161490,65380,66640,128.0
37143,936,143,120,-162470,59640,66850,128.0
37155,985,48,209,-161770,47740,64750,129.0
37169,1252,-103,224,-153370,41650,63630,138.0
37182,979,94,277,-140070,36120,61950,138.0
37192,900,-314,-49,-117320,28980,61600,142.0
37205,856,-322,165,-53690,24570,53480,142.0
37215,877,-408,83,-20650,23450,47810,148.0
37228,794,-281,228,6440,21630,42000,149.0
37241,834,-207,268,25130,16660,29050,149.0
37251,877,-129,328,35000,11060,22820,154.0
37268,867,-146,347,38290,-1330,16590,153.0
37281,842,-154,308,33600,-14070,1820,153.0
37291,773,-257,151,29260,-16520,-6650,160.0
37304,559,-152,-56,23800,-16170,-13860,148.0
37317,562,-97,-43,17920,-14490,-20720,148.0
37327,624,-101,-42,11340,-13020,-27090,151.0
37340,705,-59,0,-1750,-10010,-37660,151.0
37350,805,18,50,-7420,-8960,-40740,150.0
37363,1008,52,53,-11830,-8820,-42560,149.0
37376,1099,39,15,-14770,-7280,-44940,149.0
37386,1160,27,-9,-16170,-5320,-45780,146.0
37399,1129,-24,-154,-15050,-2380,-46970,146.0
37411,1006,-49,-156,-13720,2170,-48510,148.0
37425,1009,-22,-45,-13580,8540,-52500,143.0
37438,1009,78,-1,-14420,9520,-53480,143.0
37448,1026,134,72,-15890,10220,-53200,143.0
37461,1076,144,134,-17500,9450,-51730,143.0
37471,1114,119,141,-18410,7490,-49910,140.0
37484,1137,97,204,-16520,2030,-47040,136.0
37497,1156,34,219,-13300,-1960,-46340,136.0
37507,1127,7,202,-8820,-6230,-45920,136.0
37520,1079,-23,186,-3500,-10360,-46900,136.0
37530,1046,-49,169,2310,-17990,-48300,133.0
37543,1064,-30,208,12810,-21980,-49910,134.0
37556,1106,-31,212,17010,-26530,-51380,134.0
37566,1106,-27,234,20510,-31290,-52780,137.0
37579,1106,-44,230,26110,-41650,-56210,137.0
37589,1129,-26,218,28280,-46550,-57680,132.0
37602,1174,-29,189,30940,-51520,-59080,134.0
37615,1222,-43,128,34440,-55510,-61600,134.0
37625,1255,-80,85,38850,-58030,-63140,135.0
37638,1251,-73,33,49840,-60690,-64610,135.0
37648,1225,-80,51,53900,-61320,-66150,133.0
37663,1089,2,13,55230,-62230,-68250,135.0
37680,914,-16,0,53410,-62300,-68810,140.0
37694,850,27,-31,49350,-61880,-70000,140.0
37704,792,16,-18,47040,-61740,-70210,139.0
37717,719,59,25,44940,-62230,-69790,139.0
37727,709,93,49,43260,-63000,-68880,148.0
37740,697,137,63,42000,-64120,-64610,148.0
37753,705,179,22,41020,-66430,-60760,148.0
37763,736,252,28,41230,-66710,-56070,148.0
37776,748,196,34,42210,-66990,-51940,148.0
37786,728,224,-13,43330,-67130,-47880,148.0
37799,714,202,-7,44380,-65660,-39410,151.0
37812,705,241,-19,45500,-64820,-35420,151.0
37822,680,45,2,45080,-63700,-31780,148.0
37835,678,205,6,44310,-62860,-30730,148.0
37845,686,232,17,42070,-61740,-28840,148.0
37858,723,196,26,38080,-59990,-22960,149.0
37871,844,239,27,35980,-59220,-20090,149.0
37881,930,231,50,34160,-58030,-16870,143.0
37894,1033,199,40,32760,-57050,-11270,143.0
37904,1094,160,31,31290,-55580,-9730,139.0
37917,1123,132,18,28070,-51800,-8680,134.0
37932,1239,146,19,25760,-49560,-6720,134.0
37942,1305,139,18,23030,-47110,-5880,131.0
37955,1333,137,-40,17010,-41300,-5110,127.0
37968,1275,137,-14,14140,-37380,-4340,127.0
37978,1369,255,-207,11760,-34090,-3780,124.0
37991,1964,469,-648,21490,-1890,37310,124.0
38001,1986,-1693,1652,57190,3920,58100,122.0
38014,1940,766,-793,84070,32270,59570,123.0
38027,289,897,-1273,85960,29330,59920,123.0
38037,765,598,-373,110250,29120,58240,120.0
38050,768,-169,24,123620,32480,43820,120.0
38060,1012,-288,-298,130340,34510,42210,120.0
38073,1113,123,-330,125160,36400,39200,116.0
38086,881,472,-288,111860,37100,36610,116.0
38096,895,47,-284,95620,36750,34440,114.0
38109,987,-214,-255,60480,26110,32830,114.0
38119,975,10,-298,39200,21910,30380,114.0
38132,989,-62,-252,19460,18200,27930,112.0
38145,1044,-191,-231,1050,11480,21140,112.0
38155,1024,-295,-362,-14630,9940,15890,113.0
38168,1040,-192,-391,-31850,10500,10570,113.0
38180,1039,-227,-425,-37030,12180,5670,110.0
38194,1030,-179,-451,-43890,15960,-2730,114.0
38207,988,-6,-345,-48930,17150,-5390,114.0
38217,965,82,-283,-54670,17290,-6860,115.0
38230,939,159,-239,-61390,16450,-6510,112.0
38243,955,207,-56,-74620,12460,-4620,112.0
38253,932,282,-11,-79940,8680,-1960,113.0
38272,907,311,-129,-81550,3290,3500,114.0
38286,938,228,-108,-76370,2450,5040,114.0
38296,948,183,-102,-67690,2590,6020,111.0
38309,937,229,-104,-42840,4550,7630,113.0
38322,977,183,-101,-28840,6090,8400,113.0
38332,994,150,-30,-13930,7840,8820,115.0
38345,1004,148,18,700,8820,9100,115.0
38355,976,170,-12,14070,9240,9660,112.0
38368,959,162,-35,32130,7980,9520,111.0
38381,986,167,-83,34020,6160,9800,111.0
38391,973,181,-171,30730,4060,10220,114.0
38404,972,165,-211,23870,0,10640,114.0
38414,987,142,-239,14700,-1470,10500,113.0
38427,993,83,-256,-3640,-2170,9870,111.0
38442,1019,37,-194,-10500,-3920,7630,111.0
38452,1036,26,-202,-15610,-3920,6790,111.0
38465,990,159,-212,-19320,-3640,6020,111.0
38475,983,66,-263,-19460,-3150,5670,112.0
38488,1023,48,-266,-17360,-1470,5320,114.0
38501,1017,57,-223,-13860,1400,4200,114.0
38511,1007,87,-198,-14000,1540,3990,108.0
38524,957,219,-114,-15400,560,4480,108.0
38534,948,254,-99,-16520,-1050,5530,111.0
38547,954,247,-86,-15750,-2520,8540,113.0
38560,959,240,-163,-5110,-2590,10220,113.0
38570,962,229,-200,2520,-1190,11620,108.0
38583,972,196,-271,9100,630,12880,108.0
38593,970,206,-306,12390,2590,14070,115.0
38606,980,184,-282,10990,4060,16100,113.0
38619,978,186,-324,-3990,3710,17080,113.0
38629,966,122,-327,-12810,3570,17500,111.0
38642,1007,78,-321,-19600,4060,17640,111.0
38652,998,86,-333,-24010,5320,17430,111.0
38665,1009,52,-324,-27650,8890,16170,109.0
38678,995,75,-323,-27580,10850,15470,109.0
38691,987,92,-291,-26740,12950,14490,108.0
38704,986,96,-265,-23310,16240,14210,111.0
38717,978,118,-250,-20370,17990,14070,111.0
38727,983,110,-233,-17080,19740,14000,109.0
38740,990,91,-244,-13650,23450,13860,109.0
38750,987,86,-232,-9870,25200,13580,110.0
38763,992,66,-254,-3290,27160,13160,105.0
38776,998,71,-282,-1330,29330,12810,105.0
38786,1008,42,-332,-840,31570,12250,111.0
38799,1024,9,-356,-3710,37380,10430,111.0
38809,1022,32,-381,-7910,40460,9590,110.0
38822,1008,80,-415,-13650,43890,9170,110.0
38835,996,151,-396,-21000,46900,10290,110.0
38845,980,214,-401,-29470,49630,12320,105.0
38858,957,261,-354,-44870,55230,14910,105.0
38868,942,301,-308,-50890,57890,18200,106.0
38881,900,438,-263,-56280,59780,22120,109.0
38894,894,450,-221,-63070,61320,32060,109.0
38904,882,438,-152,-71820,61040,38080,108.0
38917,883,491,-26,-88060,60200,44450,108.0
38927,850,454,146,-95900,59640,51310,108.0
38940,936,316,177,-102970,56910,58590,106.0
38957,1555,1572,-189,9520,58590,59430,106.0
38967,1441,1290,-1552,-23380,59990,74480,106.0
38980,1433,878,580,-43400,70630,91000,115.0
38993,588,183,743,-42980,61320,93380,115.0
39003,66,374,-272,-47110,41720,95410,115.0
39016,1106,-119,535,-49070,42070,99260,115.0
39026,1110,-158,732,-37870,41930,98630,121.0
39039,816,37,-95,-32690,37940,103250,125.0
39052,1153,45,227,-35980,34930,103740,125.0
39062,1276,34,351,-35770,32060,102760,129.0
39075,1056,-18,156,-33250,29890,100800,129.0
39085,1067,-102,14,-27510,25340,94920,132.0
39098,1029,-34,259,-10640,17990,91070,139.0
39111,1095,-162,220,280,14630,85750,139.0
39121,1093,-190,143,10990,11760,80500,141.0
39134,1076,-202,135,20790,7350,69020,141.0
39144,1039,-224,116,30310,6230,62650,150.0
39157,974,-265,111,49350,5880,55720,154.0
39170,837,-270,90,57680,5040,48160,154.0
39180,784,-199,81,63630,3920,40390,155.0
39193,759,-160,135,66220,980,24920,155.0
39207,778,-73,72,62020,350,15820,158.0
39221,788,-111,0,54740,630,1820,161.0
39234,773,-121,35,37800,1120,-5110,161.0
39244,790,-92,27,28630,1470,-12180,159.0
39257,802,-108,26,19390,1960,-18900,161.0
39281,826,-72,16,-5110,3710,-36610,157.0
39295,858,-57,6,-12320,4550,-41650,158.0
39308,885,-63,-3,-25480,7280,-51030,158.0
39318,897,-76,-8,-31640,8890,-55650,157.0
39331,885,-66,-12,-37450,10780,-60060,157.0
39341,871,-66,-7,-42700,12600,-64120,156.0
39354,870,-53,-2,-47740,14210,-71540,154.0
39367,869,-56,44,-57260,16730,-74970,154.0
39377,879,-51,62,-61600,17360,-78120,150.0
39390,952,-40,75,-65380,17640,-80850,150.0
39400,995,-33,98,-68670,17710,-83300,146.0
39413,1036,-13,130,-71400,16310,-87010,142.0
39426,1111,11,204,-74340,14490,-87920,142.0
39436,1143,24,243,-74760,11900,-88480,143.0
39449,1159,13,269,-74830,8610,-88760,143.0
39460,1173,16,279,-74410,4620,-89250,140.0
39473,1192,28,288,-71750,-3920,-88760,135.0
39486,1212,0,317,-68530,-8330,-88480,135.0
39496,1217,-37,299,-63210,-13370,-88270,134.0
39509,1210,-16,297,-55720,-23100,-87710,134.0
39519,1202,-49,250,-46340,-27020,-87220,134.0
39532,1129,-62,248,-22960,-31360,-86660,137.0
39545,1114,-52,203,-9730,-35560,-85890,137.0
39555,1125,-74,158,4200,-39060,-84770,134.0
39568,1148,-67,139,31430,-43960,-82810,134.0
39578,1161,-60,124,43190,-45990,-81830,134.0
39591,1127,-26,82,52640,-47740,-80850,138.0
39604,1087,-3,78,58800,-49210,-79170,138.0
39614,1050,51,17,61670,-50540,-77770,142.0
39627,978,1,42,63210,-52570,-76510,142.0
39637,928,-26,0,63070,-53270,-76090,144.0
39650,830,193,-18,63630,-53480,-75110,146.0
39663,810,177,-45,61460,-52500,-66080,146.0
39673,822,226,20,55160,-52290,-62580,147.0
39686,758,234,79,46830,-53270,-59850,147.0
39696,767,282,48,37450,-54740,-55930,154.0
39709,753,304,102,28210,-55650,-45430,151.0
39726,762,227,77,14280,-58800,-40110,151.0
39736,783,196,101,10920,-59710,-35350,150.0
39749,802,327,74,11760,-61600,-22400,151.0
39762,820,202,30,20930,-61460,-16660,151.0
39772,848,180,53,24920,-61110,-11410,148.0
39785,874,145,74,28490,-60970,-6650,148.0
39795,894,-20,87,33110,-61110,-3640,149.0
39808,885,56,46,53270,-61320,2170,147.0
39821,883,-12,48,65310,-59430,5110,147.0
39831,891,-21,9,77840,-58450,7350,143.0
39844,892,-4,5,90160,-56980,11830,143.0
39854,916,19,-12,101500,-55440,14070,137.0
39867,957,5,-27,120750,-51240,16030,138.0
39880,1076,6,-43,127190,-48650,17290,138.0
39890,1093,37,-7,130620,-45570,17850,136.0
39903,1131,7,-132,128590,-38150,17640,136.0
39913,1127,64,-68,124460,-34510,16800,131.0
39926,1122,4,29,120050,-32270,14700,129.0
39939,1114,26,-69,115150,-30170,12530,129.0
39949,1070,83,-60,109900,-26320,10920,124.0
39962,1074,138,-140,91910,-19110,8960,124.0
39974,1905,-567,729,100030,-8890,25830,120.0
39988,1787,-1454,1669,91140,25620,47740,118.0
40001,513,1022,-1011,88760,28560,41090,118.0
40011,104,1022,-606,113190,29260,41300,119.0
40024,724,456,-262,117740,29960,38920,116.0
40037,906,-866,158,114730,19670,33180,116.0
40047,1365,-677,-1,121310,23170,30940,113.0
40060,876,461,-431,110460,21700,27860,113.0
40070,826,113,-328,100240,20440,27580,113.0
40085,1067,-101,-18,78260,10850,27790,112.0
40098,1232,136,-510,56770,5460,25340,112.0
40108,1232,-388,-589,6090,-2030,23730,109.0
40121,892,-80,53,-26950,-2660,25270,111.0
40134,1153,-238,-7,-12600,-7560,15190,111.0
40144,980,-184,-208,7210,-6090,9030,113.0
40157,916,-265,-447,9100,-4550,5320,113.0
40167,993,-201,-171,1820,-2800,1960,111.0
40180,1001,-130,-146,-490,-3430,-5320,112.0
40193,996,-1,-425,7420,-2170,-6580,112.0
40203,921,7,-292,6160,-1050,-7070,114.0
40216,1003,99,-223,6020,-420,-7280,114.0
40229,964,120,-282,5950,-350,-5670,111.0
40242,955,160,-370,5810,910,-4340,111.0
40255,934,177,-305,5040,1400,-2800,111.0
40265,977,179,-364,3780,1680,-910,112.0
40283,957,174,-462,-560,4270,5950,109.0
40297,948,99,-348,70,7350,9450,109.0
40307,966,125,-314,-1960,8470,10780,108.0
40320,967,52,-467,-3430,10780,12180,113.0
40333,958,76,-258,-2310,13160,13090,113.0
40343,985,50,-251,-2660,13020,13090,110.0
40356,1013,-11,22,-2450,11900,13020,110.0
40366,1035,2,-45,-2310,9310,12600,111.0
40379,992,94,-193,-3010,7350,13020,110.0
40392,987,48,-170,-3430,5250,13930,110.0
40402,1000,78,-151,-3360,4410,14280,112.0
40415,1001,44,-248,-3570,4410,14490,112.0
40425,987,5,-243,-3850,4550,14350,111.0
40438,985,33,-267,-3850,4830,13930,111.0
40451,983,37,-258,-3220,5390,13580,111.0
40461,991,36,-236,-3290,5600,13720,108.0
40474,1006,109,-275,-4830,6440,14350,108.0
40486,1011,138,-277,-7770,7700,15120,108.0
40500,994,83,-210,-26530,11970,17640,109.0
40513,973,7,-278,-39620,13860,18550,110.0
40526,990,67,-309,-51100,19250,19950,110.0
40536,991,38,-342,-60270,19250,20300,105.0
40549,971,-23,-427,-68180,25200,20230,105.0
40559,957,-17,-433,-66920,27650,20020,108.0
40572,966,-32,-433,-62020,29610,19530,108.0
40582,985,-31,-399,-52990,31220,18410,107.0
40595,984,-19,-444,-20090,33180,15050,107.0
40608,977,-47,-342,-4340,34230,13510,107.0
40618,986,0,-337,7210,34930,12110,107.0
40631,975,19,-365,13930,36610,11200,107.0
40641,966,-20,-319,15610,38990,10500,108.0
40654,964,-59,-314,9730,44450,9870,106.0
40667,992,11,-297,1960,48300,9450,106.0
40677,980,0,-318,-8120,52710,9310,110.0
40690,969,-5,-332,-19880,62300,9940,110.0
40700,978,28,-272,-32900,66640,10640,104.0
40713,995,170,-216,-60970,70630,12250,108.0
40726,1001,312,-156,-78610,74340,14280,108.0
40739,1070,204,-133,-123480,83580,20790,106.0
40752,1129,307,86,-141750,86520,25340,105.0
40765,928,342,27,-158760,88830,40670,105.0
40775,1428,-135,339,-172620,86870,40670,109.0
40788,1420,980,-436,-87640,79870,24570,109.0
40798,1325,363,245,-122570,90440,41370,112.0
40811,1033,95,928,-116200,88340,41300,110.0
40824,1019,669,-235,-113890,70140,46620,110.0
40834,1244,32,-27,-119980,69860,47810,121.0
40847,1186,387,-15,-116970,58520,49140,121.0
40857,1100,160,15,-115430,56980,50470,124.0
40870,1012,74,283,-109340,53830,50120,132.0
40883,1078,171,129,-90790,44800,47810,132.0
40893,1032,250,142,-73990,41020,48580,133.0
40906,1007,58,113,-49560,37450,47250,133.0
40916,1025,-80,30,-21070,35560,45780,140.0
40929,995,-90,47,10640,35490,41510,148.0
40942,944,53,6,58520,35770,38850,148.0
40952,895,67,66,70280,35770,36120,152.0
40965,818,82,-6,74200,34860,33740,152.0
40975,802,116,7,70420,35770,28210,151.0
40988,815,181,191,61390,32410,18270,159.0
41005,903,151,133,40530,30800,12950,159.0
41015,884,98,217,28630,28350,8260,162.0
41028,836,136,228,5670,19670,-1120,161.0
41041,741,52,184,-3990,15610,-5670,161.0
41051,696,34,169,-11340,11690,-10290,164.0
41064,664,-14,139,-16520,8120,-19600,164.0
41074,667,-31,125,-20090,5110,-24360,163.0
41087,691,-60,133,-25060,490,-29120,164.0
41100,773,-73,170,-26950,-2100,-34020,164.0
41110,835,-50,179,-28420,-5250,-38990,163.0
41123,884,-35,207,-29190,-12180,-46970,163.0
41133,906,-24,195,-28210,-15470,-49910,161.0
41146,913,-3,147,-26670,-18130,-52290,159.0
41159,907,-7,100,-24570,-20230,-54320,159.0
41169,916,-12,46,-22260,-21420,-56280,157.0
41182,932,-28,-5,-17920,-20440,-60270,157.0
41192,950,-39,-27,-16100,-19110,-62580,154.0
41205,995,-31,-55,-14350,-17150,-64750,152.0
41218,1019,-33,-54,-12880,-12180,-68530,152.0
41228,1041,-15,-46,-11830,-9800,-70210,151.0
41241,1053,6,-37,-11130,-7630,-71540,151.0
41253,1061,11,-39,-11760,-5460,-72520,149.0
41267,1056,13,-25,-14700,-1400,-74550,147.0
41284,1075,-7,-1,-16800,210,-76930,142.0
41298,1119,13,86,-21000,1820,-77910,142.0
41308,1159,47,141,-22750,1260,-78400,143.0
41321,1193,58,192,-24360,-560,-78260,143.0
41331,1225,92,244,-25550,-3570,-77560,139.0
41344,1247,89,313,-27440,-13300,-74900,140.0
41357,1272,100,346,-28140,-19460,-73500,140.0
41367,1267,105,342,-28350,-25900,-71680,142.0
41380,1250,79,328,-27930,-32200,-69930,142.0
41390,1226,72,287,-26950,-38150,-68320,143.0
41403,1202,69,249,-24500,-47880,-65660,144.0
41416,1134,31,211,-22890,-52290,-64890,144.0
41426,1151,74,150,-20300,-56000,-63910,147.0
41439,1154,46,117,-16870,-59990,-60900,147.0
41449,1157,-54,124,-12390,-61880,-59850,150.0
41462,1146,-51,-13,6370,-62370,-58240,153.0
41475,1085,-82,-23,18550,-61460,-56630,153.0
41485,1016,-105,-26,31430,-60550,-55300,149.0
41498,982,-91,-85,56910,-58240,-52780,149.0
41509,955,-64,-62,65940,-56700,-51310,157.0
41522,901,59,-83,71330,-55650,-49070,161.0
41535,879,76,7,74410,-55370,-42980,161.0
41545,921,66,-6,76580,-55650,-39340,164.0
41558,895,165,32,80430,-55860,-34160,161.0
41571,905,175,26,82670,-57190,-28980,161.0
41581,878,221,0,84560,-58240,-23590,168.0
41594,850,268,-5,85400,-59080,-11060,168.0
41604,830,276,-55,82180,-58450,-4970,166.0
41617,753,263,-29,78260,-58380,420,171.0
41630,707,132,-71,74060,-57890,7280,171.0
41640,675,228,-59,69020,-56630,10010,162.0
41653,642,200,-47,60060,-54600,12880,162.0
41663,690,188,-35,57190,-53550,15260,162.0
41676,764,188,-45,55440,-52500,17570,159.0
41689,772,197,-7,54040,-50400,21840,159.0
41699,781,177,3,52360,-49910,23310,164.0
41712,779,189,25,47950,-49420,24570,164.0
41722,809,193,46,45290,-49140,25830,165.0
41735,841,196,56,42420,-49070,26950,157.0
41748,857,193,75,36680,-49280,28770,157.0
41761,1032,173,80,36540,-49770,29540,157.0
41774,1112,114,52,37940,-49350,30940,148.0
41787,1128,137,70,41510,-47460,31290,148.0
41797,1124,96,57,43330,-46690,31150,145.0
41810,1060,9,55,44730,-45430,30240,145.0
41820,984,42,41,46060,-44240,28560,145.0
41833,954,45,-17,46830,-40250,25970,138.0
41846,952,67,1,45430,-38080,24850,138.0
41856,979,65,-4,42700,-35560,23590,138.0
41869,946,41,-30,38920,-32900,22120,138.0
41879,902,49,-39,34160,-29820,20230,133.0
41892,879,35,-30,23520,-23800,16030,133.0
41902,900,35,-17,18200,-21210,13790,129.0
41915,1050,39,21,13090,-18690,11690,125.0
41928,1296,258,-159,8680,-16590,13860,125.0
41938,1977,365,-1141,58030,-32130,19320,119.0
41951,1100,771,-703,41160,-9590,13860,119.0
41961,592,-810,-657,91910,3990,28910,117.0
41974,715,1331,674,96320,17290,29050,119.0
41987,660,-428,-572,70980,1470,27580,119.0
41997,645,-599,-487,91420,1470,25620,117.0
42010,1055,-247,-346,121450,4760,22540,117.0
42022,890,35,-485,129710,6300,18970,112.0
42036,1506,518,-1049,37170,-10780,9520,116.0
42049,553,-703,-397,12460,-6230,16870,116.0
42059,1384,-61,97,13860,-3080,14630,116.0
42072,1002,-115,-271,0,3360,4690,113.0
42085,774,-136,-711,-27160,12810,2940,113.0
42095,802,-43,-637,-44450,16170,3220,114.0
42108,1086,-7,-645,-55650,22260,2450,114.0
42118,864,-43,-1273,-35490,21140,1820,112.0
42131,571,733,-655,-4410,28700,-2940,114.0
42144,1012,-101,-203,14700,31920,-910,114.0
42154,1134,262,-366,17570,34650,-630,112.0
42167,836,239,-660,10990,34720,980,112.0
42177,831,272,-404,5180,35490,3150,111.0
42190,948,87,-292,-1470,34580,5810,112.0
42203,921,163,-350,770,34230,5880,112.0
42213,954,69,-341,1820,34510,5880,111.0
42226,966,26,-261,2170,34720,5390,111.0
42236,948,66,-171,2100,34230,4620,110.0
42249,969,43,-162,2520,30520,3780,109.0
42262,976,93,-147,2450,28770,3080,109.0
42275,963,5,-141,1190,24780,1400,106.0
42292,933,19,-167,2870,22610,-1050,109.0
42306,946,33,14,3500,16240,-1960,108.0
42319,995,140,13,2800,12250,-1890,108.0
42329,979,165,18,2240,8540,-1120,107.0
42342,966,184,-14,2100,770,1470,107.0
42352,961,151,-94,1330,-2030,2450,110.0
42365,962,138,-177,-210,-3990,3150,113.0
42378,978,139,-263,-840,-5180,3990,113.0
42388,965,110,-334,-1400,-4970,4690,108.0
42401,950,106,-346,-2520,-3570,5110,108.0
42411,974,94,-348,-2940,-2310,5390,109.0
42424,989,75,-298,-2730,-1120,5530,109.0
42437,972,80,-350,-2170,-140,5250,109.0
42447,978,50,-393,-1820,1190,4550,112.0
42460,997,9,-408,-350,5600,3360,112.0
42470,992,2,-442,1120,8330,1890,110.0
42483,981,40,-378,1960,10920,490,109.0
42496,977,73,-333,2590,14000,-280,109.0
42508,954,136,-360,1820,15260,420,107.0
42521,949,140,-336,-70,16170,1400,107.0
42534,958,112,-343,-1120,17920,2310,111.0
42547,961,30,-387,-2240,19390,1890,107.0
42560,977,18,-423,-5880,20860,770,107.0
42570,907,211,-544,-20020,20650,-350,110.0
42583,998,87,-865,-116270,11900,420,109.0
42596,1011,45,-467,-159740,10570,70,109.0
42606,994,-78,-583,-192220,7910,-630,111.0
42619,1003,-117,-556,-208390,8470,-1750,111.0
42629,969,69,-305,-216160,10220,-2800,110.0
42642,955,95,-261,-225820,10710,-1820,112.0
42655,924,275,-262,-224840,10570,-280,112.0
42665,892,332,-165,-227500,10850,1820,114.0
42678,942,260,-210,-227780,11830,8820,114.0
42688,898,321,-233,-223440,13580,12600,113.0
42701,913,319,-153,-203770,15750,15820,114.0
42714,950,208,-155,-190050,19040,19390,114.0
42724,943,292,-172,-173040,22960,22890,113.0
42737,932,273,-140,-140000,31290,29960,113.0
42747,942,345,-98,-125790,34930,33880,115.0
42760,918,384,-100,-111860,38080,37870,112.0
42773,935,377,-117,-101430,40320,46620,112.0
42786,915,396,-41,-86380,41860,50260,111.0
42799,844,533,85,-84070,39970,53830,112.0
42812,778,302,137,-85750,35070,61670,112.0
42822,820,298,88,-88270,35070,63980,109.0
42835,1251,351,255,-87570,29540,64890,109.0
42845,1080,237,-58,-87220,25690,65170,113.0
42858,964,250,79,-84630,26530,64960,108.0
42871,986,214,1,-76020,24150,62510,108.0
42881,1001,198,-63,-70210,25270,60410,110.0
42894,1053,64,-46,-61180,27090,57120,110.0
42904,1086,94,-107,-46830,28700,53690,108.0
42917,1063,107,-64,-28700,31850,48370,114.0
42930,1085,87,65,3640,36610,44450,114.0
42940,1085,134,124,11340,36330,39480,114.0
42953,1079,265,150,11620,35000,32760,114.0
42963,1046,284,152,4830,32830,26880,118.0
42976,1035,315,137,-6790,27650,15680,116.0
42989,1034,290,157,-37800,25270,10290,116.0
42999,1020,300,138,-52290,22330,4620,119.0
43012,1025,218,104,-63980,19740,-840,119.0
43022,1044,163,119,-71190,17640,-6510,119.0
43035,1062,176,125,-77140,13370,-17780,122.0
43052,999,145,87,-77490,11760,-27720,122.0
43062,953,172,86,-77070,10500,-31640,124.0
43075,935,182,86,-73640,7350,-34860,127.0
43088,932,199,87,-70560,5880,-37380,127.0
43098,965,186,86,-66570,4480,-39200,128.0
43111,1012,195,46,-56070,2940,-40880,128.0
43121,1027,197,39,-49490,2800,-40950,128.0
43134,966,130,-17,-41930,3010,-41160,128.0
43147,926,132,-7,-34230,3640,-41580,128.0
43157,896,124,-1,-27230,3990,-41930,130.0
43170,881,145,-7,-17430,4200,-42630,130.0
43180,876,162,9,-14560,4130,-42420,131.0
43193,883,175,-11,-12600,3990,-42140,132.0
43206,865,176,-25,-11480,4550,-41020,132.0
43216,846,157,-28,-11200,4900,-40670,131.0
43229,848,165,33,-13020,4970,-40110,131.0
43239,856,160,65,-14840,3780,-39690,131.0
43252,954,208,80,-16870,1890,-39200,131.0
43265,1008,209,128,-17290,-3290,-35770,131.0
43275,1048,183,145,-12880,-6720,-33530,132.0
43292,1087,147,166,-5390,-10640,-28630,127.0
43308,1093,-2,109,20230,-17850,-26670,127.0
43318,1082,17,99,35490,-20790,-25970,130.0
43331,1086,58,104,48790,-26740,-24850,129.0
43344,1105,128,145,61670,-30380,-24640,129.0
43354,1137,151,170,62090,-34160,-24080,131.0
43367,1262,94,209,61110,-38360,-23520,131.0
43377,1298,97,180,59500,-42980,-23800,127.0
43390,1305,119,159,58450,-50400,-23940,132.0
43403,1213,-16,-38,61180,-52010,-24500,132.0
43413,1097,-7,-89,65100,-51310,-25900,137.0
43426,1005,30,-86,68040,-49770,-27370,137.0
43436,928,39,-59,67690,-48300,-30800,136.0
43449,907,7,-4,57890,-45920,-32830,140.0
43462,976,136,90,51730,-46480,-33390,140.0
43472,1050,219,35,46340,-48440,-33250,145.0
43485,1080,251,99,41230,-51170,-29610,145.0
43495,1037,262,103,36260,-52710,-27440,144.0
43508,884,190,-69,27510,-51590,-25690,145.0
43521,664,266,-141,24010,-50330,-24430,145.0
43531,606,136,-40,19460,-48160,-23030,148.0
43544,582,326,-55,8820,-46270,-20160,148.0
43558,721,285,45,5390,-45570,-16940,150.0
43572,807,420,47,4760,-46970,-8260,143.0
43585,930,217,39,9870,-47390,-4480,143.0
43595,923,389,81,16380,-47460,-1260,150.0
43608,899,241,-60,24780,-47600,4340,150.0
43621,854,131,4,52010,-45290,11480,150.0
43631,825,192,38,68600,-45010,14630,150.0
43644,819,135,23,84350,-42140,16940,150.0
43654,774,219,52,96180,-41020,18760,148.0
43667,730,231,27,103530,-40600,22890,148.0
43680,734,187,45,108640,-39060,22400,148.0
43690,788,243,108,105700,-38360,22050,143.0
43703,930,218,22,101710,-38080,22610,143.0
43713,1001,223,18,96460,-36400,22750,138.0
43726,1063,179,13,82460,-32130,20930,138.0
43739,1079,207,-40,74060,-28770,19390,138.0
43749,1044,209,-15,64680,-24920,17780,139.0
43762,1008,238,16,54810,-21700,16310,139.0
43772,993,250,3,44660,-19250,15260,132.0
43785,980,222,-27,24010,-13370,12880,126.0
43798,1029,208,-41,14140,-9870,11550,126.0
43811,1056,164,-34,5110,-5880,7980,122.0
43824,1064,148,-6,-11340,1540,5390,119.0
43837,1229,224,-31,-19670,4760,2800,119.0
43847,1960,-1041,-1543,41860,-5110,11340,117.0
43860,1707,264,461,231770,31570,36050,117.0
43870,598,739,721,210700,16100,36890,119.0
43883,647,238,-984,188160,29750,37730,110.0
43896,550,-17,-346,203350,34720,35070,110.0
43906,1840,411,-732,184310,19670,27370,114.0
43919,336,169,-1795,49490,8330,43050,114.0
43929,552,-741,-144,39830,7980,34790,114.0
43942,1272,570,-209,36820,420,28910,117.0
43955,963,164,-759,10220,12180,34440,117.0
43965,765,-594,-39,-12040,15610,31010,115.0
43978,1000,1,-418,-34440,10010,28630,115.0
43988,990,-250,-386,-47180,13580,28210,112.0
44001,1110,-458,-286,-57050,9940,24010,116.0
44014,882,-39,-305,-66640,15680,15960,116.0
44024,963,-129,-448,-71890,17990,13790,115.0
44037,964,-123,-167,-74970,19110,10990,115.0
44047,905,-147,-258,-79030,19320,8050,115.0
44060,898,55,-250,-84280,18200,5740,116.0
44077,976,-2,-34,-98630,17290,4550,116.0
44087,1061,205,-49,-103600,14490,4410,110.0
44100,1017,215,-234,-109830,9380,7770,114.0
44113,868,475,-949,-30590,2380,5250,114.0
44123,880,121,-70,24220,10150,350,110.0
44136,884,-35,70,47740,8260,-1050,110.0
44146,958,-12,-382,37380,1540,-70,114.0
44159,1015,87,-37,-4130,5880,1400,112.0
44172,938,139,-414,-8260,5670,1330,112.0
44182,936,156,-394,-140,5950,630,114.0
44195,1009,40,-81,6650,6090,560,114.0
44205,1001,80,-46,3430,5040,1330,111.0
44218,962,149,-214,70,2450,1400,114.0
44231,1004,18,-102,2940,1820,910,114.0
44241,984,88,-172,1960,700,560,110.0
44254,974,85,-280,1890,350,280,110.0
44264,988,65,-243,3290,560,140,113.0
44277,973,127,-235,1960,210,490,110.0
44301,978,105,-252,1260,490,1540,109.0
44315,961,56,-186,1540,210,1470,113.0
44332,972,53,-143,2170,-2100,490,113.0
44342,988,73,-143,1890,-3150,140,112.0
44355,975,22,-177,1960,-4200,-490,108.0
44368,967,7,-224,2590,-5110,-3220,108.0
44378,982,-18,-217,3080,-5530,-5180,112.0
44391,1003,2,-214,5110,-6230,-7210,112.0
44401,1002,31,-285,5670,-5950,-8820,112.0
44414,990,61,-287,6020,-5040,-9870,113.0
44427,988,95,-324,6230,-2660,-10360,113.0
44437,985,120,-325,6370,-1330,-9940,113.0
44450,978,141,-314,6300,70,-9310,113.0
44460,982,158,-285,6020,980,-8540,113.0
44473,978,170,-302,5530,1890,-6440,108.0
44486,969,156,-306,4270,3920,-5740,108.0
44496,990,127,-325,2800,5040,-5180,111.0
44509,973,92,-412,350,6230,-4830,111.0
44519,964,141,-475,-8120,6860,-4970,110.0
44532,1015,113,-559,-29050,5040,-5530,111.0
44545,1029,80,-402,-73010,4900,-6370,111.0
44555,999,34,-429,-86520,5250,-7350,111.0
44568,1008,20,-376,-92680,6720,-8470,111.0
44579,998,100,-313,-94080,8960,-8540,113.0
44592,997,128,-449,-88970,15190,-7490,109.0
44605,940,329,-457,-83440,20300,-5250,109.0
44615,897,425,-503,-77490,25550,-1820,114.0
44628,854,535,-498,-71540,35980,8050,114.0
44638,866,575,-466,-67620,40950,14280,111.0
44651,860,555,-512,-63070,45990,20230,110.0
44664,887,474,-508,-63630,51240,26110,110.0
44674,890,447,-563,-65030,55930,31500,110.0
44687,894,475,-496,-78820,65240,42980,110.0
44697,894,443,-403,-90580,67410,48860,108.0
44710,856,525,-202,-109900,69790,55440,108.0
44723,773,650,-283,-128660,69090,70490,108.0
44733,1054,438,-135,-141400,66500,74620,108.0
44746,846,396,198,-165900,60760,79660,108.0
44756,1195,727,296,-174020,57820,85540,106.0
44769,1323,416,142,-173810,48370,88620,108.0
44782,1332,415,122,-173460,38080,96040,108.0
44792,1169,224,371,-171010,28350,96810,109.0
44805,922,210,114,-144270,24990,96110,109.0
44815,874,-263,-35,-116760,22470,96740,113.0
44828,969,-276,-11,-76230,22260,94780,116.0
44845,1054,-313,-39,9730,24500,88480,116.0
44855,1084,-229,128,54390,26180,84700,116.0
44868,1133,-117,214,91910,23730,74900,121.0
44881,1194,55,293,133770,21350,69720,121.0
44891,1236,169,230,138880,17570,65450,123.0
44904,1161,-148,-21,135450,15680,59780,123.0
44914,973,94,125,126490,17570,51030,123.0
44929,768,7,0,100520,17710,34860,131.0
44942,657,-56,99,86030,17500,26320,131.0
44952,699,-27,160,70210,15890,16730,135.0
44965,765,91,152,36120,10990,1820,137.0
44978,909,223,151,13160,9730,-4130,137.0
44988,923,87,140,-9380,7420,-9100,135.0
45001,933,118,105,-27510,5250,-13790,135.0
45011,944,90,51,-41720,4270,-17920,134.0
45024,919,42,-53,-57400,5600,-24360,136.0
45037,869,14,-55,-61320,7420,-27510,136.0
45047,886,-8,-87,-64120,9660,-30450,136.0
45060,903,48,-48,-66710,14490,-35140,136.0
45070,950,41,-21,-69510,16030,-36750,137.0
45083,995,32,3,-72730,17150,-37940,136.0
45100,1006,29,-13,-69370,19320,-39690,136.0
45110,998,19,-7,-66430,20300,-40320,135.0
45123,960,72,-5,-63420,21000,-40040,137.0
45136,958,49,-3,-59710,21630,-39480,137.0
45146,961,1,29,-55440,22050,-40040,133.0
45159,970,11,70,-45430,21000,-40460,133.0
45169,1005,21,134,-39480,19670,-40600,134.0
45182,1093,-23,153,-32970,17150,-41020,133.0
45195,1114,-6,155,-25690,11060,-42350,133.0
45205,1110,-26,177,-18200,7350,-43400,133.0
45218,1108,-24,163,-4550,3430,-44660,133.0
45228,1100,-24,169,490,-70,-46060,129.0
45241,1090,-39,168,3920,-3780,-47950,132.0
45254,1102,-20,146,6510,-10640,-52500,132.0
45264,1123,-17,147,6090,-13860,-54810,133.0
45277,1174,-15,157,5250,-17080,-57330,133.0
45291,1199,-7,158,3920,-23800,-61740,135.0
45305,1207,-7,165,3850,-27440,-63490,134.0
45318,1230,-16,118,5040,-30870,-66500,134.0
45328,1228,-29,82,7980,-33320,-66500,134.0
45341,1189,-37,29,20580,-36610,-68180,142.0
45358,1076,-20,-7,28980,-39130,-68460,142.0
45368,1015,-25,28,37940,-41440,-68250,142.0
45381,950,29,34,56980,-44800,-67620,141.0
45394,869,62,78,65590,-48230,-66150,141.0
45404,819,99,46,72730,-52500,-64190,150.0
45417,737,124,-5,81690,-59570,-59080,150.0
45427,672,140,-7,83930,-62930,-56210,145.0
45440,576,165,-19,85330,-66500,-53200,150.0
45453,595,215,-32,85330,-69790,-46200,150.0
45463,631,230,-43,84420,-72380,-42070,145.0
45476,692,244,-72,80990,-76160,-37800,145.0
45486,763,274,-32,77840,-76930,-33040,151.0
45499,822,277,-23,74340,-78050,-27930,149.0
45512,872,329,-52,70980,-79170,-18480,149.0
45522,911,321,-44,67480,-78820,-13580,149.0
45535,942,307,-87,61950,-77770,-9100,149.0
45545,948,293,-80,59990,-76020,-4830,151.0
45558,945,233,-103,58170,-73990,-1260,154.0
45571,934,213,-123,56140,-67830,3010,154.0
45581,910,175,-112,55580,-64470,4060,146.0
45594,920,199,-82,54180,-61040,4970,146.0
45606,938,210,-47,51380,-58030,6090,150.0
45620,959,212,-38,42210,-52710,6300,147.0
45633,1028,216,-44,36610,-49980,6300,147.0
45643,1068,208,-61,31080,-47040,6230,146.0
45656,1064,192,-29,26040,-40460,5810,146.0
45669,1045,193,-63,18270,-36890,5740,146.0
45679,1045,184,-49,15820,-33180,5810,146.0
45692,1000,172,-56,13930,-29680,5950,146.0
45702,962,150,-67,12460,-26110,5880,143.0
45715,931,139,-57,12040,-18760,5460,141.0
45728,901,138,-55,12460,-15190,5320,141.0
45738,887,151,-49,12460,-11620,5180,143.0
45751,872,140,-44,11830,-8120,4620,143.0
45761,871,124,-18,10570,-4760,3920,135.0
45774,914,171,4,5180,490,3290,132.0
45787,1087,201,19,-140,3080,2800,132.0
45797,1157,213,14,-6650,5460,2800,130.0
45810,1196,225,-35,-19810,12040,3710,130.0
45820,1196,247,-44,-24850,15470,4550,121.0
45833,1825,-1414,-1315,73290,5110,22820,119.0
45846,1764,1150,756,225330,35000,45500,119.0
45859,685,396,236,165270,29890,47600,114.0
45872,616,720,-593,183260,41370,47250,114.0
45885,900,-230,-199,191870,48230,39130,114.0
45895,1078,382,-1520,126350,18830,45360,111.0
45908,972,-633,1337,49770,33460,52220,111.0
45918,995,678,95,36890,11410,39970,116.0
45931,737,-101,-1078,41510,18970,33250,115.0
45944,716,-331,-562,16170,29750,28630,115.0
45954,750,-594,363,-4900,22820,19950,116.0
45967,851,-27,-355,-27440,24430,14490,116.0
45977,989,-222,-31,-48300,25620,12110,112.0
45990,1010,-237,88,-60970,25410,8960,113.0
46003,931,-65,-129,-84770,23170,2940,113.0
46013,865,-112,-172,-97370,21280,910,111.0
46026,914,-164,-54,-107730,19600,-2240,111.0
46036,974,-92,-156,-115920,18270,-5600,115.0
46049,1411,28,-900,-108080,14630,-9520,110.0
46062,202,466,-502,5740,9030,-14210,110.0
46072,1116,-592,959,12040,17920,-9800,115.0
46085,1417,223,157,18060,5460,-12110,115.0
46095,546,584,-787,14840,12320,-9870,110.0
46108,853,341,-466,8540,9660,-5530,112.0
46125,1020,344,-206,3010,5670,-1330,112.0
46135,851,437,-447,770,7140,910,111.0
46148,954,195,-123,3430,7560,2590,111.0
46161,972,266,-341,1960,6300,3990,111.0
46171,992,192,-255,70,7560,5460,110.0
46184,993,99,-171,-770,8260,6300,110.0
46194,958,115,-304,-280,8890,5530,111.0
46207,973,13,-211,420,9800,4340,108.0
46220,997,37,-244,1190,10500,2590,108.0
46230,982,54,-255,2450,11340,840,111.0
46243,991,77,-169,3010,11270,-1260,111.0
46253,995,131,-125,3220,10500,-1330,107.0
46266,990,146,-146,3150,9800,-1120,113.0
46279,984,185,-124,2800,8960,280,113.0
46292,968,200,-167,2310,7070,1260,110.0
46305,970,182,-128,1960,6230,2030,109.0
46319,966,201,-124,1470,3570,3850,109.0
46329,975,183,-135,490,2520,4690,113.0
46342,984,168,-183,-140,1750,5390,113.0
46352,985,136,-198,-630,1610,5950,108.0
46365,990,127,-207,-980,1610,6090,111.0
46380,988,122,-206,-1260,2310,5950,111.0
46390,977,139,-206,-1050,2590,5810,110.0
46403,990,120,-193,-910,2660,5740,113.0
46416,995,109,-180,-350,2940,5390,113.0
46426,994,103,-216,0,3570,5110,109.0
46439,987,110,-235,210,4200,4690,109.0
46449,980,113,-266,560,4900,4200,110.0
46462,986,95,-251,700,5880,2870,112.0
46475,994,112,-220,1470,7280,2310,112.0
46485,988,101,-228,1750,7910,1960,109.0
46498,997,81,-238,2100,8680,1330,109.0
46508,998,85,-270,2450,9800,490,110.0
46521,1002,90,-269,2590,12880,-560,109.0
46534,992,158,-306,1400,14140,-280,109.0
46544,969,227,-355,-3500,15050,420,108.0
46557,965,248,-446,-17640,14630,1610,108.0
46567,1000,106,-449,-36820,14000,3150,109.0
46580,991,162,-365,-55720,16660,4200,110.0
46593,993,102,-367,-55510,19810,4340,110.0
46603,975,161,-346,-51730,23590,4410,110.0
46616,961,211,-386,-47740,31290,6090,110.0
46628,955,285,-312,-44100,34440,7980,114.0
46642,958,316,-322,-45500,37380,10850,110.0
46655,935,390,-320,-48930,42560,18830,110.0
46665,899,487,-318,-48930,44870,23940,112.0
46678,898,498,-297,-54250,47040,29540,110.0
46691,889,539,-288,-56210,49210,35420,110.0
46701,867,605,-227,-58100,51240,41580,110.0
46714,892,592,-190,-64120,52990,54390,110.0
46724,578,553,-256,-63350,51380,62300,106.0
46737,1658,322,417,-66500,56910,68600,110.0
46750,1356,551,-192,-46130,51870,75810,110.0
46760,1029,359,-138,-34440,52920,80220,109.0
46773,1044,189,63,-38010,48160,81970,109.0
46783,1003,101,-118,-38080,49140,81130,112.0
46796,886,254,225,-37590,50820,79660,117.0
46809,912,87,-71,-32340,46410,75670,117.0
46819,1044,118,-97,-28560,48440,72800,116.0
46832,1146,27,-46,-22890,47810,69300,116.0
46842,1104,-45,-71,-14630,49560,65100,115.0
46855,1071,23,26,-4060,51030,56280,115.0
46865,1076,-20,32,7210,50960,51590,122.0
46878,1104,-24,137,24570,49490,46900,116.0
46895,1146,-39,117,24990,45010,36260,122.0
46908,1149,106,171,21000,41720,32130,122.0
46918,1149,85,177,17080,38780,28140,121.0
46931,1058,38,180,13440,35630,23730,121.0
46941,975,13,152,10780,32200,18900,127.0
46954,902,-25,133,4970,26250,7840,130.0
46967,829,0,93,-140,23800,1960,130.0
46977,792,-5,76,-7140,21980,-3640,133.0
46990,774,12,82,-15190,20370,-14140,133.0
47000,762,25,88,-23380,18760,-18550,136.0
47013,777,44,56,-38850,16030,-22190,137.0
47026,800,47,39,-44800,15260,-25130,137.0
47036,827,23,29,-48370,14910,-27440,138.0
47049,845,-26,37,-47460,14560,-32060,138.0
47059,860,-45,21,-44240,14560,-34580,137.0
47072,896,-53,47,-40320,14700,-36890,137.0
47085,907,-41,49,-36120,14350,-38990,137.0
47095,904,-15,47,-32690,13930,-40950,137.0
47108,908,8,49,-28980,13090,-43610,137.0
47118,912,29,76,-27930,12390,-44450,134.0
47131,875,20,80,-26600,11270,-45220,133.0
47148,885,30,103,-22960,8470,-46200,133.0
47158,913,30,124,-20720,6720,-46480,131.0
47171,982,45,124,-18340,4480,-46690,129.0
47184,1022,61,126,-13230,140,-46130,129.0
47194,1055,56,144,-10500,-2450,-45710,125.0
47207,1079,45,165,-7560,-5390,-45500,125.0
47217,1076,49,177,-4830,-8400,-45360,128.0
47230,1064,46,201,-2800,-11760,-45500,129.0
47243,1060,60,188,-1470,-19320,-45640,129.0
47253,1074,61,199,-1820,-22820,-45640,127.0
47266,1127,61,208,-2380,-26390,-45710,127.0
47276,1157,50,194,-2590,-30030,-45780,125.0
47289,1162,21,192,-1750,-36540,-46270,128.0
47306,1147,-3,211,3360,-40040,-47390,128.0
47316,1156,-16,216,7070,-43750,-47390,127.0
47329,1168,-21,170,16030,-50680,-48650,132.0
47342,1195,-3,146,21280,-53410,-48650,132.0
47353,1201,-18,124,26950,-55510,-48440,131.0
47366,1168,-26,112,37870,-58590,-48580,131.0
47376,1119,-17,85,42070,-59640,-48580,134.0
47389,1044,33,99,45220,-60620,-48230,138.0
47406,980,55,114,49910,-63910,-45640,138.0
47416,914,88,106,51940,-65940,-43260,141.0
47429,835,105,95,54180,-67830,-40250,144.0
47442,836,111,62,56770,-70420,-33530,144.0
47452,862,112,22,59920,-70420,-29820,150.0
47465,847,77,32,67970,-70490,-26110,150.0
47475,806,99,23,71820,-70770,-22680,153.0
47488,751,106,16,74970,-70910,-19180,151.0
47501,711,109,52,79240,-71610,-11760,151.0
47511,691,123,45,80290,-72170,-8120,152.0
47524,734,155,38,81340,-73080,-4480,152.0
47534,721,157,37,82250,-73150,-140,150.0
47547,697,134,65,83090,-73220,7910,150.0
47560,684,128,75,83790,-74200,11200,150.0
47570,654,103,67,83370,-74760,14140,150.0
47583,689,131,47,82670,-75110,17150,150.0
47593,720,187,51,81970,-74690,20370,144.0
47606,765,181,58,80780,-73290,26810,143.0
47619,824,115,50,73990,-70560,26670,143.0
47629,884,62,3,69020,-69440,26670,140.0
47642,932,117,26,63980,-67340,26670,140.0
47654,986,114,31,48160,-62930,25550,132.0
47668,1071,146,14,37660,-59710,24150,124.0
47681,1117,156,-23,25340,-56910,20860,124.0
47691,1088,146,-10,11690,-52990,20020,121.0
47704,1889,1297,1208,-17990,12390,56420,117.0
47717,1765,961,-780,-3920,-48580,52220,117.0
47727,-460,1528,-305,630,39480,65170,118.0
47740,-172,366,610,18900,-7840,63280,118.0
47750,438,-1042,-834,25200,2240,56210,112.0
47763,1628,22,-406,31360,17920,47530,113.0
47776,1191,-175,66,-37520,11550,52430,113.0
47786,1033,-379,-506,-52360,12040,48790,113.0
47799,1012,32,-969,-10010,26880,35980,113.0
47809,875,-36,-377,-12180,26250,33600,109.0
47822,1062,-206,-170,-8820,25970,31010,108.0
47835,947,-95,-12,-9380,25620,24640,108.0
47845,872,-280,-118,-13160,22610,20440,112.0
47858,810,-396,-267,-16940,17850,14280,112.0
47868,852,-460,-170,-16100,16590,8120,115.0
47881,987,-139,-136,-16870,15330,3150,113.0
47894,989,-205,-150,-19040,14070,-3640,113.0
47908,978,-106,-166,-24990,12600,-6300,111.0
47922,996,-110,-359,-18410,9450,-13020,110.0
47935,954,-41,-6,24010,6160,-15190,110.0
47945,989,-130,99,12460,2870,-14840,109.0
47958,1005,-84,-110,4690,-420,-15820,109.0
47968,930,147,-236,12670,-2310,-17990,109.0
47981,936,108,-134,13300,-6650,-17290,107.0
47994,989,259,-89,11130,-9240,-15890,107.0
48004,960,277,-220,10920,-11200,-13510,110.0
48017,943,258,-307,10640,-11900,-10500,110.0
48027,916,237,-336,7770,-12040,-7560,112.0
48040,910,313,-447,3640,-10850,-1330,113.0
48053,969,241,-418,1680,-8750,2170,113.0
48063,924,331,-336,0,-6720,5600,108.0
48076,945,265,-375,-2590,-5250,12180,108.0
48086,939,181,-409,-3850,-3920,13580,111.0
48099,938,236,-390,-4760,-3290,14980,113.0
48112,946,228,-496,-6230,-1750,17570,113.0
48122,983,38,-463,-7630,770,19040,111.0
48135,996,-68,-477,-6090,6930,18060,111.0
48145,963,6,-459,-5390,9310,16660,113.0
48160,951,-123,-357,-4410,11270,14700,113.0
48173,967,-121,-305,-1960,12600,8890,113.0
48183,991,-125,-229,-630,12670,5810,111.0
48196,975,-108,-255,770,12460,2800,109.0
48209,985,-64,-206,2380,12390,0,109.0
48219,988,-23,-204,3500,11900,-2240,110.0
48232,978,0,-289,4480,11410,-4620,110.0
48242,977,33,-291,4690,11760,-4900,111.0
48255,968,71,-266,4830,12110,-4690,109.0
48268,963,152,-197,5460,10640,-3010,109.0
48278,980,74,-152,3710,9520,-2590,110.0
48291,976,325,-102,4760,8400,-1050,110.0
48311,971,203,-173,1120,3780,4690,110.0
48325,955,155,-234,70,2310,8330,110.0
48338,967,86,-201,-1470,700,8750,111.0
48351,980,29,-215,-1260,140,8400,111.0
48361,975,-16,-178,-1260,-420,7630,107.0
48374,991,-7,-115,-770,-3150,5460,112.0
48387,993,1,-203,350,-3990,4620,112.0
48397,977,23,-269,770,-4620,3710,110.0
48414,977,35,-360,1120,-2730,2590,110.0
48427,977,39,-311,1610,-1750,1890,110.0
48437,981,64,-306,1750,-770,1610,108.0
48450,981,70,-271,1680,140,2240,108.0
48460,976,131,-293,1190,630,3290,107.0
48473,974,158,-270,770,1750,4410,109.0
48486,982,137,-339,-980,2380,6160,109.0
48496,968,141,-369,-840,3850,7490,110.0
48509,982,74,-371,-2590,7350,9030,110.0
48519,999,65,-351,-2660,9520,9100,110.0
48532,995,152,-350,-3850,11620,9800,106.0
48545,960,159,-432,-5390,13580,11270,106.0
48555,941,51,-469,-6860,15890,12600,112.0
48568,953,0,-420,-6440,20790,12180,112.0
48578,982,-4,-457,-7000,24080,11060,109.0
48591,980,0,-403,-8400,27930,10010,108.0
48604,990,14,-389,-10500,34930,8680,108.0
48614,982,8,-398,-14770,39200,8750,107.0
48627,989,-109,-466,-37660,42840,9170,107.0
48637,959,8,-580,-34090,46200,7980,111.0
48650,932,-86,-637,-23030,50330,6090,106.0
48667,973,133,-315,-1960,57470,4130,106.0
48677,1004,184,-251,-3990,59500,5250,107.0
48690,1020,518,-304,-22120,59850,8470,109.0
48703,931,920,-415,-180810,49770,12110,109.0
48713,1090,934,-1,-303660,47880,13650,105.0
48726,1176,1267,-290,-423920,43190,15190,105.0
48736,870,837,-559,-508620,42840,19180,110.0
48749,1298,-72,-530,-545650,44730,20300,110.0
48762,1273,606,-450,-555100,37380,17220,110.0
48772,1160,66,378,-540890,35070,20720,110.0
48785,755,-247,-573,-469560,21910,27370,110.0
48795,1095,-1134,-667,-353500,24570,34580,113.0
48808,1090,-567,386,-74690,31290,33110,117.0
48821,1079,-191,184,37170,39130,33250,117.0
48831,982,255,235,109200,37100,30730,121.0
48844,937,707,306,143850,33810,29610,121.0
48854,866,346,23,151830,29890,24990,121.0
48867,761,666,38,123690,27650,21210,125.0
48880,877,538,-73,103250,27650,18480,125.0
48890,896,683,43,80430,30660,14350,128.0
48903,1012,602,-55,27930,33740,7560,128.0
48915,991,667,135,-980,31360,4130,132.0
48929,1053,526,215,-29540,28560,1330,129.0
48942,1078,459,289,-73430,19530,-6510,129.0
48952,1076,399,258,-84280,14560,-10220,137.0
48965,1026,184,118,-87500,11200,-14420,139.0
48978,1026,105,84,-85960,8820,-23450,139.0
48988,920,76,95,-83930,8120,-28350,141.0
49001,851,63,94,-78610,5110,-33180,141.0
49011,842,24,119,-75950,3570,-38360,148.0
49024,881,17,115,-73290,1820,-43330,150.0
49037,920,42,118,-71820,-840,-52080,150.0
49047,969,70,115,-72590,-1820,-55370,148.0
49060,966,95,94,-77210,-2520,-57820,148.0
49070,930,96,56,-78680,-2870,-59710,147.0
49083,919,100,40,-79170,-2450,-60900,147.0
49096,932,113,48,-77700,-1260,-61670,147.0
49106,945,106,33,-76580,-490,-61460,147.0
49119,1010,128,45,-75530,490,-60900,147.0
49129,1023,128,57,-74480,1190,-59920,146.0
49142,1029,121,65,-72800,1610,-57330,147.0
49155,1026,119,57,-66500,1470,-56000,147.0
49166,953,148,48,-62370,1610,-54250,144.0
49179,887,163,42,-57820,1890,-49280,144.0
49189,833,153,14,-52570,2170,-49280,147.0
49202,804,138,18,-40810,3080,-44310,145.0
49215,845,136,25,-35420,3570,-42280,145.0
49225,883,165,61,-30590,3850,-40180,145.0
49238,927,190,58,-25550,3150,-34720,145.0
49248,974,166,80,-20020,2520,-31990,145.0
49261,1010,170,107,-6580,1400,-29400,142.0
49274,1014,165,115,980,70,-26530,142.0
49284,1038,131,125,8400,-1470,-24150,140.0
49297,1063,122,127,20300,-4690,-21630,140.0
49313,1077,138,122,24710,-6090,-20790,137.0
49327,1103,141,133,29890,-9240,-19530,137.0
49340,1140,129,144,31010,-10920,-19250,137.0
49353,1166,128,133,31710,-14210,-19180,137.0
49363,1201,137,121,32480,-14210,-18830,136.0
49376,1222,96,124,36680,-16870,-18480,136.0
49386,1250,74,117,40040,-18060,-18620,137.0
49399,1272,76,95,43680,-19040,-19040,139.0
49412,1253,71,83,51520,-19740,-19810,139.0
49423,1218,56,30,55090,-19460,-20370,140.0
49436,1155,81,18,57960,-18690,-20860,140.0
49446,1117,88,17,60200,-17710,-21070,136.0
49459,1083,73,5,61670,-15890,-21280,143.0
49472,1032,160,145,65310,-16380,-20510,143.0
49482,979,122,111,67900,-18550,-18830,146.0
49495,911,145,111,69440,-20300,-17430,146.0
49505,857,165,123,69580,-21840,-15960,145.0
49518,810,165,120,70210,-25620,-11970,149.0
49531,745,131,39,72520,-26530,-9660,149.0
49541,689,142,34,76510,-26880,-7280,148.0
49554,652,190,36,80570,-27300,-1260,148.0
49564,620,217,0,82880,-27580,2450,149.0
49577,572,304,25,82180,-26810,6860,149.0
49590,604,218,-4,79380,-27300,8960,149.0
49600,665,389,70,75110,-26880,11340,146.0
49613,759,334,90,71050,-28560,19950,146.0
49623,820,379,97,66430,-29680,24080,146.0
49636,883,402,110,54670,-30380,28560,140.0
49649,952,385,103,48650,-31430,32270,140.0
49659,957,384,52,43330,-32060,35280,140.0
49672,964,381,0,31430,-30170,39340,140.0
49685,948,259,-5,24570,-28560,39410,134.0
49698,942,313,-31,18830,-26810,37520,129.0
49711,949,280,-17,6510,-21840,35980,129.0
49721,941,285,-15,-140,-19530,34020,126.0
49734,1338,802,-516,-4620,-18410,31150,121.0
49747,1424,-441,-33,24990,-350,48930,121.0
49757,1590,-41,602,59780,8050,46900,119.0
49772,598,287,-380,64890,-3430,49420,118.0
49785,717,-2,436,63070,9100,38150,118.0
49795,967,52,-448,62440,9100,34720,117.0
49808,1121,-26,-3,100030,19600,32970,117.0
49818,1055,-98,-7,98070,17990,30380,117.0
49831,1009,406,-384,93100,21490,29330,117.0
49844,874,408,-592,61530,24150,28070,117.0
49854,812,121,-437,40950,19740,27370,115.0
49867,1112,16,-192,16590,17570,27090,115.0
49877,1018,166,-281,-11060,15400,26110,116.0
49890,928,212,-287,-41300,11760,24850,114.0
49903,981,188,-241,-102200,2940,23450,114.0
49913,1016,237,-216,-134330,1400,22540,115.0
49926,967,137,-312,-160440,-700,22050,115.0
49939,962,-74,-351,-168980,-3570,22190,112.0
49952,981,141,-84,-168770,-8680,21490,113.0
49965,957,119,50,-170730,-11550,21000,113.0
49975,999,116,102,-169540,-14910,21000,114.0
49988,994,195,207,-167720,-21910,19950,108.0
50001,948,-112,-230,-162120,-22470,17920,108.0
50011,1158,-81,-2,-151550,-20020,15190,112.0
50024,1002,-22,166,-144270,-19740,11550,112.0
50034,998,-147,139,-137130,-22400,6790,109.0
50047,1003,142,200,-121170,-25480,2800,113.0
50060,1079,-13,-27,-106820,-25340,-70,113.0
50070,1015,58,-76,-89390,-21000,-1820,113.0
50083,999,189,-95,-67410,-16310,-3150,113.0
50093,987,185,22,-43820,-10220,-3710,116.0
50106,1013,23,207,3990,-2100,-4900,116.0
50116,1039,49,152,26460,0,-6510,116.0
50129,1110,185,128,46130,1050,-8330,116.0
50142,650,-201,-22,70350,-2870,-14000,116.0
50152,1357,415,246,70350,2030,-11480,116.0
50165,878,210,-370,69580,-8190,-10780,116.0
50175,1015,333,-7,74270,-8750,-10080,115.0
50188,1063,247,87,74060,-7980,-8190,114.0
50205,882,372,-197,67620,-10430,-6720,115.0
50218,930,385,-204,54180,-12880,-3430,115.0
50228,973,317,-187,54180,-13090,-2240,115.0
50241,993,209,-270,36400,-12950,-1400,115.0
50251,984,179,-244,26040,-13230,-1330,114.0
50264,1000,178,-284,14700,-14000,-1540,113.0
50277,1000,195,-321,-6580,-13510,-2380,113.0
50287,989,226,-308,-15610,-12880,-2450,117.0
50300,983,230,-257,-22120,-11830,-2380,117.0
50313,985,257,-147,-26600,-11130,-1680,116.0
50326,987,220,-76,-29820,-11830,-1260,116.0
50339,958,274,-56,-27790,-12040,-700,116.0
50349,955,263,11,-23310,-12390,-280,112.0
50362,959,255,28,-17010,-13720,70,112.0
50372,966,234,6,-8890,-13650,210,116.0
50385,972,177,-7,10150,-13440,140,115.0
50398,978,223,-45,17990,-13440,0,115.0
50408,954,282,-92,22330,-13650,350,114.0
50421,956,270,-157,21770,-14770,1610,114.0
50431,956,305,-182,18410,-14980,2800,117.0
50444,974,284,-258,14070,-14770,4060,116.0
50461,965,290,-273,4270,-13370,6440,112.0
50474,957,374,-259,-1400,-13020,7910,112.0
50484,928,364,-364,-7280,-12460,10220,114.0
50497,924,417,-324,-10010,-8470,14980,114.0
50507,934,411,-337,-10430,-5110,17920,114.0
50520,927,384,-416,-3710,-630,20720,112.0
50533,948,326,-361,-140,3710,22960,112.0
50543,966,279,-307,700,6860,24780,112.0
50556,960,253,-311,-5320,9730,27020,112.0
50566,961,238,-228,-10080,9450,27580,115.0
50579,960,213,-212,-14140,8820,27930,114.0
50592,986,144,-174,-16030,8890,27790,114.0
50602,992,207,-27,-16310,8890,28560,114.0
50615,960,189,-187,-15820,7840,28910,114.0
50625,973,129,-124,-13090,8890,28840,113.0
50638,1016,78,-102,-10010,9380,28560,113.0
50651,988,139,-91,-4550,9660,27860,113.0
50661,957,210,-91,-3640,8750,27930,111.0
50674,984,177,-10,-4130,6860,28420,111.0
50684,970,212,-50,-4620,5040,29260,109.0
50697,956,232,-58,-4480,3710,31220,106.0
50714,958,217,-124,-210,2590,32270,106.0
50724,984,157,-63,4760,3290,33320,109.0
50737,993,125,-72,10920,4970,34580,107.0
50750,999,82,-71,25410,6300,34720,107.0
50760,999,29,-97,31570,7070,34580,108.0
50773,1010,50,-128,35770,7840,34090,108.0
50783,1070,20,-170,36330,8190,33530,108.0
50796,1154,-411,-655,-19810,3780,32200,107.0
50809,1191,-325,31,-14630,2660,28490,107.0
50819,1038,-166,-111,140,5950,24010,107.0
50832,950,-93,-224,-7420,6020,14210,107.0
50842,1033,-257,-17,-210,5600,9310,105.0
50855,1023,-25,28,1260,3080,5880,106.0
50868,981,5,7,490,1190,3500,106.0
50878,984,89,-20,2590,-1400,2170,106.0
50891,1012,106,66,1260,-6230,3710,106.0
50901,1012,148,14,420,-7910,5740,103.0
50914,1003,193,-67,-280,-8960,8260,106.0
50927,1011,169,-122,-1470,-9870,10850,106.0
50937,1018,166,-205,-2100,-9800,12880,104.0
50950,1026,137,-164,-3640,-7420,15540,104.0
50961,1043,146,-193,-4410,-5950,15820,107.0
50974,1013,75,-271,-5460,-3990,15540,104.0
50987,975,-40,-381,-5740,1610,13510,104.0
50997,993,-35,-361,-3780,5110,11690,106.0
51010,1010,46,-386,-3290,8820,10360,106.0
51020,1025,240,-417,-6160,13510,9940,104.0
51033,1024,-17,-297,-18550,19600,11550,108.0
51046,1016,178,-136,-42630,26040,15120,108.0
51056,1028,248,-70,-54390,27790,18830,103.0
51069,1033,259,-151,-61670,28210,22680,103.0
51079,1070,373,-217,-64120,29190,26950,104.0
51092,1100,481,-303,-62090,34300,37100,105.0
51105,1112,660,-374,-49980,38150,43470,105.0
51115,1116,520,-325,-51310,43120,49840,109.0
51128,1046,448,-151,-63140,47600,56070,109.0
51138,1152,374,223,-80360,49910,62440,109.0
51151,1045,153,336,-99890,42700,74270,104.0
51164,979,362,270,-102830,35560,79380,104.0
51174,918,-243,404,-103670,28700,81970,110.0
51187,826,83,149,-97020,20160,82250,110.0
51197,1257,12,-61,-91350,16100,83300,113.0
51210,1259,170,339,-86940,10430,79520,112.0
51227,1108,265,110,-78820,4480,70840,112.0
51237,1097,67,274,-78820,2030,65520,118.0
51250,949,40,93,-60340,2170,60200,124.0
51263,951,-12,-20,-41090,2240,56000,124.0
51273,1015,-18,-76,-18550,6370,52080,123.0
51286,1054,-36,112,26040,13720,42910,123.0
51296,1159,-42,143,41020,14210,37030,123.0
51309,1371,-106,183,48440,14140,29610,129.0
51328,1339,2,273,46620,12600,13370,130.0
51341,1277,-59,217,43470,8470,-1680,130.0
51351,1177,4,183,40740,8470,-7700,133.0
51364,1063,12,59,40040,6860,-12460,133.0
51374,988,53,1,39970,8050,-16730,137.0
51387,880,84,-60,39060,10360,-20090,140.0
51400,874,110,-82,34440,17290,-24220,140.0
51410,875,107,-86,30940,21140,-25830,139.0
51423,887,115,-85,27370,24640,-27020,139.0
51433,884,114,-72,23660,28280,-27860,147.0
51446,881,111,-48,19950,31430,-28560,143.0
51459,884,109,-2,13860,35770,-29190,143.0
51469,873,92,6,11760,37240,-29470,148.0
51484,806,75,21,10150,38290,-29680,148.0
51494,783,70,83,8750,38850,-29960,147.0
51507,782,70,71,5180,37660,-30800,149.0
51520,779,27,125,2310,37170,-31780,149.0
51530,772,21,131,-210,35490,-33250,149.0
51543,771,18,149,-1540,33600,-35910,149.0
51553,798,8,168,-1470,31150,-37100,146.0
51566,836,-12,193,1890,25200,-38290,150.0
51579,923,-32,190,4970,21910,-39620,150.0
51589,929,-41,203,8820,18760,-41230,148.0
51602,918,-52,180,17920,12180,-45150,148.0
51612,908,-69,174,22330,9170,-47600,141.0
51625,904,-39,149,26600,6370,-49840,141.0
51638,922,-28,137,30800,3850,-51660,141.0
51648,947,-29,118,34510,1610,-53410,133.0
51661,994,-22,94,38780,-1680,-56980,133.0
51671,1075,-20,96,39760,-2870,-58870,140.0
51684,1199,-21,105,40530,-3920,-60760,137.0
51697,1218,-26,123,41300,-6860,-64610,137.0
51707,1230,-27,113,42000,-8330,-66570,137.0
51720,1235,-10,72,43120,-9450,-68390,137.0
51732,1241,-5,46,43750,-10010,-69860,134.0
51746,1239,9,24,44520,-9520,-71960,136.0
51759,1220,46,30,44240,-9170,-72660,136.0
51769,1189,57,36,43610,-8750,-73010,136.0
51782,1160,82,78,42700,-8750,-72940,140.0
51795,1139,94,83,39900,-10430,-71890,140.0
51805,1110,107,102,37940,-11830,-71120,139.0
51818,1048,145,149,36120,-13510,-69930,139.0
51828,990,162,155,34650,-15890,-68110,144.0
51841,916,170,149,33670,-21210,-63350,145.0
51854,861,172,184,32550,-24220,-60550,145.0
51864,824,122,226,32970,-27790,-58100,149.0
51877,747,96,203,35630,-32130,-56070,149.0
51887,743,136,181,41160,-36260,-53900,145.0
51900,734,89,175,62090,-43330,-47460,149.0
51913,733,68,20,77140,-45290,-43820,149.0
51923,717,38,-22,94290,-45780,-40110,147.0
51936,685,19,-51,112350,-45360,-36750,147.0
51946,707,61,-68,129780,-44730,-30310,150.0
51959,756,75,12,159180,-44450,-26880,145.0
51972,837,173,16,169820,-45360,-23170,145.0
51985,910,216,34,176260,-46340,-15120,148.0
51998,979,317,62,178570,-48510,-10150,145.0
52011,1071,192,33,177800,-49490,-5250,145.0
52021,1123,182,-70,175420,-49420,-3010,143.0
52034,1097,297,7,166460,-46270,1750,143.0
52044,1082,228,-9,162120,-44940,3780,138.0
52057,1033,194,-85,156730,-42560,4970,141.0
52070,1008,187,-87,150150,-39060,5390,141.0
52080,983,146,-98,142730,-35420,5110,138.0
52093,968,170,-108,125580,-27510,2870,138.0
52103,964,136,-109,116270,-23240,1050,136.0
52116,974,140,-110,106820,-18900,-1260,132.0
52129,988,146,-119,97370,-9730,-4760,132.0
52139,1022,163,-109,88060,-5180,-5950,130.0
52152,1047,228,-91,69160,-910,-7000,130.0
52162,1052,224,-170,59010,3220,-7420,128.0
52175,1952,-157,-691,72030,2590,-2730,126.0
52189,1936,98,266,142170,29330,34860,126.0
52200,1472,725,-939,132370,40670,35700,125.0
52213,379,1099,-913,146440,45850,31850,125.0
52223,494,347,-109,147280,50120,35070,123.0
52240,1019,-225,-368,146510,40250,24080,117.0
52253,1068,428,-178,143850,43470,25690,119.0
52267,1118,116,-276,103740,37310,25970,119.0
52277,952,289,-181,80640,33180,27860,116.0
52290,940,125,-394,53480,29120,28700,116.0
52300,864,133,-441,28980,25340,28910,117.0
52313,898,105,-337,-18060,15960,29120,116.0
52330,968,32,-241,-40530,11970,28210,116.0
52340,972,24,-261,-60900,7630,27090,116.0
52353,979,6,-237,-93380,-140,25970,113.0
52366,1005,-29,-187,-106260,-3570,24570,113.0
52376,1007,-25,-200,-116200,-6790,23100,117.0
52389,961,18,-192,-123900,-11340,20580,117.0
52399,931,65,-184,-129360,-14280,19530,116.0
52412,974,95,-155,-134260,-17220,18480,116.0
52425,995,43,-163,-133980,-18970,17500,116.0
52435,1008,43,-170,-130270,-19670,16450,118.0
52448,995,64,-124,-115010,-19390,14210,118.0
52458,1009,83,-122,-103250,-17780,13510,119.0
52471,957,134,-166,-88970,-15890,12740,117.0
52484,949,113,-229,-73010,-13440,10780,117.0
52498,1017,99,-107,-38710,-6440,10080,118.0
52512,1019,90,-136,-22120,-3430,9730,116.0
52525,996,89,-208,10080,2940,8400,116.0
52535,982,97,-208,23590,5810,7560,118.0
52548,970,132,-199,34020,7700,6860,118.0
52558,969,146,-172,41090,8820,6510,116.0
52571,965,194,-159,44030,7420,6650,117.0
52584,988,177,-95,37660,5740,7070,117.0
52594,963,168,-142,29120,1960,7490,116.0
52607,975,147,-238,19390,-1120,7910,118.0
52620,967,173,-241,1260,-4690,8400,118.0
52630,973,137,-321,-6020,-5040,8470,115.0
52643,977,150,-302,-11970,-4970,8400,115.0
52653,983,106,-309,-17220,-4900,8330,114.0
52666,997,77,-234,-20720,-4550,7910,115.0
52679,1001,116,-279,-25760,-5110,7840,115.0
52689,978,152,-293,-26600,-4550,8260,118.0
52702,963,197,-287,-26880,-3710,8960,118.0
52712,978,144,-317,-26810,-2660,9730,113.0
52725,979,148,-299,-25830,210,10780,114.0
52738,962,161,-288,-24290,1330,11200,114.0
52749,973,160,-274,-23170,2450,11690,110.0
52762,970,172,-279,-22190,3500,12950,110.0
52772,967,166,-297,-21210,4690,13650,116.0
52785,968,166,-264,-17150,7560,14210,117.0
52798,977,126,-261,-14070,9030,14560,117.0
52808,996,61,-264,-10430,10640,14490,115.0
52821,991,71,-220,-6160,13510,13090,115.0
52831,978,83,-233,-2870,14210,11970,114.0
52844,988,10,-167,980,14630,10570,116.0
52857,1014,15,-180,1120,14350,9170,116.0
52867,1019,17,-185,490,14070,7910,110.0
52880,1009,40,-143,-910,13230,6020,110.0
52890,989,87,-140,-1400,12460,5390,111.0
52903,979,116,-106,-1470,11620,4900,112.0
52916,983,134,-84,-1750,10290,5180,112.0
52926,973,160,-76,-2240,8820,5810,116.0
52939,950,209,-80,-2520,5530,6650,116.0
52949,964,186,-82,-1890,4130,7420,111.0
52962,978,158,-112,-770,3150,8120,114.0
52975,974,155,-144,350,2170,9310,114.0
52985,993,119,-131,1260,1750,9800,111.0
52998,983,135,-200,1120,1260,10220,111.0
53010,974,146,-212,350,1400,10570,113.0
53024,989,99,-233,-2660,1960,10430,115.0
53037,1004,60,-238,-4550,2730,10080,115.0
53047,1011,39,-261,-7000,3220,9450,114.0
53060,1010,38,-243,-8960,4130,7910,113.0
53073,1009,50,-239,-11130,5740,7350,113.0
53083,1002,69,-254,-10220,7000,6930,115.0
53096,1004,82,-246,-8190,8610,6580,115.0
53106,1013,76,-217,-5740,10500,6510,112.0
53119,1001,113,-274,-3920,14280,7350,116.0
53132,989,167,-314,-3220,16590,8190,116.0
53142,987,194,-367,-5250,18760,9310,111.0
53155,979,158,-431,-8470,21280,10570,111.0
53165,987,152,-466,-11900,24570,11480,113.0
53178,979,205,-459,-21980,31990,14350,113.0
53188,978,222,-476,-28840,35700,16660,109.0
53201,945,302,-528,-36750,39550,19180,112.0
53214,946,303,-507,-46410,43190,25480,112.0
53224,936,320,-513,-57050,46550,29260,113.0
53237,910,397,-427,-82600,51380,33460,113.0
53247,884,421,-332,-99680,52290,38290,108.0
53260,900,346,-261,-118860,53480,43890,107.0
53277,887,612,-84,-151760,53200,54600,110.0
53290,879,368,-202,-165550,50190,67200,110.0
53300,861,272,-95,-166390,47250,67200,107.0
53313,828,453,222,-169680,36330,76860,107.0
53333,811,-1198,82,-152530,17570,81550,108.0
53347,-145,1160,-129,10080,57190,88690,108.0
53360,233,296,-1314,2800,27230,104160,112.0
53373,767,423,117,-7910,25340,96390,112.0
53383,581,513,-86,-4760,26390,93450,116.0
53396,771,-62,45,3990,18340,87080,122.0
53409,1349,247,243,23100,21630,83300,122.0
53419,1080,252,-131,36610,24500,80150,124.0
53432,946,131,-179,52430,18970,74970,124.0
53442,1190,190,312,63420,18480,71120,129.0
53455,1214,-51,331,70700,21280,60900,131.0
53468,1060,72,92,77000,18760,54810,131.0
53478,1033,-37,214,74690,14420,48160,140.0
53491,1201,-2,282,71190,11760,41020,140.0
53501,1100,24,215,66150,10850,34020,143.0
53514,947,-80,32,56980,6580,19110,149.0
53531,775,-67,106,52500,5740,2310,149.0
53541,740,-100,98,46550,5390,-6020,149.0
53554,693,-41,-6,32690,3640,-14070,156.0
53567,721,-53,37,24150,3010,-21770,156.0
53577,757,-56,104,15540,2100,-29190,157.0
53590,772,-27,77,7000,70,-43330,157.0
53600,773,-46,26,-9240,-350,-49770,155.0
53613,793,-4,-2,-16520,-560,-55650,153.0
53626,800,-2,-13,-23520,140,-60830,153.0
53636,797,9,-15,-29890,1470,-65170,158.0
53649,801,2,-24,-41230,4340,-72660,158.0
53659,806,8,-24,-44590,6230,-75390,155.0
53672,883,-11,-6,-45990,7840,-77630,156.0
53685,927,-23,-3,-45710,10710,-81200,156.0
53695,954,-25,13,-43960,11550,-82390,150.0
53708,950,0,29,-39060,12110,-83300,150.0
53718,940,12,47,-36680,12460,-83790,149.0
53731,929,26,63,-34370,12460,-83860,148.0
53744,934,34,64,-29610,11270,-82880,148.0
53754,968,67,96,-27090,9870,-81480,149.0
53767,1049,89,135,-24360,8190,-79380,149.0
53779,1076,77,149,-21140,5950,-77210,148.0
53793,1088,76,147,-13650,700,-73290,146.0
53806,1091,58,171,-9450,-2170,-71400,146.0
53816,1093,60,166,-5390,-5600,-69790,140.0
53829,1095,75,164,-1610,-8890,-66500,141.0
53842,1088,48,178,5810,-15890,-64960,141.0
53852,1096,22,171,10150,-19670,-63700,139.0
53865,1135,-9,210,15330,-23380,-62790,139.0
53875,1128,-31,260,21770,-27860,-62440,142.0
53888,1143,-44,230,37310,-38360,-62440,139.0
53901,1226,-48,162,45780,-42280,-62650,139.0
53911,1252,-50,131,54320,-45710,-62720,139.0
53924,1273,-36,75,61950,-48440,-62930,139.0
53934,1287,0,51,67620,-50050,-63070,143.0
53947,1256,29,69,71400,-52290,-62720,146.0
53960,1197,72,99,71120,-53620,-61740,146.0
53970,1151,148,63,70630,-55790,-60340,148.0
53983,1101,128,23,69510,-57680,-55790,148.0
53993,1065,145,-2,68110,-57540,-53340,152.0
54006,1031,176,-41,64610,-56630,-50540,158.0
54019,945,189,-72,63350,-55440,-47250,158.0
54032,904,188,-92,62300,-51520,-39690,161.0
54045,803,171,-50,61530,-49910,-36190,166.0
54058,787,212,-56,60620,-48580,-32830,166.0
54068,760,230,-40,59850,-47040,-28770,171.0
54081,742,213,-10,59290,-45290,-20370,171.0
54091,725,231,-5,59710,-44870,-15960,169.0
54104,685,247,41,60270,-44660,-11550,173.0
54117,690,263,13,60760,-44940,-2240,173.0
54127,688,269,21,61110,-44660,1610,172.0
54140,703,189,-28,61740,-42980,3290,172.0
54150,690,174,-85,63980,-41230,5460,174.0
54163,708,146,-61,67830,-38150,8400,174.0
54173,706,98,-67,73150,-35420,10500,170.0
54186,734,120,-70,83090,-29750,12950,166.0
54199,911,160,-64,85750,-26950,14140,166.0
54209,993,215,-75,85680,-23590,14910,162.0
54222,1041,248,-7,82950,-19740,15890,162.0
54232,1059,215,-53,79520,-16870,17290,158.0
54245,1094,218,-7,69510,-10430,17010,152.0
54258,1180,250,18,62300,-7490,16380,152.0
54268,1203,301,-3,53900,-4970,16030,147.0
54281,1209,305,11,44450,840,16170,147.0
54293,1172,270,-10,24150,3570,15470,143.0
54307,1041,265,-14,14980,6720,14630,138.0
54320,1002,229,-14,-210,13090,12180,138.0
54335,972,213,-50,-7140,16520,10290,130.0
54348,1012,208,-41,-13650,22470,6370,129.0
54361,1980,-1859,-1481,121030,13020,27580,122.0
54375,1587,1482,1349,238210,49630,40110,122.0
54385,772,191,-70,197190,44660,41160,121.0
54398,749,748,-1061,200970,51660,42000,121.0
54408,886,-254,-201,185290,56280,32690,117.0
54421,727,550,-385,144830,47810,22680,116.0
54434,1099,-714,-1263,129850,47810,28980,116.0
54444,939,-324,-1082,203910,40740,24150,112.0
54457,889,343,-224,147420,39900,27160,112.0
54467,1104,-368,-817,108290,35840,28700,112.0
54480,1247,664,-1056,59010,26040,25830,112.0
54493,562,-125,-276,-63420,25410,28700,112.0
54503,1064,-332,438,-54810,18480,28140,113.0
54516,971,241,-355,-27020,20720,22260,113.0
54526,881,33,-415,-12530,24430,18550,111.0
54539,974,-182,-145,-420,22540,16380,112.0
54556,949,-56,76,-9030,20720,11200,112.0
54566,988,-145,-46,-31080,19950,10640,109.0
54579,956,-53,-224,-38850,14210,8050,111.0
54592,956,52,-205,-5600,11900,5460,111.0
54602,960,121,-55,13720,10920,3850,109.0
54617,1011,76,-43,15330,7630,5740,114.0
54630,986,111,-51,-3780,5950,7280,114.0
54640,1008,123,-87,-7350,4410,8260,109.0
54653,1021,158,-107,-5950,3220,8750,109.0
54663,1043,177,-111,-6230,2660,9800,108.0
54676,1011,127,-73,-21000,2590,13090,111.0
54689,977,99,-77,-30380,3080,14280,111.0
54699,998,60,-132,-41090,2590,15540,110.0
54712,979,138,-149,-48930,2870,17430,110.0
54722,978,68,-215,-54040,2590,17290,108.0
54735,1241,70,-343,-48370,4620,18130,111.0
54748,990,-297,-669,-53970,-1260,18480,111.0
54758,1110,471,35,-38360,3150,18130,109.0
54771,1071,150,-60,-37170,4270,21070,109.0
54781,1006,68,-245,-39270,4760,22680,110.0
54794,997,22,-179,-45710,5110,23170,110.0
54809,984,75,-204,-46340,5740,23730,110.0
54819,965,-33,-164,-48720,5880,22260,112.0
54832,935,-17,-265,-45780,5600,20300,112.0
54842,950,9,-178,-44310,5810,18900,111.0
54855,1038,25,-151,-41370,5670,17990,112.0
54868,1007,-12,-158,-34440,5810,16240,112.0
54878,993,-1,-177,-31640,5530,15470,110.0
54891,995,-4,-180,-29120,5530,14840,110.0
54901,988,2,-215,-26110,5600,14280,113.0
54914,974,-20,-266,-23030,6020,12740,105.0
54927,976,-54,-261,-16380,8190,11620,105.0
54937,988,-14,-245,-13300,9450,10850,111.0
54950,1018,57,-239,-10920,10850,10570,111.0
54960,1017,86,-254,-9450,12530,10710,112.0
54973,1018,104,-236,-9520,16240,12250,110.0
54986,999,62,-244,-14490,18410,13300,110.0
54996,994,48,-226,-19390,20650,14280,108.0
55009,989,32,-214,-24640,22680,15190,108.0
55019,1003,2,-190,-29470,24500,15750,112.0
55032,999,-1,-180,-33950,27650,15610,109.0
55045,1008,-13,-182,-33250,29050,15190,109.0
55058,995,-33,-193,-30380,30240,13510,109.0
55071,983,-61,-157,-22610,31780,12460,110.0
55084,1004,-31,-131,-19740,32480,11480,110.0
55094,997,-23,-134,-18760,33460,10570,108.0
55107,988,-60,-116,-20650,35910,9100,108.0
55117,1005,-25,-83,-24360,37310,8610,107.0
55130,1014,38,-96,-36750,39340,8400,109.0
55143,1023,42,-100,-43610,41510,8610,109.0
55153,1025,64,-120,-50470,44310,8890,108.0
55166,1027,58,-155,-69160,51520,10080,108.0
55176,1024,50,-147,-80150,54460,11550,108.0
55189,1056,218,-153,-89040,58170,13370,109.0
55202,1450,-266,258,-96880,61880,7910,109.0
55212,1040,1202,-696,-59780,58170,15680,110.0
55225,1583,46,777,-34930,71680,20160,110.0
55235,1547,435,-508,-41580,69720,26390,109.0
55248,1057,454,258,-51800,75740,31010,117.0
55261,944,16,27,-54250,75180,38010,117.0
55271,973,375,312,-62720,73710,41440,119.0
55284,1036,366,142,-73710,74130,45920,119.0
55294,862,344,311,-78260,71890,50540,121.0
55307,806,328,293,-78540,66500,54460,126.0
55324,1269,415,468,-81620,53690,61250,126.0
55337,1269,380,230,-77910,39130,65730,128.0
55351,1264,335,276,-58520,33530,66220,137.0
55364,1244,67,79,-39480,27510,68250,137.0
55374,1156,-44,135,-9520,26530,70070,143.0
55387,1114,-153,79,65170,24080,67830,147.0
55400,1029,27,4,95620,25900,66640,147.0
55410,974,86,53,115710,26950,64680,157.0
55423,935,279,72,124950,27090,61460,157.0
55433,918,142,-18,126490,26810,57260,164.0
55446,929,56,222,113540,26180,51660,167.0
55459,969,106,181,102900,23100,47600,167.0
55469,998,99,200,91840,19670,42770,173.0
55482,1058,111,239,80080,10780,32900,173.0
55492,1055,85,284,67970,5320,28140,179.0
55505,866,27,262,45430,-280,23240,179.0
55518,757,-32,249,35630,-5880,17710,179.0
55528,670,-72,234,27580,-11620,11620,185.0
55541,609,-87,204,15470,-21490,-1190,185.0
55551,596,-102,180,10780,-25340,-7350,180.0
55564,604,-117,106,6370,-28350,-13510,184.0
55581,640,-114,116,-1330,-32830,-25550,184.0
55591,690,-100,117,-4130,-34860,-31080,183.0
55604,728,-71,105,-6020,-36820,-36050,180.0
55617,734,-56,75,-7140,-39550,-43330,180.0
55627,735,-53,39,-6580,-39690,-46340,181.0
55640,744,-43,-29,-5460,-38920,-48790,181.0
55650,760,-72,-29,-3710,-37520,-51240,178.0
55663,795,-78,-38,-1610,-36050,-56700,167.0
55676,840,-95,-51,2590,-31990,-59780,167.0
55686,891,-96,15,4130,-29890,-62930,164.0
55699,1019,-52,29,5040,-29120,-65800,164.0
55709,1063,-9,73,5180,-28630,-68040,158.0
55722,1099,37,91,4970,-29610,-69720,159.0
55735,1136,36,122,3850,-30450,-69930,159.0
55745,1173,41,125,3430,-31640,-70140,148.0
55758,1223,40,119,3360,-32830,-70000,148.0
55768,1232,12,128,3430,-33950,-70000,149.0
55781,1249,-15,149,2590,-37100,-71750,140.0
55794,1266,-30,212,1610,-39340,-73220,140.0
55804,1245,-28,245,560,-42350,-74900,138.0
55817,1217,-19,269,-560,-46130,-77980,138.0
55830,1183,-7,230,-2380,-54110,-79100,135.0
55843,1141,-22,240,-3220,-57610,-80290,138.0
55856,1109,-19,261,-3990,-65310,-82880,138.0
55866,1090,-10,241,-4760,-69020,-83860,135.0
55879,1084,-4,256,-6160,-72730,-84770,136.0
55892,1091,7,244,-6300,-76650,-85330,136.0
55902,1088,7,224,-6090,-80290,-85610,137.0
55915,1092,16,189,-3920,-85890,-84910,137.0
55925,1091,59,149,-1680,-87360,-83510,136.0
55938,1125,38,72,1540,-88130,-82180,137.0
55951,1141,-7,20,5880,-87780,-78610,137.0
55961,1108,17,50,12320,-86520,-76160,140.0
55974,1080,6,-27,27440,-84000,-73430,140.0
55984,1034,14,-54,35070,-81830,-70490,147.0
55997,1002,51,-75,42560,-79170,-67130,148.0
56010,982,56,-48,49070,-73570,-59290,148.0
56020,986,100,-61,54250,-70630,-55020,151.0
56033,975,120,40,60480,-67900,-50540,151.0
56043,876,120,-9,63420,-66920,-45850,152.0
56056,823,177,-104,66220,-64890,-40740,155.0
56069,731,377,-17,63210,-58660,-27300,155.0
56082,637,335,61,54600,-54320,-22050,156.0
56095,592,337,-93,41300,-52500,-14280,156.0
56108,558,403,-55,-6580,-43400,-12040,156.0
56118,582,412,-30,-38220,-39200,-10430,153.0
56131,762,496,-4,-70070,-35140,-8120,153.0
56141,852,490,-45,-99750,-31500,-5460,153.0
56154,950,466,-55,-126420,-23100,560,152.0
56167,1080,374,-67,-158970,-18620,4830,152.0
56177,1174,428,-116,-163310,-14000,10010,149.0
56190,1183,215,-37,-164780,-8750,15680,149.0
56200,1198,284,-4,-163240,-5180,19250,144.0
56213,1109,101,-34,-154420,-70,23940,144.0
56226,1164,381,78,-145460,210,26530,144.0
56236,1103,-74,97,-132440,1470,31430,141.0
56249,1069,116,123,-111930,2520,38430,141.0
56259,1057,-118,-79,-88900,3290,41020,134.0
56272,1002,-30,-248,-35700,9520,43050,134.0
56285,1996,-525,-1747,53060,420,48930,134.0
56295,1187,-233,755,158830,22470,60410,125.0
56308,1149,365,589,140350,19390,65450,125.0
56318,995,323,-636,134330,24290,63210,127.0
56331,637,234,-258,154000,22890,63490,122.0
56352,1001,107,-289,160510,27650,55510,124.0
56365,1007,-39,-170,168910,35910,48440,124.0
56375,1127,-150,-167,175000,37240,44450,117.0
56388,1043,-104,-281,186620,39340,39480,117.0
56398,1137,334,69,192010,42770,37520,117.0
56411,971,103,-168,186060,39970,35140,113.0
56424,992,-132,-288,177030,36470,29470,113.0
56434,1004,100,-13,165690,31150,27020,117.0
56447,985,71,17,150430,25270,25340,117.0
56457,995,58,13,134960,18480,24570,112.0
56470,970,-31,-63,117880,12810,20930,113.0
56483,1034,-139,-257,88480,5600,18340,113.0
56493,996,-11,-373,74060,3850,15750,110.0
56506,1003,-26,-428,60690,3780,13580,110.0
56516,1026,47,-414,47950,4060,11830,111.0
56529,1023,22,-387,34090,5040,9170,112.0
56542,994,37,-337,7490,5390,8050,112.0
56552,990,25,-333,-4410,4760,6580,111.0
56565,1001,80,-301,-14630,4340,5530,111.0
56575,994,91,-326,-23800,4130,4900,114.0
56588,1005,62,-346,-33670,6440,3640,112.0
56605,1027,122,-145,-34230,7980,1540,112.0
56615,967,-18,-231,-35280,7350,490,109.0
56628,977,178,-113,-30520,6720,0,110.0
56641,998,166,-155,-27930,6720,280,110.0
56651,972,165,-160,-24150,7490,1050,109.0
56664,968,178,-151,-15890,8260,1960,109.0
56674,969,116,-161,-10570,8470,1750,111.0
56687,988,122,-50,-5460,8050,1120,111.0
56700,1012,95,-34,-700,7350,840,111.0
56710,1047,88,-35,3360,6580,980,110.0
56723,1006,92,-162,6510,5390,770,110.0
56733,966,180,-175,3920,4340,910,110.0
56746,980,138,-196,-1260,3150,1260,113.0
56759,984,143,-200,-7140,1050,1610,113.0
56769,997,151,-172,-13230,140,1890,112.0
56782,988,182,-137,-23940,-910,2240,112.0
56792,981,204,-106,-29750,-2590,3010,109.0
56805,980,205,-149,-35910,-4480,4130,112.0
56818,971,242,-173,-46130,-6930,7000,112.0
56828,961,248,-173,-50050,-7770,8610,112.0
56841,966,248,-205,-52780,-7980,10150,112.0
56853,979,207,-189,-54600,-7840,11620,110.0
56867,972,206,-186,-52920,-6440,14140,113.0
56880,988,181,-160,-49420,-5320,15120,113.0
56890,984,198,-205,-45010,-4060,16240,110.0
56903,973,195,-191,-40110,-700,18480,111.0
56916,979,207,-180,-31010,560,19740,111.0
56926,981,219,-205,-27440,1960,21070,110.0
56939,963,219,-194,-24640,3080,22260,110.0
56949,977,196,-188,-23030,3850,23520,112.0
56962,971,200,-177,-21140,5110,26110,105.0
56975,980,166,-172,-20230,5600,27300,105.0
56985,992,143,-169,-18550,6300,28280,110.0
56998,998,145,-177,-16800,7210,30380,110.0
57008,997,157,-194,-15400,8330,31780,108.0
57021,966,212,-280,-13580,10990,33180,107.0
57036,957,158,-314,-13580,12390,34720,107.0
57046,1030,22,-265,-14000,14420,34720,108.0
57059,1031,52,-435,-19670,19320,35630,109.0
57072,1032,65,-491,-24780,22750,36260,109.0
57082,1136,-258,-415,-27440,27160,37100,104.0
57095,1088,69,-368,-17430,41370,35280,104.0
57108,1010,26,-509,-15400,47250,35560,105.0
57121,1088,171,-394,-7980,53410,34790,106.0
57134,1141,362,-216,-28980,64470,38570,106.0
57144,1124,486,216,-28980,66920,41580,106.0
57157,1108,439,288,-121800,68600,45920,106.0
57167,1100,513,431,-166880,67550,51590,105.0
57180,1270,1018,199,-218750,60760,53900,107.0
57193,1133,645,207,-290920,47600,61600,107.0
57203,1126,659,232,-304080,38780,62650,106.0
57216,1151,706,92,-305830,31290,59570,106.0
57226,1477,178,382,-304920,25900,60130,112.0
57239,1129,314,356,-285040,10150,63420,114.0
57252,1052,-353,65,-158550,15400,65030,114.0
57262,1096,-379,40,-74760,15470,62300,118.0
57275,1151,-223,-53,11200,16450,60830,118.0
57285,1159,-108,308,85260,20860,59500,120.0
57298,1149,49,93,182840,22190,54390,130.0
57311,1133,331,154,207900,21770,52290,130.0
57321,1071,220,-28,220920,21490,49980,132.0
57334,962,429,65,223230,24360,45640,132.0
57354,839,374,-74,207060,32060,35280,139.0
57372,899,288,-59,177240,35210,30800,143.0
57385,917,175,6,140210,38780,17990,143.0
57398,967,205,126,121170,38500,12180,146.0
57412,947,185,208,103600,36260,700,146.0
57422,917,185,249,86590,27370,-4340,146.0
57435,882,143,249,56910,22680,-8960,149.0
57448,818,87,227,44310,17920,-13300,149.0
57458,786,67,164,33320,13580,-17780,152.0
57471,727,51,91,15820,9100,-26320,152.0
57481,682,19,74,8610,7980,-30520,151.0
57494,691,-2,92,1890,6510,-34930,151.0
57507,719,-9,92,-4340,5180,-42840,151.0
57517,746,-5,114,-9310,3850,-45710,149.0
57530,782,48,144,-14700,490,-47250,149.0
57540,805,52,115,-15890,-1540,-48090,149.0
57553,859,53,99,-16940,-3010,-48580,150.0
57566,881,40,89,-17920,-4690,-50050,150.0
57576,901,-19,67,-18690,-4970,-51240,151.0
57589,920,-4,27,-16730,-4410,-52150,151.0
57599,894,23,-11,-14980,-3640,-52780,146.0
57612,868,27,-14,-13160,-2310,-53060,147.0
57629,874,23,29,-8190,140,-52570,147.0
57639,898,18,33,-5180,630,-52220,143.0
57652,945,11,76,-1960,280,-51590,138.0
57665,1027,37,175,5740,-1680,-50960,138.0
57675,1132,15,208,10500,-4270,-49980,130.0
57688,1267,-20,218,15890,-7490,-49210,130.0
57698,1310,-17,246,21630,-11060,-49000,128.0
57711,1752,631,548,-73920,-24010,-42210,122.0
57724,1487,-94,228,-140770,-22610,-45500,122.0
57734,999,282,99,-203280,-29190,-41230,127.0
57747,1047,-602,362,-183050,-28070,-41510,127.0
57757,984,-224,-114,-139510,-27580,-43190,126.0
57770,938,-799,30,-44660,-23310,-45150,126.0
57783,1133,-628,65,2660,-22540,-45570,126.0
57793,1164,-379,147,53270,-22680,-45780,125.0
57806,1196,-296,170,97580,-28000,-45710,125.0
57816,1266,-300,150,136290,-33040,-44310,127.0
57829,1326,-6,153,193200,-37450,-42280,126.0
57842,1347,16,56,206640,-40740,-40040,126.0
57852,1308,137,-63,212520,-43050,-37450,128.0
57865,1212,187,188,209930,-48370,-32550,128.0
57877,1232,146,-202,205800,-47950,-34160,132.0
57891,1117,590,-172,197190,-44730,-24710,137.0
57904,1052,214,227,156240,-43540,-23940,137.0
57914,977,293,-65,123550,-47390,-23940,138.0
57927,852,571,51,85400,-46060,-19950,145.0
57940,835,461,131,45010,-48440,-16030,145.0
57950,789,546,21,7000,-48370,-13650,144.0
57963,740,262,2,-44380,-47600,-11970,144.0
57973,698,287,-71,-53410,-46830,-10640,152.0
57986,658,270,9,-56350,-44940,-8330,155.0
57999,635,269,-9,-59570,-44100,-5880,155.0
58009,564,44,-66,-57890,-42280,-6510,157.0
58022,557,-1,14,-54110,-43190,-6230,157.0
58032,554,197,91,-45010,-43610,-7070,152.0
58045,574,-22,-65,-28490,-44660,-3150,153.0
58058,610,-147,37,33530,-41440,-2940,153.0
58068,644,-190,-25,71260,-41020,-2450,154.0
58081,734,-159,33,108010,-39970,-1190,154.0
58091,780,-75,73,141120,-40110,-140,150.0
58104,853,0,51,168350,-41160,3360,145.0
58117,957,83,92,202930,-42000,5320,145.0
58130,1118,193,51,209370,-42910,6930,147.0
58143,1117,60,-96,207760,-39550,9590,139.0
58156,1098,-6,85,201390,-37520,10150,139.0
58166,1127,103,-7,193830,-37380,8190,139.0
58179,1095,161,-84,184730,-35420,6580,139.0
58189,1063,211,-62,175840,-32270,6230,135.0
58202,1074,161,-6,146440,-27370,4130,135.0
58212,1125,197,-4,125230,-25200,1890,135.0
58225,1118,275,-42,101570,-22330,70,128.0
58238,1083,274,-8,75180,-16170,-4970,128.0
58248,1087,257,11,47180,-13860,-8050,126.0
58261,1109,261,21,-11270,-11690,-10920,126.0
58271,1141,284,13,-38710,-9240,-13650,122.0
58284,1893,-570,-965,-36820,-12600,-11060,118.0
58297,1417,-1054,-57,130830,7700,19390,118.0
58307,1476,797,384,88830,24010,29400,115.0
58320,1074,-35,-449,89740,29540,35070,115.0
58330,597,539,-596,86100,30520,32620,114.0
58343,641,-75,-444,77420,27300,25200,114.0
58362,1384,-14,-656,83300,21770,15470,116.0
58375,743,178,-427,-5460,12390,19040,116.0
58386,1249,-211,637,-11340,20020,18410,112.0
58400,1121,-243,-125,-26390,18970,12040,113.0
58413,812,-109,-743,-32970,20930,7490,113.0
58423,823,-216,-829,-13230,22120,2660,115.0
58436,908,-4,-288,1540,21420,-3570,115.0
58446,975,-202,-175,7210,23450,-6370,115.0
58459,1081,-139,-193,12110,24570,-9800,113.0
58472,1062,106,-312,9030,26810,-10150,113.0
58482,1039,112,-204,5250,27510,-10500,112.0
58495,962,-14,-230,-560,27230,-10500,112.0
58505,945,84,-286,-4340,25760,-10500,112.0
58518,898,170,-229,-14770,22610,-9520,113.0
58531,917,153,-153,-19530,20650,-8540,113.0
58541,1420,56,-132,-22330,17710,-7070,110.0
58554,228,347,263,-27300,21210,-5810,110.0
58564,1181,124,-939,-23450,7910,-3220,111.0
58577,1111,277,85,-26600,14770,-1330,112.0
58590,877,223,-513,-22960,13720,770,112.0
58600,959,273,9,-15890,15330,2030,112.0
58613,1017,95,26,-12040,13860,3990,112.0
58623,964,136,-262,-5740,14980,4480,111.0
58636,961,83,-65,1400,13440,4900,113.0
58653,1008,58,-74,1120,11340,5180,113.0
58663,1016,101,-74,-1540,10080,5180,111.0
58676,995,52,-205,-3570,9100,4760,112.0
58689,998,62,-140,-5810,8680,3430,112.0
58699,995,48,-198,-9030,7560,2730,111.0
58712,1006,76,-130,-16520,6090,2310,111.0
58722,1001,114,-133,-20720,4620,2240,112.0
58735,983,121,-70,-23800,3150,2310,113.0
58748,985,125,-46,-23800,-140,3080,113.0
58758,983,132,-62,-19810,-980,3640,112.0
58771,981,119,-46,-13790,-1680,4130,112.0
58781,978,125,-70,-5810,-1890,4550,111.0
58794,991,83,-70,2520,-1610,4690,113.0
58807,999,69,-164,13930,-980,4340,113.0
58817,1006,72,-234,13930,-840,4200,114.0
58830,996,107,-266,10010,-770,4130,114.0
58840,999,109,-256,3500,-910,4200,110.0
58853,996,124,-262,-3990,-1050,4830,110.0
58866,989,98,-213,-13300,-490,5180,110.0
58876,993,100,-171,-13160,210,5250,109.0
58889,993,101,-190,-10150,1120,5460,109.0
58901,997,90,-211,770,4620,5810,110.0
58915,994,116,-228,4340,6160,6090,111.0
58928,985,135,-264,4970,7280,6440,111.0
58938,983,132,-241,2660,8120,6860,112.0
58951,989,111,-227,-4480,8470,7350,110.0
58964,1012,45,-194,-5250,9170,7210,110.0
58974,1025,14,-178,-3360,10290,6860,109.0
58987,1022,22,-197,490,11830,5740,109.0
58997,1017,40,-223,4970,15750,5390,111.0
59010,1001,92,-280,10080,17570,5040,111.0
59020,988,42,-311,9660,19320,4410,110.0
59033,1031,-10,-313,8190,21210,3360,111.0
59046,1048,-62,-298,1610,25200,630,111.0
59056,1039,6,-346,-2730,27860,-630,109.0
59069,1029,18,-369,-6440,30660,-1890,109.0
59079,1016,69,-400,-10500,33740,-2730,109.0
59092,1014,92,-399,-14490,37100,-2730,109.0
59105,995,153,-421,-23030,43960,-1750,109.0
59115,965,225,-417,-27930,47320,-420,111.0
59128,969,201,-384,-33180,50470,1050,111.0
59138,965,247,-356,-39970,53340,2660,111.0
59151,946,323,-355,-48650,57470,8190,111.0
59168,907,462,-306,-70350,58520,11970,107.0
59181,881,497,-215,-96600,59360,22540,107.0
59191,865,514,-215,-109690,58730,28910,112.0
59204,873,488,-63,-120820,57330,35840,112.0
59214,1518,804,527,-112490,56280,41370,108.0
59227,1405,1515,933,-61530,57540,48020,112.0
59240,1145,-526,-285,-77910,62370,56910,112.0
59250,1031,401,576,-74760,63350,62580,110.0
59263,556,364,601,-64050,57470,65730,110.0
59273,1706,-1010,1380,-59360,54880,71190,113.0
59286,1188,-267,-96,-50400,64890,78330,113.0
59299,1393,433,-184,-49630,62650,78820,113.0
59309,836,-451,350,-48020,68670,84630,124.0
59322,437,-76,327,-48370,67550,85260,124.0
59332,716,-211,498,-40880,61320,85330,125.0
59345,862,-82,87,-36260,55860,87710,129.0
59362,1045,151,37,-34090,53340,90300,129.0
59372,844,-50,117,-34160,51380,91630,133.0
59385,779,-130,583,-26530,40740,89250,137.0
59398,895,-14,319,-22820,31570,85330,137.0
59408,1117,-175,254,-20650,26460,82040,143.0
59425,1104,-264,241,-10990,10990,74060,146.0
59438,1004,-256,201,-2520,7140,62440,146.0
59448,878,-271,226,8120,630,56000,151.0
59463,773,-317,138,36540,-2520,49280,154.0
59476,770,-280,193,49140,-5390,35140,154.0
59486,792,-262,155,57890,-7980,28420,153.0
59499,820,-176,111,65030,-11620,22750,153.0
59509,856,-108,58,65030,-13090,17780,154.0
59522,898,-181,90,64470,-13440,12460,154.0
59532,854,-183,7,61460,-13650,5880,153.0
59545,902,-79,34,58310,-12530,-5250,154.0
59558,898,-109,37,52360,-12670,-10990,154.0
59568,915,-135,3,48370,-12250,-16450,153.0
59581,957,-90,10,44450,-11200,-21490,153.0
59591,965,-97,34,39620,-10010,-26320,155.0
59604,955,-91,30,28840,-8960,-35910,157.0
59617,913,-67,77,22890,-8610,-40600,157.0
59627,906,-70,76,17010,-8960,-45010,155.0
59640,898,-50,74,11270,-9380,-52850,155.0
59650,895,-40,76,5530,-9660,-56210,155.0
59663,891,23,73,-4760,-10220,-58940,155.0
59680,934,42,78,-13790,-10570,-62160,149.0
59694,1023,46,131,-18200,-11060,-63560,149.0
59704,1037,56,170,-22680,-12250,-64820,148.0
59717,1047,84,142,-26880,-14140,-65870,148.0
59727,1039,87,158,-30660,-17360,-65940,142.0
59740,1039,69,152,-36960,-18970,-66010,141.0
59753,1067,71,142,-38780,-20580,-66010,141.0
59763,1089,56,147,-39760,-21910,-65870,138.0
59776,1119,55,156,-40250,-25130,-65730,138.0
59786,1166,51,181,-39970,-27300,-65590,129.0
59799,1271,92,206,-39270,-29750,-65030,124.0
59812,1289,93,221,-37800,-32410,-63910,124.0
59822,1287,56,237,-36120,-35280,-62510,128.0
59835,1278,-31,207,-29960,-42000,-62580,128.0
59845,1271,75,149,-23800,-44520,-61670,127.0
59858,1228,-27,158,-15190,-46410,-60760,128.0
59871,1209,-43,115,-5390,-49140,-60060,128.0
59881,1189,-54,100,4620,-49840,-59920,130.0
59894,1175,-56,97,23520,-50470,-59990,130.0
59904,1151,-19,110,31780,-51310,-60060,135.0
59917,1067,10,94,38640,-52570,-59570,133.0
59934,960,91,62,46130,-54600,-57330,133.0
59944,902,116,42,47250,-55020,-55300,142.0
59957,830,99,111,47740,-55370,-50890,140.0
59970,795,62,21,47320,-56770,-49490,140.0
59980,730,62,-25,46690,-56490,-48580,143.0
59993,630,83,1,45850,-55370,-47460,143.0
60003,594,100,0,44870,-54810,-45990,146.0
60016,584,202,4,42630,-53550,-40460,148.0
60029,679,185,4,40670,-52500,-36330,148.0
60039,779,221,25,38850,-52080,-32830,148.0
60052,861,253,49,36960,-51730,-28700,148.0
60062,917,224,25,35700,-51450,-24150,148.0
60075,937,200,-25,35140,-49630,-16100,149.0
60088,932,223,7,35630,-47740,-12530,149.0
60098,933,197,-38,36540,-46480,-8610,143.0
60111,914,212,-40,37170,-42000,-1400,143.0
60121,895,35,-13,37030,-40390,-630,141.0
60134,920,147,31,35770,-38360,350,139.0
60147,1034,76,34,35630,-37100,2310,139.0
60157,1041,179,56,36890,-35980,3850,133.0
60170,1045,104,21,40110,-34160,7560,133.0
60181,1053,106,26,42210,-32340,9030,134.0
60194,986,64,29,44030,-30730,9940,129.0
60208,959,50,31,46130,-28490,10430,129.0
