t_ms,ax_mg,ay_mg,az_mg,gx_mdps,gy_mdps,gz_mdps,dist_mm
72,996,-61,39,3990,840,-11410,107.0
86,998,-58,41,5040,-350,-12110,107.0
100,1009,-18,28,4410,-630,-12320,111.0
113,1007,-35,12,3710,-1050,-12740,108.0
126,1013,52,26,4410,-1470,-12530,108.0
136,1051,-32,-10,3710,-1400,-12250,109.0
149,1072,140,48,4200,-2030,-11340,109.0
159,1149,323,13,4130,-2170,-10710,108.0
172,1047,170,-30,1470,-980,-7350,106.0
185,1038,134,16,2380,-770,-6860,106.0
195,1047,102,-15,1470,-420,-5530,106.0
208,1030,0,-23,1260,210,-3150,106.0
218,1026,87,7,1470,770,-2170,107.0
231,1023,56,43,1330,980,-1190,107.0
244,1015,53,56,1400,420,-350,107.0
254,1010,51,59,1400,-280,420,109.0
267,1003,57,83,1400,-2380,1680,109.0
277,1007,46,71,1330,-3360,2100,106.0
290,1004,22,86,1260,-4480,2310,105.0
303,1010,23,73,1260,-5600,2310,105.0
313,1006,7,81,1470,-6650,2170,109.0
326,1007,17,78,1890,-8960,2100,109.0
336,1010,18,39,2100,-9800,2100,107.0
349,1022,18,6,2240,-10220,2240,107.0
362,1022,32,0,2240,-10080,2660,107.0
372,1018,26,7,2380,-10010,2940,109.0
385,1023,64,2,4620,-9940,3010,109.0
395,1021,3,-11,5460,-9870,3500,107.0
408,1016,42,-6,5740,-9730,3850,109.0
421,1026,18,-35,5810,-9030,4620,109.0
431,1028,32,-49,5530,-8330,4970,107.0
444,1021,-3,-90,5250,-7630,5110,107.0
454,1025,2,-71,4340,-6510,5110,106.0
467,1022,15,-62,3710,-5460,5040,106.0
477,1023,17,-98,3780,-4690,5110,104.0
490,1023,14,-75,4760,-2590,5110,108.0
503,1011,-22,-97,7420,-2170,4900,108.0
513,1016,-21,-119,12950,-2030,4690,105.0
526,1009,-37,-133,22050,-2870,4410,109.0
539,1014,-14,-230,52080,-3500,4550,109.0
549,1016,43,-236,72450,-4270,4830,109.0
562,1057,154,-136,92680,-4900,5460,109.0
572,1051,119,-27,105070,-5390,6860,108.0
585,1033,110,22,105630,-6230,10150,108.0
595,1038,151,112,94850,-6300,11830,106.0
608,1035,130,184,78960,-6020,13440,108.0
621,1044,138,238,59780,-5600,16100,108.0
631,1038,124,241,39690,-5250,17150,110.0
644,1009,39,171,3920,-4970,17710,110.0
654,997,29,148,-8120,-5390,17990,109.0
667,1020,46,102,-16590,-6020,18340,107.0
680,1000,-28,12,-20300,-7630,19250,107.0
690,1009,-18,-72,-16170,-8050,19740,110.0
703,1027,12,-168,-8960,-8330,20370,110.0
713,1015,-56,-250,70,-8050,21000,111.0
726,1026,-49,-208,10220,-7140,21070,112.0
739,1037,15,-192,29890,-5950,21490,112.0
749,1025,-25,-151,38640,-5530,21700,110.0
762,1011,-66,-127,47180,-5670,21490,110.0
772,1022,-33,-100,54040,-5740,21420,111.0
785,1019,-58,-67,58870,-5740,21000,111.0
798,1004,-140,-76,64750,-5600,20370,111.0
808,989,-167,-39,65310,-5110,19320,113.0
821,972,-199,-10,64610,-4690,17850,113.0
831,961,-278,-2,62930,-4410,15960,114.0
844,974,-237,-28,57470,-3290,11200,113.0
857,1007,-138,-48,52710,-2030,9450,113.0
867,1000,-162,-50,47110,-560,8050,116.0
880,990,-142,-61,41160,840,5320,116.0
890,1009,-189,38,33040,2590,3640,114.0
903,1006,-194,123,12740,3360,1750,115.0
916,938,-256,149,-1260,4200,-140,115.0
926,987,-193,-60,-10360,4130,-2240,116.0
939,1013,-147,-135,-14280,6370,-4690,116.0
949,1029,-97,-120,-12670,6650,-5390,114.0
962,1019,-125,-92,910,6930,-5530,116.0
975,992,-122,27,3850,7070,-5670,116.0
985,991,-81,92,1470,6930,-6020,113.0
998,1017,-48,32,-1960,5810,-6230,113.0
1008,1025,-42,-13,560,4970,-5600,114.0
1043,1019,27,86,2450,1750,-630,112.0
1057,1017,26,64,2940,-1190,910,112.0
1071,1027,48,77,4130,-2730,2590,112.0
1084,1038,71,56,4340,-4970,6440,112.0
1094,1047,77,10,3850,-5250,8820,112.0
1107,1057,121,31,2660,-5110,11340,112.0
1120,1062,126,57,2240,-5740,16240,112.0
1130,1087,-21,56,3500,-6930,17360,112.0
1143,948,-17,-69,14490,-12670,19250,112.0
1153,1043,102,190,14420,-12460,21420,116.0
1166,1092,171,25,23380,-15960,23590,114.0
1179,1075,111,-37,38500,-24080,29960,114.0
1189,1039,103,44,56770,-28980,33110,115.0
1202,1023,64,50,97370,-34440,35980,115.0
1212,1023,72,8,116830,-39340,39410,121.0
1225,1021,85,16,133420,-42910,42840,119.0
1238,1050,100,65,158340,-48930,50050,119.0
1248,1068,157,66,165550,-50540,55370,119.0
1261,1024,-108,281,167510,-49560,59220,119.0
1271,1192,-36,68,169610,-53760,59570,121.0
1284,1161,256,89,176050,-49840,59850,123.0
1297,1260,238,62,170940,-49560,57260,123.0
1307,1172,231,130,164500,-47320,54390,125.0
1320,1270,191,30,158060,-45010,51730,125.0
1330,1228,157,29,151340,-41720,48510,128.0
1343,1207,148,67,134470,-37450,39130,130.0
1356,1246,142,68,126350,-34790,34580,130.0
1366,1227,122,41,118370,-32480,30170,135.0
1379,1174,77,55,110810,-30100,25550,135.0
1389,1144,46,75,104300,-28630,14910,135.0
1402,1123,22,12,93100,-25760,9100,139.0
1415,1088,5,-6,88340,-23380,3430,139.0
1425,1044,4,-19,83510,-20580,-2240,141.0
1438,1019,-5,-50,78330,-14350,-13300,141.0
1448,974,-4,-55,72240,-10920,-19040,142.0
1461,925,-52,-40,57750,-7630,-25200,144.0
1474,872,-56,-31,50050,-4760,-31640,144.0
1484,848,-59,-44,42350,-2030,-38150,144.0
1497,821,-60,-49,27930,3500,-49840,144.0
1507,823,-68,-52,20930,6370,-55510,143.0
1520,826,-39,-64,14210,9310,-60620,143.0
1533,828,-47,-62,7560,12460,-69650,143.0
1543,830,-76,-34,910,15540,-74550,140.0
1556,837,-96,-13,-12250,20090,-79520,140.0
1566,857,-85,8,-18340,22120,-84140,137.0
1579,899,-73,24,-23870,23870,-88340,136.0
1592,940,-83,31,-29120,26390,-95760,136.0
1602,1002,-77,59,-34020,27160,-99190,132.0
1615,1134,-67,121,-42840,27650,-102340,132.0
1625,1155,-43,213,-46620,27160,-105000,132.0
1638,1218,-60,97,-49840,24920,-107100,128.0
1651,1210,56,235,-56770,22050,-108570,128.0
1661,1206,55,168,-62440,20580,-108220,126.0
1674,1164,53,183,-69230,18830,-108500,126.0
1684,1150,81,135,-76020,17010,-108360,125.0
1697,1120,120,126,-82810,16240,-105910,127.0
1710,1090,56,92,-94570,16100,-104720,127.0
1720,1050,52,57,-98280,16380,-103530,129.0
1733,983,107,70,-99750,16870,-101570,129.0
1743,1013,34,-2,-98140,17220,-98350,129.0
1756,1007,73,61,-88830,19460,-91560,132.0
1769,1033,83,-22,-82880,21560,-87570,132.0
1779,1051,71,-6,-77000,23310,-83300,133.0
1792,1060,99,-28,-70770,24710,-78960,133.0
1802,1072,90,-35,-64470,26250,-70070,131.0
1815,1094,3,-8,-47810,27720,-66360,137.0
1828,1127,55,-11,-35070,28560,-61950,137.0
1838,1128,97,40,-22190,28840,-56980,137.0
1851,1154,54,2,-8890,27860,-47180,137.0
1861,1119,78,82,4830,26180,-42770,141.0
1874,1087,72,59,29330,24850,-38570,143.0
1887,1046,94,33,40320,22960,-34930,143.0
1897,1022,99,35,50050,21700,-31360,146.0
1910,1006,134,20,63630,19180,-24780,146.0
1920,1001,143,20,67340,18200,-22050,147.0
1933,996,141,44,69580,16870,-19740,148.0
1946,992,162,63,70910,15400,-15610,148.0
1956,1011,142,70,72310,13510,-13580,149.0
1969,1023,150,66,77140,9450,-11550,149.0
1979,1022,169,71,80360,7840,-9240,152.0
1992,996,159,61,84000,6230,-7000,151.0
2005,975,176,60,87710,3570,-2940,151.0
2015,937,181,66,91070,2310,-1120,152.0
2044,836,194,91,96670,-3080,1960,153.0
2057,752,233,50,98490,-4270,3010,156.0
2070,748,28,85,99610,-4900,1820,157.0
2084,717,242,59,103040,-6860,2310,157.0
2094,702,208,48,103950,-7350,2520,157.0
2107,723,256,51,103530,-7490,2450,157.0
2117,785,265,58,102690,-7630,2800,155.0
2130,838,288,60,101990,-7490,4620,152.0
2143,902,328,34,100940,-6860,5950,152.0
2153,920,345,24,100170,-5810,7350,155.0
2166,925,348,12,99330,-4480,8750,155.0
2176,922,354,23,98420,-2800,10010,148.0
2189,914,352,16,96390,420,11760,147.0
2202,886,361,19,95060,2030,12180,147.0
2212,875,354,40,93450,3640,12390,144.0
2225,894,361,37,91000,4830,11270,144.0
2235,927,355,38,87780,6160,10290,141.0
2248,979,361,96,81130,7490,9310,138.0
2261,1088,358,113,78400,7630,8470,138.0
2271,1123,351,141,76160,7350,7700,137.0
2284,1157,344,132,73990,6090,6300,137.0
2294,1166,326,145,74480,5250,5460,134.0
2307,1137,314,121,75670,4690,4760,131.0
2320,1101,299,105,75950,4410,3640,131.0
2330,1052,312,84,74270,4410,2100,130.0
2343,983,312,81,63350,4970,-1610,130.0
2353,917,311,73,54880,5250,-3640,129.0
2366,1602,445,-181,49420,3710,-5320,127.0
2379,1992,-1908,-110,81900,11130,24780,127.0
2389,1540,-961,132,141260,14630,31360,126.0
2402,893,-27,10,170380,18480,38850,126.0
2412,892,-391,138,168140,22120,43960,124.0
2425,1333,-548,263,169190,25480,48930,124.0
2438,1252,-307,25,165970,28630,52010,124.0
2448,894,365,-356,153720,29400,49630,120.0
2461,995,198,-45,136430,23310,48930,120.0
2471,1005,90,-27,114170,18340,47320,119.0
2484,1029,121,-135,89740,11060,46410,119.0
2497,928,314,-90,36890,-2520,45780,119.0
2507,932,261,-120,14980,-8610,45150,119.0
2520,1014,74,-75,-350,-12670,44240,119.0
2530,1016,49,-100,-9940,-15470,42910,121.0
2543,996,65,-126,-13440,-16450,39690,118.0
2556,1021,34,-236,-7280,-14700,38150,118.0
2566,1029,11,-176,420,-11620,36750,116.0
2579,1015,18,-218,8820,-8680,35210,116.0
2589,1020,20,-322,17990,-5320,33810,116.0
2602,1008,59,-286,35000,2940,31220,112.0
2615,1019,24,-295,40600,6230,30310,112.0
2625,984,75,-297,44800,9240,29260,115.0
2638,996,88,-286,47250,11620,28000,115.0
2648,1033,54,-254,48440,14000,27720,108.0
2661,988,94,-232,47670,17570,27860,108.0
2671,1008,79,-180,46200,18480,28070,113.0
2684,1007,29,-169,44380,19180,27790,111.0
2697,999,51,-194,40110,20650,26880,111.0
2707,1003,63,-197,36120,21140,26600,111.0
2720,1010,18,-172,31220,21560,26040,111.0
2730,1016,25,-174,25690,21630,25410,111.0
2743,1023,13,-146,20020,21770,24290,106.0
2756,1017,17,-93,8960,20930,23730,106.0
2766,1017,32,-175,2940,19530,23450,108.0
2779,986,-68,-126,-3150,20300,22610,108.0
2789,1105,-162,-73,-4690,20020,21700,110.0
2802,1048,56,-26,3430,21140,19320,107.0
2815,989,-62,-94,980,21630,17710,107.0
2825,1003,-83,-52,2030,21910,15190,107.0
2838,1008,-48,-51,1470,21910,13160,107.0
2848,1010,-43,-35,-1120,22190,11620,109.0
2861,1011,-65,36,-13790,22680,8260,110.0
2874,1005,-33,65,-22120,22330,7000,110.0
2884,1013,-14,12,-29190,21980,6160,107.0
2897,1015,19,-65,-32900,21700,5950,107.0
2907,1012,20,-87,-33110,21840,6160,107.0
2920,1007,-4,-96,-25900,21980,6300,108.0
2933,1010,0,-86,-20160,21770,6370,108.0
2943,1018,17,-51,-14490,21630,6370,108.0
2956,1019,25,-4,-11060,21700,6650,108.0
2966,1080,-32,246,-3220,18690,6020,105.0
2979,1044,64,-101,4200,17710,7280,109.0
2992,1009,42,233,6860,17360,8330,109.0
3002,998,53,238,4760,14770,8820,109.0
3015,1032,76,58,-1330,12530,9870,109.0
3037,1032,152,135,350,9940,11830,108.0
3050,1137,180,161,-7000,9520,12600,108.0
3063,1063,299,11,-20230,10220,13440,111.0
3077,965,-76,33,-21210,10430,14700,111.0
3087,982,-111,-25,-19320,10080,15120,109.0
3100,1034,-82,-68,-15820,10290,15680,110.0
3113,1067,-113,-127,-7000,10990,15680,110.0
3123,1031,-120,-89,-3920,12320,15190,109.0
3136,1017,-147,-60,-2100,13370,14000,109.0
3146,1012,-111,-49,-1960,14560,12180,113.0
3159,1019,-80,-25,-6930,17640,7420,110.0
3172,1011,-92,-14,-11620,19250,4410,110.0
3182,1028,-28,17,-17850,21210,980,113.0
3195,1040,5,20,-24430,22680,-4410,113.0
3205,1040,33,34,-31710,24290,-6720,113.0
3218,1019,59,159,-47250,26530,-8400,114.0
3231,999,97,155,-56000,27230,-9590,114.0
3241,1004,202,210,-65380,28350,-10500,114.0
3254,1009,246,226,-83370,28070,-10150,114.0
3264,994,264,256,-92120,27580,-9170,117.0
3277,1001,266,300,-99750,26250,-7700,115.0
3290,1034,328,220,-105840,25270,-5600,115.0
3300,1094,424,198,-112840,24080,-2660,114.0
3313,1022,439,420,-119770,18620,5880,114.0
3323,950,360,417,-120260,14210,11340,119.0
3336,835,220,481,-121240,9870,15960,120.0
3349,1032,450,283,-119420,2380,28770,120.0
3359,1064,361,90,-117390,-1120,34930,120.0
3372,1095,123,53,-105980,-3150,41440,120.0
3382,1012,-13,-41,-96460,-5530,47460,120.0
3395,1015,-60,-84,-85120,-6650,53270,121.0
3408,1081,-75,-238,-57120,-8680,64190,121.0
3418,1141,-58,-336,-41790,-7980,69510,123.0
3431,1128,-176,-409,-26320,-6580,74410,125.0
3446,1111,-184,-358,210,-2310,80850,125.0
3456,1076,-179,-253,10500,-700,82460,127.0
3469,904,-377,23,18060,0,82460,127.0
3479,839,-384,176,22540,210,81060,128.0
3492,811,-405,279,25340,-1330,78750,131.0
3505,788,-413,387,27300,-7420,72240,131.0
3515,783,-426,367,27020,-10920,68600,129.0
3528,784,-488,338,26110,-14000,64540,129.0
3538,791,-484,297,24920,-16380,60620,133.0
3551,824,-458,237,23870,-19600,54180,131.0
3564,869,-357,73,21700,-19880,51800,131.0
3574,944,-272,22,20160,-19320,49840,134.0
3587,1035,-234,-19,18900,-18200,48370,134.0
3597,1025,-239,-40,17710,-16520,47740,136.0
3610,1025,-251,-67,15050,-11620,47600,140.0
3623,1055,-249,-142,13300,-8400,47460,140.0
3633,1054,-257,-148,10920,-4550,47110,138.0
3646,1052,-263,-137,8190,-560,45920,138.0
3656,1043,-277,-116,5040,3290,44800,142.0
3669,1011,-297,58,-1960,9310,43260,138.0
3682,942,-389,25,-8260,11200,41580,138.0
3692,843,-234,215,-14700,14350,39480,142.0
3705,939,-115,143,-23240,15330,37170,142.0
3715,1140,-422,343,-31780,12670,30240,142.0
3728,1198,11,7,-37660,11060,23660,146.0
3741,1391,-59,126,-37730,11270,18760,146.0
3751,1277,-41,80,-37520,11270,12530,142.0
3764,1245,-12,108,-40040,10360,-210,142.0
3774,1246,-34,79,-42630,10570,-6790,146.0
3787,1148,28,51,-45640,10920,-12600,144.0
3800,1122,27,45,-49070,11410,-23730,144.0
3810,1139,32,46,-52570,12180,-29260,148.0
3823,1161,0,72,-59220,13790,-34930,148.0
3833,1181,-40,93,-61950,14350,-40880,145.0
3846,1192,-33,99,-63420,14630,-47040,145.0
3856,1180,-30,77,-63560,14700,-52780,146.0
3869,1153,-33,83,-60830,15680,-63070,148.0
3882,1061,-5,89,-59080,16240,-67550,148.0
3892,1007,6,95,-58240,16590,-71750,153.0
3905,963,17,98,-58240,16660,-79310,153.0
3915,940,24,107,-58800,16660,-82600,151.0
3928,919,21,91,-58940,16380,-85470,151.0
3941,898,27,90,-58100,16520,-87780,151.0
3951,911,22,112,-56560,16730,-89810,151.0
3964,927,40,134,-54320,15540,-92680,151.0
3974,930,47,165,-51310,14070,-93240,147.0
3987,947,37,157,-41650,12600,-93450,152.0
4000,973,10,128,-34370,11200,-93450,152.0
4010,974,17,127,-26040,10220,-93380,149.0
4023,966,26,125,-7630,7910,-92470,149.0
4045,945,58,131,11480,4690,-90440,150.0
4059,933,55,125,19880,2940,-88060,150.0
4072,917,71,102,32830,-630,-86940,149.0
4085,870,110,92,37310,-2100,-85680,149.0
4095,855,109,87,40880,-3500,-84140,150.0
4108,846,100,71,44100,-5740,-81200,150.0
4121,844,117,37,49840,-6230,-79590,150.0
4131,850,115,23,53270,-6440,-77630,150.0
4144,885,101,0,57190,-6300,-75600,150.0
4154,899,91,8,61250,-5810,-73780,145.0
4167,922,103,27,70210,-5670,-69930,146.0
4180,973,95,28,74970,-5950,-67970,146.0
4190,971,100,28,79310,-6090,-66010,145.0
4203,992,116,22,83300,-6440,-61600,145.0
4213,993,93,30,86940,-6580,-59710,143.0
4226,984,92,16,93310,-7420,-57890,144.0
4239,1002,77,49,95620,-7630,-56140,144.0
4249,1000,81,55,97510,-8400,-54740,140.0
4262,1027,84,58,99050,-10220,-51940,140.0
4272,1031,67,63,100170,-11270,-50610,136.0
4285,1015,61,81,101220,-12320,-49350,138.0
4298,1003,29,89,100800,-13650,-48230,138.0
4308,980,61,119,99820,-15050,-47880,135.0
4321,977,134,88,97230,-17990,-44240,135.0
4331,983,68,20,95410,-17850,-42630,138.0
4344,940,140,117,93310,-18690,-41090,136.0
4357,944,95,100,90370,-20230,-36400,136.0
4367,937,110,136,86380,-21490,-35560,132.0
4380,972,210,36,73570,-23520,-34860,132.0
4390,1037,103,76,63490,-22610,-32900,130.0
4403,1054,186,108,51730,-22680,-31640,131.0
4416,1094,175,59,23450,-21770,-28840,131.0
4426,1070,206,111,8610,-22120,-27650,126.0
4439,1805,-8,344,7700,-24220,-16310,126.0
4449,1368,-871,770,28070,-7560,12670,125.0
4462,856,-413,-275,42000,-20230,13230,127.0
4475,1045,446,420,26880,-2520,37380,127.0
4485,1356,-435,137,34510,-2660,50540,125.0
4498,1164,-375,-9,38570,-3710,58660,125.0
4508,1367,28,447,36890,-350,68250,125.0
4521,844,372,-233,32690,1470,67340,122.0
4534,643,323,-149,35630,3220,64120,122.0
4544,872,-128,-298,37380,4620,60760,125.0
4557,1154,-70,-269,45710,11550,59640,125.0
4567,990,144,-366,53410,17850,57890,121.0
4580,967,63,-452,66780,29960,54110,117.0
4593,1035,60,-256,72170,35280,51940,117.0
4603,1020,57,-276,76160,40180,50190,120.0
4616,1008,107,-235,78470,43890,47040,120.0
4626,997,103,-174,77280,46270,45290,116.0
4639,993,60,-108,66500,46760,43050,116.0
4652,1019,77,-144,57750,46060,41020,116.0
4662,1007,66,-120,48160,45360,39200,114.0
4675,982,99,-32,36820,40460,35000,114.0
4685,1006,79,-10,23030,37240,33320,116.0
4698,964,109,24,-2730,34090,31920,114.0
4711,970,-69,61,-13720,30590,30800,114.0
4721,1071,254,129,-21700,26950,28910,112.0
4734,973,49,28,-34090,23030,27930,112.0
4744,961,-37,86,-35420,19740,27020,111.0
4757,1041,-9,193,-34930,18760,25830,114.0
4770,1019,-6,253,-32620,17360,23100,114.0
4780,1092,6,429,-25410,14700,22400,111.0
4793,1003,-2,268,7910,11060,22750,111.0
4803,995,296,92,5320,6650,21140,111.0
4816,936,146,224,-4130,2940,20440,109.0
4829,982,-75,269,1400,-2800,20510,109.0
4839,1002,-29,205,5670,-4690,20440,110.0
4852,989,168,53,2240,-6650,20160,110.0
4862,1004,17,123,0,-7560,20580,107.0
4875,1010,6,103,2100,-8750,21140,110.0
4888,996,90,67,3920,-10850,21630,110.0
4898,1001,76,95,3500,-11760,21840,110.0
4911,1007,73,107,4970,-12460,22470,110.0
4921,1046,85,125,6160,-13230,23520,107.0
4934,1103,-109,159,1960,-16870,23520,104.0
4947,1024,50,27,3150,-16940,23450,104.0
4957,1042,-342,-170,1400,-18200,23660,106.0
4970,1072,41,12,4970,-17640,21980,106.0
4980,1086,35,-108,5530,-16590,20090,108.0
4993,1123,165,-124,-7350,-10640,18130,109.0
5006,1015,-133,-343,-4550,-9730,17780,109.0
5016,990,-191,-154,-1260,-6300,16730,106.0
5029,1031,-19,-175,4620,-5180,14000,106.0
5061,1027,-67,-160,1330,5320,11970,106.0
5075,1020,-64,-172,3570,7140,11270,106.0
5088,1027,-56,-110,1610,11550,9660,109.0
5101,1044,-20,-107,280,13440,9030,109.0
5111,1030,-27,-69,0,14910,8470,110.0
5124,990,52,-45,-1470,15960,7490,110.0
5137,1190,95,106,-24850,21420,3080,110.0
5147,1089,150,59,-36890,22960,1330,109.0
5160,1073,-27,-66,-46970,27300,0,109.0
5170,1027,-58,-113,-50610,29470,-910,110.0
5183,1058,-72,-176,-52430,31710,-3780,112.0
5196,1079,-18,-159,-54880,36750,-4690,112.0
5206,1109,59,-74,-58310,39760,-5390,111.0
5219,1080,175,13,-63980,42280,-5740,111.0
5229,1049,216,127,-71610,44240,-5670,116.0
5242,1021,256,209,-88060,45080,-3430,115.0
5255,1008,345,304,-96110,43890,-1820,115.0
5265,1002,390,346,-102130,42000,1120,114.0
5278,998,409,390,-105210,38570,5810,114.0
5288,966,388,426,-105560,34300,11550,116.0
5301,965,475,441,-102340,24430,26670,120.0
5314,932,364,372,-100450,17850,32480,120.0
5324,860,287,423,-100800,14560,38640,119.0
5337,872,265,517,-101080,2730,48720,119.0
5347,1049,413,185,-99400,2100,55930,119.0
5360,1051,349,87,-99750,-2100,61600,123.0
5373,974,184,130,-98280,-3710,67340,123.0
5383,882,47,62,-93590,-6370,72310,125.0
5396,952,-162,-138,-78750,-8120,81270,125.0
5406,1101,-36,-267,-68040,-7910,85540,126.0
5419,1087,-136,-345,-54180,-7770,90370,127.0
5432,934,-406,-219,-39690,-7210,95200,127.0
5442,796,-576,-50,-25480,-7490,95060,130.0
5455,750,-649,156,1680,-12250,93520,130.0
5465,736,-666,227,13790,-16170,90860,131.0
5478,731,-704,255,24990,-20720,87850,133.0
5491,718,-738,275,35070,-29960,79940,133.0
5501,711,-790,253,44170,-33810,75110,136.0
5514,713,-781,183,57540,-36820,70070,136.0
5524,798,-708,143,61950,-38920,65170,135.0
5537,849,-627,100,65030,-40250,60620,135.0
5550,894,-554,58,67130,-40530,53130,135.0
5560,933,-480,21,66360,-39340,50400,136.0
5573,994,-373,-63,64470,-37380,48230,136.0
5583,1012,-350,-107,61320,-34370,46270,135.0
5596,1018,-326,-135,56700,-30380,43470,138.0
5609,1037,-276,-156,44800,-20580,42420,138.0
5619,1048,-263,-137,37730,-15330,41300,140.0
5632,1037,-254,-111,30170,-10290,39900,140.0
5642,968,-176,-72,21210,-5390,38710,143.0
5655,1062,-236,26,-2450,4270,36260,139.0
5668,1054,-105,-2,-13790,7980,35560,139.0
5678,999,-107,30,-26600,11480,33250,141.0
5691,1118,-29,93,-35560,12740,28910,141.0
5701,1097,55,-36,-38920,13370,24150,142.0
5714,1311,47,23,-42980,16730,16100,141.0
5727,1225,27,18,-41580,17850,10710,141.0
5737,1265,-14,35,-40040,18970,5670,140.0
5750,1278,-21,52,-39130,20930,-5740,140.0
5760,1253,-2,59,-39340,21420,-11550,143.0
5773,1274,-23,51,-42560,21770,-17500,143.0
5786,1266,-14,73,-44800,22400,-23660,143.0
5796,1253,-45,87,-47670,22540,-30100,141.0
5809,1237,-50,107,-54460,21980,-44030,141.0
5819,1215,-58,119,-57960,21350,-51170,140.0
5832,1151,-51,108,-60900,20650,-58100,145.0
5845,1112,-49,92,-63140,20230,-70560,145.0
5855,1071,-61,91,-64680,20090,-76440,145.0
5870,1006,-50,80,-65800,20300,-81900,145.0
5880,993,-56,73,-65520,20580,-86940,145.0
5893,983,-52,78,-64540,21070,-95970,142.0
5906,980,-39,87,-61740,21840,-99750,142.0
5916,983,-39,118,-59710,22050,-103110,144.0
5929,944,-17,132,-56910,21420,-105910,144.0
5939,933,-23,151,-53270,20370,-108220,146.0
5952,919,-18,145,-48650,17500,-111860,143.0
5965,905,3,157,-37240,16030,-112980,143.0
5975,881,10,152,-29890,14140,-113540,144.0
5988,830,2,173,-21630,12110,-113680,144.0
5998,791,-2,177,-12670,9450,-113750,141.0
6011,770,18,195,5880,2870,-113050,141.0
6024,771,54,182,15680,-840,-112000,141.0
6034,793,84,171,25970,-4480,-110250,141.0
6062,769,117,130,60550,-14210,-100590,142.0
6075,755,128,95,71330,-17220,-93100,139.0
6089,763,139,86,90300,-21770,-89180,135.0
6102,853,146,72,99960,-23870,-85120,135.0
6112,906,150,28,110320,-25550,-80570,135.0
6125,937,158,-1,120400,-26320,-71330,135.0
6135,980,158,-15,129220,-25830,-66990,134.0
6148,1069,186,-46,140700,-24500,-62580,129.0
6161,1085,186,-63,144550,-23030,-58240,129.0
6171,1107,200,-59,147560,-21420,-54040,128.0
6184,1131,151,-42,151550,-17920,-46690,128.0
6194,1139,172,-116,151690,-14980,-43610,126.0
6207,1075,143,-67,150290,-11900,-42000,124.0
6220,1112,169,-73,147980,-9450,-38150,124.0
6230,1172,101,-56,145390,-6790,-36890,123.0
6243,1256,210,-188,142520,-4060,-31780,123.0
6253,1908,-1138,812,148610,10570,-8190,122.0
6266,1275,30,12,149800,-2520,-13510,122.0
6279,927,452,-149,124670,9520,-13160,122.0
6289,704,326,103,108780,6650,-12180,121.0
6302,834,106,196,91910,5950,-17430,121.0
6312,846,461,176,69790,3780,-20650,122.0
6325,1569,19,57,48160,2310,-18550,123.0
6338,1386,-907,-83,29260,2940,-7840,123.0
6348,1112,-373,164,4760,6230,-7630,124.0
6361,1203,-200,284,-13720,7700,-4760,124.0
6371,1100,-179,-31,-27650,6860,-1960,125.0
6384,987,-158,231,-45220,4410,-70,123.0
6397,1133,-457,153,-63490,5670,4620,123.0
6407,1143,-596,107,-58730,3080,10780,125.0
6420,1021,-515,-13,-47390,1680,17990,125.0
6430,1277,-936,118,-38780,1120,26390,124.0
6443,1342,-906,285,-16940,1120,46690,119.0
6456,1296,-270,202,-16380,-70,53410,119.0
6466,584,635,-89,-16590,-3570,51800,116.0
6479,804,535,-137,-22330,-6790,46480,116.0
6489,1144,-165,67,-24500,-5250,45220,121.0
6502,1170,-304,-118,-13860,-5320,43750,119.0
6515,907,193,-144,-8680,-3220,41300,119.0
6525,996,28,-133,-3570,-1260,39130,116.0
6538,1106,-124,-48,3360,4830,35140,116.0
6548,1082,-89,-131,11130,7770,33600,117.0
6561,991,112,-82,24570,10710,32130,116.0
6574,1031,4,-68,27650,12390,30870,116.0
6584,1056,-21,-36,30870,13720,29540,115.0
6597,1032,44,-1,34230,14350,26950,115.0
6607,1010,65,-12,34720,14280,25760,113.0
6620,1024,12,27,35210,14000,24430,116.0
6633,1031,-5,26,35770,13510,21420,116.0
6643,1024,8,0,36680,13230,19950,114.0
6656,1016,30,-51,38500,13930,18550,114.0
6666,1031,-43,-30,39550,14630,17220,112.0
6679,1032,-37,-12,40600,14840,15400,111.0
6692,989,127,-87,34300,16030,12040,111.0
6702,1041,-2,-125,30380,14910,10850,112.0
6715,1017,78,-23,22470,13510,9590,112.0
6725,1011,100,-99,13020,12530,8050,110.0
6738,1006,92,-72,3220,11410,6930,111.0
6751,1020,78,-161,-20720,9030,5180,111.0
6761,1029,93,-126,-32620,8540,4480,109.0
6774,1033,76,-141,-44520,7980,4060,109.0
6784,1060,21,-151,-54180,7910,3570,110.0
6797,1034,113,-14,-59780,9660,1190,111.0
6810,1105,-218,463,-22960,14980,2310,111.0
6820,1079,-241,266,10570,18550,5320,110.0
6833,959,412,-199,16800,15820,5250,110.0
6843,926,535,110,3080,13930,5040,111.0
6856,1002,345,269,-22330,6160,4550,112.0
6869,907,370,29,-31640,2100,4690,112.0
6879,935,323,251,-37940,490,6020,113.0
6892,973,162,71,-40460,-2030,11830,113.0
6902,967,148,93,-38010,-3780,15470,111.0
6915,946,159,203,-25480,-5110,18970,113.0
6928,922,119,216,-17430,-5740,22680,113.0
6938,945,108,179,-10220,-7000,26040,113.0
6951,988,77,114,-3640,-9100,31710,113.0
6961,976,120,157,1820,-10780,33320,109.0
6974,994,193,25,1890,-12250,34790,109.0
6984,1276,-274,253,-840,-12950,36540,108.0
6997,1039,-363,21,-1960,-14490,35840,110.0
7010,993,213,-14,-6510,-14840,29680,110.0
7020,1079,274,95,-8400,-14560,29470,110.0
7033,1177,-48,138,-13860,-12460,28840,110.0
7043,1084,228,-267,-15190,-13650,29120,107.0
7069,929,-129,-123,-18900,-10220,25340,108.0
7083,1046,-154,-80,-16800,-8750,24220,108.0
7096,1137,-148,-381,630,-6440,26040,110.0
7109,1028,20,-5,6720,-3850,27090,110.0
7119,1014,55,-7,2100,-1540,27160,107.0
7132,1069,9,-153,-4200,1190,27440,112.0
7145,1129,24,-288,-4900,7560,28140,112.0
7155,1171,83,-290,-5180,11550,29190,111.0
7168,1129,9,-302,-5390,15750,30450,111.0
7178,1141,22,-325,-5950,20300,31290,111.0
7191,1166,53,-381,-6930,31430,32760,114.0
7204,1207,161,-466,-10500,38150,33670,114.0
7214,1232,182,-446,-14000,45570,34860,116.0
7227,1248,220,-424,-18970,52920,35630,116.0
7237,1202,202,-328,-26810,60480,35770,120.0
7250,1112,155,-162,-49350,72030,33950,121.0
7263,905,28,257,-62370,74410,32060,121.0
7273,811,-34,431,-74200,73990,30170,127.0
7286,739,14,535,-84840,70840,27790,127.0
7296,658,-405,891,-95130,66220,23100,126.0
7309,539,14,910,-103880,41580,20650,126.0
7319,482,-272,1114,-103740,29470,19950,129.0
7332,613,-218,959,-101220,16940,21350,132.0
7345,571,-276,849,-96740,-4620,21560,132.0
7355,703,77,765,-90160,-13510,27370,131.0
7368,1169,143,-95,-83160,-19110,32200,131.0
7378,1169,225,-60,-77420,-20090,36610,131.0
7391,1154,9,-258,-65870,-22190,44100,130.0
7404,1102,-18,-257,-40250,-21070,59150,130.0
7414,1121,19,-386,-26040,-20020,67480,135.0
7427,1279,112,-448,-12670,-17850,75110,135.0
7437,1235,70,-400,-560,-14700,81970,132.0
7450,1140,-56,-312,10500,-8750,92470,134.0
7463,1064,-319,-40,26810,-6720,94780,134.0
7473,961,-507,144,32830,-6300,94500,134.0
7486,687,-664,264,38080,-7560,92400,134.0
7496,666,-730,307,41790,-9800,88970,140.0
7509,685,-682,362,47810,-16310,79660,140.0
7522,812,-651,204,47530,-19320,74270,140.0
7532,958,-516,375,51870,-20930,68250,141.0
7545,803,-383,50,69370,-25970,52570,141.0
7555,1416,-245,27,84140,-27230,44940,145.0
7568,1297,-336,-142,104160,-31290,36260,146.0
7581,1151,-80,32,112070,-27720,30170,146.0
7591,1267,-190,146,114450,-26810,25690,144.0
7604,1174,-143,-77,115360,-24710,12950,144.0
7614,1165,-17,62,115780,-23940,9380,147.0
7627,1089,-32,-102,112770,-21490,4270,148.0
7640,1064,-78,-39,109130,-17920,-420,148.0
7650,1064,39,-115,104510,-15330,-4690,149.0
7663,1037,-9,-87,88340,-7980,-13510,149.0
7673,949,-77,-40,79100,-5600,-19110,149.0
7686,951,-5,-117,69020,-1890,-23380,148.0
7699,969,67,-45,58870,2100,-31570,148.0
7709,1002,98,-75,47250,4970,-35210,148.0
7722,1051,74,19,16590,10710,-39760,148.0
7732,1076,93,55,-1470,12390,-44730,147.0
7745,1051,71,95,-21560,13510,-49980,145.0
7758,1063,92,114,-63560,13160,-60130,145.0
7768,1070,92,135,-82600,12600,-64540,145.0
7781,1095,52,170,-98840,11410,-68530,145.0
7791,1097,13,221,-111790,10080,-72380,142.0
7804,1098,-33,218,-120820,7840,-76300,144.0
7817,1101,-43,294,-129710,2240,-84070,144.0
7827,1120,-23,291,-132230,-1540,-87430,141.0
7840,1121,4,343,-134120,-5250,-90300,141.0
7850,1130,-213,283,-134400,-9660,-93870,141.0
7863,1053,56,278,-130830,-16030,-98630,142.0
7876,989,-56,207,-117950,-18200,-99120,142.0
7886,967,-124,111,-106050,-19950,-100030,138.0
7899,928,-123,87,-89670,-20020,-100660,138.0
7909,924,-150,46,-70210,-19460,-100940,139.0
7922,935,-143,8,-22540,-16590,-99750,137.0
7935,960,-117,5,3080,-15050,-98420,137.0
7945,976,-100,7,27230,-14000,-96880,140.0
7958,970,-34,38,48510,-13510,-93030,140.0
7968,949,32,36,65030,-13790,-90650,139.0
7981,922,106,38,79940,-15470,-88060,139.0
7994,908,209,68,81340,-16310,-85190,139.0
8004,868,177,161,81480,-17990,-81620,140.0
8017,881,122,14,81060,-21140,-77700,140.0
8027,875,99,49,78750,-21840,-76650,142.0
8040,894,226,52,73010,-22820,-73920,141.0
8053,929,282,22,69580,-23170,-70840,141.0
8076,933,241,44,49490,-26390,-63140,141.0
8090,900,264,135,40040,-26320,-61180,141.0
8103,919,248,98,31150,-27510,-58730,139.0
8116,896,189,51,17780,-27090,-58240,139.0
8126,867,192,35,13230,-26180,-57820,141.0
8139,846,162,35,9240,-24850,-57400,137.0
8152,875,130,29,1820,-21350,-58030,137.0
8162,923,113,46,-1680,-19600,-58870,135.0
8175,1061,44,65,-4270,-17640,-59710,135.0
8185,1128,108,38,-4270,-16030,-60270,134.0
8198,1143,50,41,-3220,-13790,-59710,130.0
8211,1157,45,70,420,-11760,-59710,130.0
8221,1180,43,109,2100,-10500,-59220,131.0
8234,1105,63,100,3570,-9940,-58380,131.0
8244,1054,67,85,5040,-9170,-57120,131.0
8257,964,22,102,5950,-7630,-55160,129.0
8270,891,63,83,6720,-6580,-53690,129.0
8280,785,33,57,7490,-5740,-51940,132.0
8295,1687,396,-145,13930,2520,-20090,128.0
8308,1696,-53,580,133630,1330,-6160,128.0
8318,1059,324,-769,145110,2870,0,129.0
8331,1375,-621,295,144060,19880,22540,129.0
8341,1697,-843,982,148190,15680,42210,128.0
8354,1260,-790,-123,127470,25690,65450,126.0
8367,714,720,-323,106330,19040,70280,126.0
8377,632,629,-482,80010,11970,67690,127.0
8390,890,462,160,55860,11550,65450,127.0
8400,1062,38,-177,27090,4200,63350,124.0
8413,1074,-30,-190,-10920,-3710,61110,122.0
8426,951,260,-291,-25480,-5250,59010,122.0
8436,964,90,-249,-33600,-3990,56280,123.0
8449,1033,-1,-253,-36260,630,50680,123.0
8459,1028,57,-272,-34370,4620,48580,119.0
8472,1003,68,-254,-24220,8680,46550,118.0
8485,1025,8,-227,-17990,13090,44170,118.0
8495,1057,-26,-200,-11550,17220,41860,119.0
8508,1043,26,-188,-2380,23520,38220,119.0
8518,1012,81,-152,-1050,25200,36470,119.0
8531,1017,70,-56,-1470,25900,35000,114.0
8544,1010,74,-14,-3080,25760,31990,114.0
8554,992,75,19,-5250,24850,30240,114.0
8567,1005,55,62,-8680,22050,28700,114.0
8577,1022,40,93,-8540,20790,27370,114.0
8590,998,84,110,-7420,19460,26180,115.0
8603,977,117,78,-5530,17710,24640,115.0
8613,978,126,64,-3010,17150,24010,113.0
8626,1035,47,98,2590,16520,23590,113.0
8636,1013,87,95,5670,15890,23310,116.0
8649,1000,122,96,8120,14980,23030,112.0
8662,1003,107,55,11690,13440,22820,112.0
8672,1012,101,55,13160,13160,22890,112.0
8685,1041,115,85,13930,12950,22680,112.0
8695,1028,61,167,11550,12250,22680,112.0
8708,1044,108,-133,1470,8050,20860,112.0
8718,987,132,204,-3010,5950,20020,112.0
8731,1032,23,93,2450,4830,19040,111.0
8744,1023,132,61,4060,3640,18130,111.0
8754,1045,31,-17,70,2310,17640,110.0
8767,1007,58,88,70,1960,16730,110.0
8777,1006,68,16,1820,2520,16800,112.0
8790,1022,95,10,-70,2100,16590,111.0
8803,1012,60,69,-1470,2030,16310,111.0
8813,1009,42,76,-490,1750,16100,109.0
8826,1011,52,34,770,1050,15890,109.0
8836,1006,88,38,0,630,15820,108.0
8849,1016,65,45,140,560,15960,108.0
8862,1008,88,48,490,0,16450,108.0
8872,1010,80,36,420,-210,16800,111.0
8885,1015,59,50,770,-700,17010,111.0
8895,998,74,84,1120,-1120,17290,107.0
8908,996,82,96,1400,-1960,17570,108.0
8921,1003,67,80,2380,-3780,18620,108.0
8931,995,81,83,2660,-4690,19040,105.0
8944,998,88,60,2800,-5530,19600,105.0
8954,1053,34,98,2940,-5880,20300,111.0
8967,1063,-170,28,770,-6370,19880,108.0
8980,1045,56,23,910,-6580,18900,108.0
8990,1023,-88,19,70,-6160,17850,111.0
9003,1029,-55,-39,-140,-6090,16240,111.0
9013,1054,-74,-75,-560,-5110,14420,108.0
9026,1067,22,-121,-1610,-1050,12670,108.0
9039,1087,15,-120,-5740,1190,11340,108.0
9049,1145,-111,-348,-6370,3850,10710,108.0
9062,1166,-103,-367,-1820,7840,10710,108.0
9084,1187,103,-319,-5110,23940,9310,110.0
9097,1188,165,-361,-9800,30170,9170,110.0
9111,1161,147,-268,-15330,36540,9800,110.0
9124,1143,205,-142,-26600,46480,10570,110.0
9134,1141,267,-58,-33810,50470,11270,111.0
9147,1085,293,35,-41790,53060,12110,114.0
9160,1028,287,159,-50120,55230,15190,114.0
9170,978,271,283,-57610,53270,17920,113.0
9183,887,272,531,-66430,49350,21000,113.0
9193,828,238,625,-67900,43610,24640,116.0
9206,817,265,682,-66850,35980,29540,116.0
9219,837,276,652,-62370,19880,40670,116.0
9229,838,206,655,-60270,11690,44520,122.0
9242,856,90,503,-59220,6160,47740,122.0
9252,982,427,330,-58170,560,52780,121.0
9265,1070,319,149,-54320,-5040,64890,124.0
9278,1062,137,126,-51380,-7700,70070,124.0
9288,1006,59,205,-49210,-8050,74550,126.0
9301,954,15,54,-45920,-10010,78610,126.0
9311,1080,38,-139,-42350,-10220,82600,126.0
9324,1145,119,-194,-34580,-6790,89390,131.0
9337,1041,-87,-190,-29120,-4760,92890,131.0
9347,962,-236,-115,-23450,-2940,95130,133.0
9360,904,-327,-12,-18060,-1820,95900,133.0
9370,846,-437,69,-12810,-1820,92750,138.0
9383,791,-520,265,-5040,-4760,88830,138.0
9396,712,-602,361,-2590,-7280,84210,138.0
9406,704,-623,425,2660,-11620,78400,138.0
9419,644,-368,264,18340,-23520,60060,138.0
9429,1126,-378,268,30030,-27650,51590,137.0
9442,1072,-541,-54,62160,-35490,42140,140.0
9455,1112,-220,227,86730,-33810,34230,140.0
9465,1188,-291,-10,104930,-35070,27650,138.0
9478,1142,-301,-78,132020,-30520,15820,138.0
9488,714,115,-46,134260,-30870,12250,143.0
9501,1225,-212,3,133980,-24990,6790,143.0
9514,995,-16,-179,132230,-23380,-3780,143.0
9524,891,185,-227,127820,-18690,-5810,143.0
9537,934,-64,-235,114170,-5880,-9730,143.0
9547,895,44,-148,103040,490,-15190,142.0
9560,963,10,-159,92050,4760,-21070,139.0
9573,982,220,-125,81130,11760,-27790,139.0
9583,1469,-109,539,62860,8890,-24780,140.0
9596,873,114,-11,-68320,16870,-21700,140.0
9606,1013,-46,-61,-84210,16870,-25690,141.0
9619,1056,123,-49,-90860,18690,-29330,143.0
9632,1002,52,60,-99400,21980,-33250,143.0
9642,1012,-5,-69,-104090,24150,-36820,144.0
9655,993,31,102,-108290,23100,-40600,144.0
9665,1030,-6,187,-112420,21350,-43960,140.0
9678,1084,-36,256,-115990,13860,-52150,141.0
9691,1151,-105,288,-115500,9170,-56630,141.0
9701,1165,-66,333,-111860,3850,-60900,138.0
9714,1100,-14,355,-107030,-2380,-64470,138.0
9724,1084,-138,343,-100800,-8820,-67410,140.0
9737,1044,-126,309,-81270,-19880,-75180,138.0
9750,939,-114,172,-69230,-23380,-78680,138.0
9760,959,-117,122,-55440,-25760,-81340,135.0
9773,995,-128,97,-39340,-26950,-85050,135.0
9783,1001,-115,78,-21840,-27580,-86380,136.0
9796,986,-81,44,10640,-27860,-87150,136.0
9809,959,-7,49,23310,-27790,-87500,136.0
9819,934,40,61,33180,-27930,-87500,140.0
9832,901,49,65,39970,-29120,-87150,140.0
9842,885,84,65,44100,-29890,-86660,139.0
9855,894,180,50,46270,-30240,-85260,140.0
9868,888,195,38,45710,-30520,-83160,140.0
9878,871,183,41,44940,-30590,-80780,137.0
9891,856,180,-8,42420,-29190,-77000,137.0
9901,869,150,-130,39480,-25900,-75460,138.0
9914,891,173,-24,36400,-25620,-73990,135.0
9927,916,200,-23,33390,-23940,-70980,135.0
9937,953,229,40,30170,-22330,-69230,137.0
9950,1000,223,85,23170,-20230,-67340,137.0
9960,1018,214,76,19530,-20300,-66010,134.0
9973,1041,216,78,15960,-20090,-64610,138.0
9986,1026,213,80,13090,-19600,-61670,138.0
9996,1012,209,51,11830,-18690,-60060,133.0
10009,953,149,24,14070,-17780,-58660,133.0
10019,911,139,-1,17500,-16240,-57470,134.0
10032,886,128,-19,21560,-14350,-56350,130.0
10045,871,123,1,30240,-10500,-54460,130.0
10055,870,127,25,33880,-9240,-53620,134.0
10068,948,107,51,36120,-8260,-53130,134.0
10099,1107,148,102,35000,-7840,-52990,126.0
10112,1134,176,104,29610,-7910,-51170,126.0
10126,1072,106,146,26460,-8050,-50610,126.0
10139,1039,129,105,22890,-9450,-50470,126.0
10149,1343,444,-75,20720,-8820,-40530,125.0
10162,1813,-421,247,65940,-6370,-24010,125.0
10175,731,-339,-61,84910,-4270,-18060,125.0
10185,1022,322,-65,90510,-2240,-14560,127.0
10198,1129,-447,14,87710,2870,5040,127.0
10208,1516,-436,366,87290,5390,15190,125.0
10221,1303,-570,57,84910,8400,25970,127.0
10234,1295,-455,230,76930,10010,48230,127.0
10244,1257,-581,116,67340,10780,58100,123.0
10257,1243,-629,68,54530,11970,66710,123.0
10267,1234,-151,-415,38990,7910,65100,124.0
10280,722,444,-241,23030,5880,62930,118.0
10293,992,149,-14,7420,630,58730,118.0
10303,1244,-241,-147,-4690,1120,57260,121.0
10316,984,96,-291,-14210,-700,54530,121.0
10326,989,53,-93,-14280,1120,51730,118.0
10339,1063,-80,-41,-13860,2030,48440,118.0
10352,1074,-106,-195,-5460,5670,42700,118.0
10362,1019,25,-147,-910,7980,40040,116.0
10375,1046,-32,-185,3990,10780,37520,116.0
10385,1051,-1,-128,9380,13790,35280,116.0
10398,1029,55,-161,12950,16030,32200,115.0
10411,1003,89,-92,15330,19250,30800,115.0
10421,1000,93,-94,13230,19460,29750,114.0
10434,1007,116,-87,10360,19390,29050,114.0
10444,992,137,-25,6650,18970,28350,114.0
10457,983,124,0,-2450,15960,27020,113.0
10470,1006,89,28,-5740,14490,26180,113.0
10480,1027,62,31,-8400,13020,25410,113.0
10493,988,39,69,-9310,11760,24780,113.0
10503,995,95,69,-9590,10290,23590,113.0
10516,976,3,85,-8330,7140,21000,115.0
10529,1018,53,14,-6230,7140,20440,115.0
10539,1022,14,-30,-1820,7000,20230,111.0
10552,1043,33,26,4200,8960,19530,111.0
10562,1002,83,-7,9240,10290,19180,111.0
10575,996,46,-119,15050,11270,19250,112.0
10588,1056,-4,-138,16100,12810,19250,112.0
10598,1038,58,-98,15330,14350,18760,113.0
10611,1019,91,-125,6230,15750,18060,113.0
10621,1011,124,-140,490,16310,18480,111.0
10634,1001,149,-100,-5320,16590,19250,109.0
10647,1000,144,-96,-10080,17080,20860,109.0
10657,1004,145,-40,-13650,17710,21840,109.0
10670,1114,163,193,-10500,17780,22820,109.0
10680,1020,-36,175,-140,17640,24710,110.0
10693,954,285,124,70,14980,25410,110.0
10708,930,262,317,-6160,8610,28980,110.0
10718,927,166,263,-2450,5180,31570,106.0
10731,1202,-128,390,-280,2240,34510,107.0
10744,1046,111,83,-4970,-3780,33040,107.0
10754,1011,273,152,-9590,-5950,33460,110.0
10767,1085,-90,62,-10150,-7000,32690,110.0
10777,1063,415,395,-16660,-5810,29260,107.0
10790,1180,441,-135,-27370,-7000,29260,108.0
10803,1058,-5,-27,-44800,-2940,27650,108.0
10813,907,-157,193,-44310,-4060,26460,110.0
10826,1017,-211,-54,-39620,-3780,25480,110.0
10836,1086,-152,-285,-29190,-4900,26250,110.0
10849,1068,-188,-228,-17500,-4270,29120,110.0
10859,1024,-219,-173,-4200,-4480,30520,111.0
10872,1009,-195,-46,14490,-3780,31150,111.0
10885,1026,-21,-29,17220,-3080,31290,111.0
10895,1040,55,10,14980,-1680,30870,113.0
10908,1042,74,10,8960,2240,28700,113.0
10918,1056,63,-2,-7420,4830,27510,109.0
10931,1053,-7,-69,-14490,7490,26600,115.0
10944,1078,-8,-133,-20160,10570,25760,115.0
10954,1128,19,-233,-23870,14070,25480,114.0
10967,1148,27,-291,-27510,22890,26110,114.0
10977,1138,7,-280,-29050,27580,26600,116.0
10990,1133,20,-266,-31290,32270,26950,119.0
11003,1160,55,-287,-34860,37380,27160,119.0
11013,1179,116,-286,-39760,42910,27160,119.0
11026,1171,154,-164,-54110,53970,27020,119.0
11036,1137,145,-94,-63070,58310,26950,121.0
11049,1059,147,21,-74270,61740,26670,124.0
11062,999,125,183,-96740,64120,25480,124.0
11072,866,26,358,-105910,61040,25060,128.0
11101,715,-7,754,-127890,44170,23240,130.0
11114,705,-40,625,-130760,36540,22960,130.0
11128,732,50,605,-132860,27510,20090,132.0
11141,764,37,511,-128870,9870,18620,132.0
11151,743,-214,483,-120960,2870,21840,130.0
11164,956,-684,363,-123830,-1190,28840,130.0
11174,716,-434,303,-123480,-70,36050,131.0
11187,890,69,-123,-99680,-8960,42980,131.0
11200,1213,12,-254,-86030,-9730,49350,131.0
11210,1058,-100,-253,-70910,-10430,56420,133.0
11223,995,-291,-148,-54530,-12040,62370,133.0
11233,970,-337,-157,-36890,-13650,73710,137.0
11246,1038,-299,-254,-4480,-15400,77770,134.0
11259,1054,-329,-210,9660,-15120,80920,134.0
11269,909,-540,-54,21980,-14980,82040,135.0
11282,750,-727,108,32550,-17430,78680,135.0
11292,674,-811,221,40670,-19810,74830,141.0
11305,685,-730,309,50820,-23030,70350,144.0
11318,773,-704,276,53410,-26320,65310,144.0
11328,820,-664,253,54250,-28980,59990,142.0
11341,804,-639,245,53550,-32830,49420,142.0
11351,778,-653,221,51380,-33880,44660,140.0
11364,833,-590,177,47880,-34160,40390,144.0
11377,885,-514,151,44240,-34090,32830,144.0
11387,936,-434,91,41510,-33950,29190,143.0
11400,992,-365,-11,40950,-31990,25620,143.0
11410,1057,-302,-61,41020,-29820,22610,146.0
11423,1146,-179,-91,43470,-26600,20020,143.0
11436,1181,-116,-124,47740,-18200,16450,143.0
11446,1183,-78,-135,47180,-13160,14980,146.0
11459,821,121,6,42560,-7910,13510,146.0
11469,1472,-136,-185,24920,-7350,13370,144.0
11482,1204,-42,-46,-5950,490,12320,146.0
11495,1094,69,14,-5040,4830,6720,146.0
11505,1164,175,-104,-4270,10850,6090,146.0
11518,1212,13,0,-4620,15330,3150,146.0
11528,1273,102,-56,-4830,17780,-420,144.0
11541,1293,43,88,-5320,21070,-6720,144.0
11554,1302,44,66,-6930,23940,-10780,144.0
11564,1283,50,142,-8890,25060,-15050,147.0
11577,1239,44,74,-12320,24780,-19670,147.0
11587,1235,28,158,-16730,25130,-24500,143.0
11600,1252,-6,194,-26670,22400,-36120,146.0
11613,1260,-55,250,-31220,20580,-42490,146.0
11623,1238,-79,250,-34370,17640,-49280,147.0
11636,1200,-95,230,-35840,14490,-56210,147.0
11646,1144,-104,232,-35700,11620,-69510,146.0
11659,1076,-86,190,-31710,6650,-75460,150.0
11672,957,-78,161,-28700,4550,-80990,150.0
11682,927,-70,144,-25200,2940,-85960,146.0
11695,907,-77,132,-20790,420,-94430,146.0
11705,899,-69,104,-15610,-210,-97930,147.0
11718,896,-73,73,-3780,-700,-101150,149.0
11731,886,-68,63,2380,-840,-104090,149.0
11741,858,-53,82,8260,-1050,-106680,146.0
11754,839,-23,74,19670,-2660,-109900,146.0
11764,817,-21,70,24010,-3640,-111160,148.0
11777,759,0,93,27230,-5250,-112490,146.0
11790,752,4,126,29540,-7070,-114030,146.0
11800,755,4,141,31990,-9660,-114310,146.0
11813,755,8,132,38990,-15820,-114100,146.0
11823,747,20,86,43330,-18760,-113540,143.0
11836,769,46,60,47810,-20860,-112350,142.0
11849,782,62,45,52430,-23800,-108780,142.0
11859,800,79,20,56630,-24640,-106610,140.0
11872,802,66,24,60900,-25480,-104650,140.0
11882,849,110,45,61880,-26530,-102830,138.0
11895,894,68,60,62650,-27650,-100870,138.0
11908,959,105,63,65310,-30100,-96250,138.0
11918,1018,144,34,67550,-30380,-92680,140.0
11931,1080,205,-20,69930,-30240,-88340,140.0
11941,1102,195,-24,71960,-29050,-83580,130.0
11954,1124,153,-29,73430,-27580,-75320,134.0
11967,1117,217,-2,75040,-24080,-71260,134.0
11977,1075,186,-162,73990,-22400,-67130,131.0
11990,1068,172,50,71820,-17990,-63420,131.0
12000,1101,180,-25,69720,-17150,-60270,130.0
12013,1077,246,-43,63140,-12320,-52780,127.0
12026,1427,604,-283,59080,-11760,-50120,127.0
12036,1695,-410,516,61110,-6650,-34790,130.0
12049,1289,-884,433,72450,4130,-14350,130.0
12059,882,-304,-349,78750,-980,-10360,127.0
12072,832,841,168,58940,10010,-2520,129.0
12096,1184,-297,370,53200,15400,10010,128.0
12110,1192,-362,219,24780,18060,28840,128.0
12120,1372,-792,284,16170,20650,40390,129.0
12133,1332,-1032,123,6160,22120,51800,127.0
12146,1314,-1210,80,2100,23800,73150,127.0
12156,1308,-522,119,2030,21560,70910,122.0
12169,808,585,-231,-25970,16730,65940,122.0
12179,642,180,344,-41790,15400,64610,124.0
12192,1256,-329,117,-53830,8680,63000,123.0
12205,904,-68,101,-55160,3920,57190,123.0
12215,1074,58,147,-52990,1960,54880,120.0
12228,1036,-174,272,-46620,980,51730,120.0
12238,1024,-90,258,-38430,-770,48440,120.0
12251,992,-71,139,-29400,-1890,43190,117.0
12264,1046,-93,138,-6580,-770,40880,117.0
12274,1068,-115,70,3920,210,38850,116.0
12287,1009,7,67,13230,1190,36890,116.0
12297,1002,31,45,19110,1890,35420,113.0
12310,1022,7,20,22820,2660,33320,114.0
12323,1024,58,41,24990,2170,32690,114.0
12333,1022,97,25,24220,1750,32270,116.0
12346,980,95,98,22750,1050,32130,116.0
12356,999,98,76,20370,-490,31850,117.0
12369,1041,31,17,17850,-1680,31780,114.0
12382,1024,63,12,17920,-1470,31850,114.0
12392,1047,-3,28,19320,-1050,31710,112.0
12405,1035,-72,-33,20020,-280,29750,112.0
12415,941,156,-123,14630,-140,29120,111.0
12428,1094,156,4,-5180,210,29050,112.0
12441,1243,-542,386,-2380,1610,28070,112.0
12451,1062,-215,-167,2240,-560,24430,109.0
12464,1002,93,-52,3640,770,19110,109.0
12474,1035,-179,49,2940,630,16310,109.0
12487,1065,-208,-64,2380,1470,12040,109.0
12500,1059,-123,-185,1960,3080,8470,109.0
12510,1038,-81,-61,1820,5600,6090,110.0
12523,1041,-150,-20,490,7770,140,110.0
12533,1052,-200,-36,2030,8680,-2800,112.0
12546,1053,-78,-55,4270,8750,-4900,111.0
12559,1028,-17,25,5320,9240,-7560,111.0
12569,1000,-13,89,4340,8680,-8470,111.0
12582,1001,4,128,3710,7980,-8960,111.0
12592,988,53,178,3430,6650,-9170,110.0
12605,979,53,146,2660,4830,-9100,111.0
12618,995,80,103,2870,2520,-7280,111.0
12628,994,123,124,2310,1400,-6020,110.0
12641,993,117,151,1610,630,-4900,110.0
12651,999,113,55,1540,-910,-3290,109.0
12664,998,144,96,1400,-1680,-630,113.0
12677,988,91,71,1120,-3500,630,113.0
12687,1007,65,21,2170,-4130,1960,112.0
12700,1028,108,8,1610,-4270,3010,112.0
12710,1017,70,36,1330,-3990,4270,110.0
12723,1027,110,10,1680,-3430,6720,112.0
12736,1029,152,38,350,-3080,7840,112.0
12746,1025,50,10,-840,-3290,8820,111.0
12759,1014,41,62,-140,-3220,9800,111.0
12769,982,75,119,490,-3640,10360,112.0
12782,991,53,98,-630,-5250,10780,111.0
12795,1014,37,57,-70,-5810,11060,111.0
12805,1023,99,35,70,-6160,11340,110.0
12818,1035,113,2,-700,-5950,12390,110.0
12828,1044,45,10,-2100,-5390,12390,110.0
12841,1041,285,186,-7560,-3570,11760,111.0
12854,1086,361,48,-20090,-2240,10570,111.0
12864,1085,192,-46,-30940,-770,10570,111.0
12877,1026,83,27,-43540,2800,10360,111.0
12887,1041,77,-75,-44450,4480,11060,111.0
12900,1111,57,-214,-42840,6510,12530,113.0
12913,1151,104,-290,-40250,9450,14280,113.0
12923,1162,141,-323,-37380,13160,16310,111.0
12936,1158,101,-324,-36400,23030,19670,111.0
12946,1168,133,-239,-40600,28560,20300,112.0
12959,1187,295,-202,-48020,34090,20790,115.0
12972,1179,331,-115,-58450,44170,21000,115.0
12982,1171,345,-53,-71400,48090,21280,119.0
12995,1113,319,109,-98210,50890,21700,119.0
13005,1073,287,156,-111510,52640,22610,123.0
13018,842,129,370,-122780,53690,21910,124.0
13031,718,297,456,-137760,42000,18550,124.0
13041,802,390,307,-138670,36120,16520,123.0
13054,1092,369,526,-134960,30310,15050,123.0
13064,1243,243,259,-127820,21070,13930,130.0
13077,1068,230,512,-112350,17360,13440,134.0
13105,1048,69,236,1190,4760,14770,138.0
13118,1018,249,315,64050,-560,15190,141.0
13134,1012,326,222,79380,-4060,15400,141.0
13144,969,320,199,85890,-6160,15120,142.0
13157,761,358,291,79100,-9170,12460,145.0
13170,882,256,102,74340,-11340,11690,145.0
13180,812,328,102,68180,-11970,10290,144.0
13193,774,198,92,61180,-12110,7700,144.0
13203,756,217,102,54320,-11900,5740,149.0
13216,755,114,64,39410,-11760,3290,148.0
13229,820,68,103,32480,-11620,560,148.0
13239,875,4,132,25830,-12110,-3080,149.0
13252,928,-32,146,17430,-14630,-11270,149.0
13262,957,-30,165,15680,-16310,-15050,150.0
13275,983,-95,144,15680,-18270,-18830,150.0
13288,997,-105,135,16450,-20020,-26740,150.0
13298,1008,-119,146,17570,-21490,-30590,145.0
13311,1045,-119,99,22540,-24220,-34160,145.0
13321,1069,-107,90,25340,-24920,-37380,148.0
13334,1085,-75,77,27580,-25620,-40320,146.0
13347,1100,-68,91,28840,-26880,-45430,146.0
13357,1118,-57,97,29470,-27790,-47670,138.0
13370,1118,-11,81,30380,-28490,-49420,138.0
13380,1081,10,27,31010,-28980,-50470,148.0
13393,1042,32,-14,31290,-28420,-50960,144.0
13406,1009,58,-45,30310,-24920,-50610,144.0
13416,976,59,-83,29540,-22050,-50050,145.0
13429,926,63,-124,28700,-18690,-49420,145.0
13439,924,62,-116,27650,-15050,-48930,147.0
13452,930,58,-129,26180,-11480,-47880,148.0
13465,953,91,-66,22680,-4690,-46970,148.0
13475,954,105,-86,20650,-2240,-45850,147.0
13488,957,125,-115,18270,630,-44730,147.0
13498,961,273,-92,15190,4130,-42560,147.0
13511,977,226,-147,4760,10290,-36890,148.0
13524,1041,158,-28,-1400,8120,-37520,148.0
13534,1000,155,90,-9310,9800,-37310,150.0
13547,1006,169,128,-17430,8890,-36680,150.0
13557,1072,148,60,-25760,7000,-36400,146.0
13570,1058,163,79,-39410,2940,-35070,151.0
13583,1124,143,166,-43610,1890,-33670,151.0
13593,1149,124,144,-45990,-630,-32620,151.0
13606,1124,100,160,-47600,-5180,-32200,151.0
13616,1086,116,155,-48860,-7560,-32270,148.0
13629,1066,76,177,-52290,-9520,-33390,152.0
13642,1074,85,132,-54390,-12180,-34790,152.0
13652,1103,50,152,-56350,-14070,-35910,153.0
13665,1141,2,153,-52640,-17920,-39480,153.0
13675,1109,39,103,-47320,-18830,-39970,153.0
13688,1019,22,11,-40460,-19530,-39690,157.0
13701,926,42,25,-32060,-18620,-40040,157.0
13711,863,47,-26,-23730,-17780,-40040,160.0
13724,826,63,-55,-7420,-13720,-39760,160.0
13734,809,47,-24,490,-11410,-39760,164.0
13747,834,70,2,7980,-10010,-39690,158.0
13760,902,126,28,15050,-8960,-38290,158.0
13770,944,138,88,21280,-10010,-37240,160.0
13783,954,212,138,28770,-12390,-36050,160.0
13793,937,251,110,30240,-14490,-34370,160.0
13806,902,271,114,31290,-16240,-32060,160.0
13819,866,266,99,33390,-19320,-27020,160.0
13829,846,266,43,34790,-19600,-24640,162.0
13842,859,225,44,36260,-19530,-22610,162.0
13852,904,322,32,37660,-19740,-21070,161.0
13865,932,348,24,38710,-19600,-15540,159.0
13878,947,400,57,36540,-19040,-13090,159.0
13888,926,400,31,32550,-18970,-10640,156.0
13901,889,432,39,27580,-18270,-8190,156.0
13911,871,421,43,22330,-17430,-6300,154.0
13924,857,437,16,11760,-14560,-4060,151.0
13937,793,424,29,5530,-12390,-3710,151.0
13947,759,421,30,-1890,-10360,-4060,149.0
13960,726,418,12,-11830,-8190,-5390,149.0
13970,710,448,58,-24570,-5670,-6930,148.0
13983,712,454,50,-54530,-1260,-9800,142.0
13996,675,396,71,-70980,910,-11550,142.0
14006,692,393,44,-87850,2870,-14140,137.0
14019,1356,1210,-720,-98560,-700,14770,137.0
14029,1996,-1579,-336,-17920,26250,54810,136.0
14042,998,-584,-1037,103320,23800,71540,132.0
14055,315,1367,-258,141470,22540,77840,132.0
14065,-223,680,795,136290,31290,73850,128.0
14078,235,729,-357,77000,23800,47810,128.0
14111,773,612,-705,73640,27300,48510,126.0
14124,590,466,-662,66850,30450,42210,126.0
14137,1025,-149,-171,42770,34650,40180,125.0
14151,1121,-58,-376,33320,36960,37940,125.0
14161,913,316,-282,21910,38290,35490,123.0
14174,899,343,-118,-21560,32480,30520,125.0
14187,1173,354,346,-31360,27650,28700,125.0
14197,798,992,359,-32760,25270,22890,126.0
14210,806,649,-182,-64470,13020,17990,126.0
14220,983,669,162,-92610,2450,14420,126.0
14233,787,639,108,-143640,-15750,11340,125.0
14246,853,368,256,-156310,-22960,9100,125.0
14256,947,280,76,-168280,-30240,7070,127.0
14269,974,145,-43,-174860,-37100,4480,127.0
14279,894,147,259,-174720,-41160,4200,125.0
14292,866,47,134,-171780,-43120,4060,125.0
14305,937,42,195,-164710,-44590,4130,125.0
14315,976,56,58,-156520,-46760,5950,124.0
14328,948,0,148,-128800,-45150,11550,124.0
14338,917,-18,215,-111860,-44380,14630,123.0
14351,1181,-103,-37,-89600,-42070,19390,121.0
14364,1273,-763,191,-55580,-34650,37520,121.0
14374,1098,-213,364,-7490,-25690,39900,122.0
14387,953,507,-378,25340,-16380,38710,122.0
14397,954,546,-47,32200,-9800,37730,118.0
14410,1194,-263,-69,45850,-4060,38850,118.0
14423,1091,84,-283,62230,9730,37940,118.0
14433,1026,48,-42,80500,14910,36960,116.0
14446,1098,43,-324,87780,17920,35630,116.0
14456,1032,208,-364,68740,18550,34230,114.0
14469,1045,275,-539,29330,14910,32200,116.0
14482,1038,348,-238,-16730,14000,26460,116.0
14492,1029,-253,459,700,14210,25900,115.0
14505,1059,24,-13,15960,14420,25480,115.0
14515,995,166,74,14770,13720,24290,116.0
14528,988,88,179,7980,9240,20720,116.0
14541,1015,35,116,6370,7490,19530,116.0
14551,1006,74,168,6020,6230,18480,115.0
14564,972,69,139,4970,4340,17430,115.0
14574,974,89,150,3640,2800,16310,115.0
14587,981,89,136,560,-560,14840,114.0
14600,961,95,158,-630,-2170,14280,114.0
14610,977,90,131,-1190,-3780,14000,113.0
14623,984,75,111,-700,-4830,14490,113.0
14633,1004,56,97,770,-5530,15050,114.0
14646,1019,55,61,5110,-5740,15820,114.0
14659,1022,36,50,7420,-5740,16520,114.0
14669,1024,47,42,10150,-5600,17290,114.0
14682,1036,90,19,12810,-4760,19250,114.0
14692,1026,140,-30,14000,-3990,20300,113.0
14705,989,140,63,12460,-4060,20930,113.0
14718,1001,132,38,10990,-4340,21280,113.0
14728,1019,114,36,9030,-4620,21420,111.0
14741,1005,128,34,3500,-5670,21350,111.0
14751,998,132,41,2030,-5880,21840,108.0
14764,1085,-258,-26,980,-5880,22470,112.0
14777,1025,122,34,4130,-6510,21630,112.0
14787,1018,122,111,2170,-6300,20510,111.0
14800,1060,-109,13,-210,-5670,19110,111.0
14810,1028,-26,-21,910,-5810,18200,110.0
14823,1050,-27,-10,700,-5110,17150,111.0
14836,1040,-55,-20,700,-3360,14700,111.0
14846,1026,-70,-16,1050,-2450,13370,111.0
14859,1040,-61,-65,1680,-1470,12180,111.0
14869,1048,-89,-124,3780,-630,11270,109.0
14882,1073,-147,-137,7980,490,11060,110.0
14895,1105,-130,-214,24220,2730,12810,110.0
14905,1112,30,-202,28140,4830,13930,111.0
14918,1096,181,-56,24780,7560,14210,111.0
14928,1120,294,-28,14910,11550,13650,111.0
14941,1139,337,-49,1050,20720,12250,113.0
14954,1139,182,-124,-25130,25340,11970,113.0
14964,1123,94,-145,-32480,29540,12180,109.0
14977,1086,-2,-165,-34650,32760,12810,109.0
14987,1055,-38,-153,-31850,34930,13720,113.0
15000,1061,-30,-77,-24990,36820,14770,118.0
15013,1034,101,118,-26390,37100,14630,118.0
15023,1010,124,197,-31290,36960,14350,119.0
15036,981,152,267,-38080,36540,13790,119.0
15046,957,183,337,-45850,35700,14070,120.0
15059,933,216,536,-60690,31010,14770,121.0
15072,825,131,607,-66710,26600,15960,121.0
15082,858,134,572,-71260,21280,17360,123.0
15110,998,214,285,-73780,7700,27230,124.0
15123,935,153,311,-70770,840,37520,127.0
15136,921,129,99,-60060,-1680,43190,127.0
15150,1125,230,46,-54740,-3500,48650,127.0
15160,1142,208,11,-47740,-5670,54530,130.0
15173,1062,120,59,-32480,-9730,65800,130.0
15183,963,28,123,-23660,-11970,71050,128.0
15196,988,-58,34,-14910,-13650,75810,131.0
15209,1007,-89,18,-6020,-15330,82740,131.0
15219,981,-176,27,3080,-17220,84630,133.0
15232,925,-241,129,17150,-20720,85610,133.0
15242,913,-315,167,24360,-21910,85400,137.0
15255,839,-415,134,30030,-24360,84420,137.0
15268,809,-539,215,35700,-28630,74690,137.0
15278,762,-311,299,50050,-32270,67900,144.0
15291,1372,-478,459,60620,-36610,60340,144.0
15301,1061,-343,274,72100,-41930,51240,144.0
15314,1064,-160,-87,92330,-46060,43470,148.0
15327,1100,-379,213,121380,-45080,29260,148.0
15337,1191,-160,-86,132720,-40390,23590,146.0
15350,902,-28,-53,139930,-39130,18970,146.0
15360,1117,-181,-159,141820,-37380,14490,147.0
15373,1151,-100,-89,142240,-32060,3290,151.0
15386,1074,27,-162,138250,-26390,-1540,151.0
15396,1024,-33,-117,134260,-22330,-5110,150.0
15409,1077,-3,-138,129080,-18340,-8750,150.0
15419,1052,-58,-124,121520,-14280,-12880,147.0
15432,1004,-5,-87,104370,-7420,-22400,153.0
15445,944,-7,-137,95620,-3290,-26390,153.0
15455,956,97,-57,87010,70,-29540,148.0
15468,988,-10,-98,76160,2660,-33390,148.0
15478,992,32,-69,62860,5740,-42560,151.0
15491,978,71,49,31430,7630,-46900,148.0
15504,977,97,39,13440,7840,-51030,148.0
15514,948,103,105,-5950,8120,-55090,148.0
15527,959,150,39,-26390,8120,-62440,148.0
15537,950,120,91,-47390,7980,-65520,144.0
15552,991,108,103,-84630,7910,-68180,144.0
15565,1008,91,104,-97930,7490,-71960,144.0
15575,1019,70,85,-106960,7700,-73430,147.0
15588,1026,52,98,-115570,7980,-74620,147.0
15598,1030,64,131,-117600,7840,-75600,142.0
15611,1082,53,106,-119210,7210,-76300,138.0
15624,1112,52,143,-121800,6090,-77700,138.0
15634,1145,61,131,-121380,5740,-79170,141.0
15647,1177,39,106,-117530,5320,-80570,141.0
15657,1181,53,114,-112000,5180,-80010,139.0
15670,1193,-27,123,-104650,5110,-79030,143.0
15683,1184,-42,91,-81620,5180,-78680,143.0
15693,1131,-62,91,-67970,5250,-78680,140.0
15706,1088,-95,51,-53620,5320,-78890,140.0
15716,1090,-86,68,-38710,5810,-79030,143.0
15729,1105,-81,63,-23660,5880,-79100,141.0
15742,1113,-49,106,4620,5250,-78960,141.0
15752,1113,-32,106,16590,3920,-78680,148.0
15765,1061,10,111,25830,2240,-78400,148.0
15775,1018,53,110,31360,280,-77980,149.0
15788,991,68,100,34510,-3780,-76580,154.0
15801,936,87,150,34650,-5950,-75600,154.0
15811,923,105,93,34370,-8890,-74340,155.0
15824,894,92,138,33810,-11060,-71330,155.0
15834,866,104,145,33180,-14000,-69580,156.0
15847,825,130,141,32130,-20160,-67200,159.0
15860,769,125,116,32060,-23450,-64610,159.0
15870,759,116,102,32130,-26110,-61880,161.0
15883,760,129,84,33810,-30450,-56070,161.0
15893,767,167,71,36470,-32060,-52150,163.0
15906,832,136,18,39830,-32480,-48370,166.0
15919,839,118,15,43400,-32900,-44730,166.0
15929,843,140,3,48230,-33250,-40880,165.0
15942,810,138,13,58450,-33810,-32690,165.0
15952,791,158,29,62440,-34230,-28630,163.0
15965,765,169,38,65590,-34860,-24780,164.0
15978,749,174,30,67830,-35980,-17640,164.0
15988,741,175,-2,69510,-35630,-14630,161.0
16001,759,175,9,70630,-34790,-12110,161.0
16011,804,211,-21,71120,-34090,-9520,158.0
16024,908,209,-18,71890,-32550,-6580,155.0
16037,963,96,-91,69580,-27440,-3920,155.0
16047,1004,279,-51,63770,-24360,-3010,151.0
16060,1097,277,-34,58310,-22750,-2030,151.0
16070,1109,225,18,51100,-19670,-1190,145.0
16083,1133,224,36,42770,-17360,-1890,138.0
16109,1133,236,33,15050,-10640,-2660,136.0
16123,1134,293,20,3640,-11480,-350,133.0
16136,1792,-1665,755,7980,15680,32060,133.0
16146,843,-564,-74,40320,5390,44940,131.0
16159,1298,469,-84,40950,15680,50400,131.0
16169,689,493,11,43610,30660,56700,135.0
16182,590,280,-450,42280,21980,50050,129.0
16195,1131,163,22,38290,19950,47110,129.0
16205,1152,-134,-272,36330,22820,47250,126.0
16218,972,114,-64,37730,24780,42840,126.0
16228,997,134,-261,31360,24080,40600,127.0
16241,998,137,-189,15610,25060,38850,122.0
16254,1004,171,-298,2800,24220,37170,122.0
16264,974,256,-217,-12180,23380,35840,125.0
16277,1001,197,-228,-50330,18410,32690,125.0
16287,1006,186,-191,-70560,15260,31290,125.0
16300,967,220,-150,-91630,11480,29890,122.0
16313,966,199,-135,-111370,7770,28700,122.0
16323,986,148,-142,-128800,4340,27440,122.0
16336,1017,100,-122,-150850,1050,25340,122.0
16346,1014,92,-112,-154980,1120,24780,123.0
16359,981,122,-112,-155400,1960,24290,119.0
16372,995,107,-91,-152530,5880,24430,119.0
16382,993,126,5,-146650,7070,25200,120.0
16395,1059,266,533,-113260,8750,24640,120.0
16405,1188,379,864,-49980,16940,21700,120.0
16418,968,-339,277,-22190,15050,24710,121.0
16431,1192,-19,193,-4830,11130,31290,121.0
16441,836,439,478,-11270,3780,31990,117.0
16454,955,240,221,-18550,-2590,30940,117.0
16464,925,70,196,-22960,-6020,30030,121.0
16477,1047,99,238,-19950,-7420,33880,117.0
16490,1006,-253,94,4830,-6020,35070,117.0
16500,988,107,-92,7420,-5880,34860,116.0
16513,1035,181,-126,-140,-4690,34650,116.0
16523,1041,18,-10,-7910,-4060,33600,116.0
16536,1036,-114,97,-5950,-2310,32270,116.0
16549,1040,95,-36,2940,-1750,31220,116.0
16559,1020,90,21,-1120,-1680,29890,115.0
16572,1023,25,44,-3150,-1750,29050,115.0
16582,1024,20,20,-770,-1050,28840,116.0
16595,1011,104,6,-490,-420,28350,113.0
16608,1010,65,66,-1680,-560,28280,113.0
16618,1000,47,106,-980,-910,28420,114.0
16631,991,87,98,560,-1680,29260,114.0
16641,984,120,90,1330,-3780,29890,113.0
16654,989,90,86,910,-4480,30520,111.0
16667,1004,58,58,2100,-4900,31360,111.0
16677,1177,-246,177,2380,-4900,32340,109.0
16690,1138,-221,-43,3220,-4690,30870,109.0
16700,934,171,99,-280,-7770,28350,113.0
16713,1072,-97,70,-1470,-8190,26250,113.0
16726,1023,-63,88,210,-7630,24430,113.0
16736,1008,-149,63,-1820,-8330,21630,110.0
16749,1043,-328,-241,5530,-9590,15820,110.0
16759,1082,-303,-57,14350,-8470,13370,110.0
16772,1038,89,91,16170,-7700,11130,112.0
16785,970,-85,110,2800,-3990,5530,112.0
16795,1032,-242,-250,-2030,-1750,4550,109.0
16808,1052,147,88,6160,-700,4270,109.0
16818,1047,62,40,770,280,4130,111.0
16831,1033,-42,-73,-140,560,4480,110.0
16844,1034,5,-16,8330,-140,6580,110.0
16854,1025,-49,-21,13790,-770,7840,111.0
16867,1020,-129,-80,22050,-1400,9030,111.0
16877,1027,-54,-65,30100,-1960,10220,110.0
16890,1037,43,-25,34510,-1680,11900,113.0
16903,1067,111,-53,31220,630,12320,113.0
16913,1102,170,-53,25410,2730,12530,113.0
16926,1087,249,10,15400,6160,12530,113.0
16936,1090,198,-38,3150,9730,11970,113.0
16949,1118,227,-93,-9450,18550,11200,114.0
16962,1132,164,-163,-26390,22890,11970,114.0
16972,1116,119,-163,-28770,26320,13650,117.0
16985,1081,14,-162,-27160,28840,16100,117.0
16995,1063,-29,-139,-22610,30590,18550,116.0
17008,1089,22,-152,-10010,32340,23310,119.0
17021,1086,94,-36,-5810,33530,25900,119.0
17031,1070,122,-26,-5180,34580,27930,120.0
17044,1076,181,-7,-8330,36820,31080,120.0
17054,1118,232,-23,-13160,41020,32130,121.0
17067,1100,251,226,-27510,42140,32970,121.0
17080,933,126,324,-34720,41720,33880,121.0
17090,866,36,422,-41790,40390,34160,127.0
17117,843,-42,590,-57470,28490,34300,128.0
17131,759,-54,635,-60200,14840,32690,131.0
17144,736,-165,598,-61950,8540,32760,131.0
17154,736,-171,505,-61530,2520,33180,130.0
17167,809,-123,488,-62090,-3290,33250,135.0
17180,1112,182,136,-62650,-7840,38150,135.0
17190,1125,300,209,-59920,-10290,41230,130.0
17203,917,-49,169,-58100,-11200,44730,130.0
17213,868,-164,158,-53480,-13650,48020,135.0
17226,989,-172,-12,-48230,-14490,54600,137.0
17239,1141,-11,-249,-38360,-12880,57400,137.0
17249,1220,81,-225,-32200,-11410,60830,135.0
17262,1070,-120,-134,-25690,-10080,64260,135.0
17272,935,-335,10,-19600,-8820,66290,138.0
17285,840,-482,104,-14350,-10080,64260,143.0
17298,850,-538,151,-5740,-11970,61320,143.0
17308,754,-348,141,2520,-13160,56490,139.0
17321,1319,-197,157,11900,-15820,49630,139.0
17331,1322,-542,234,25200,-14910,43610,144.0
17344,1387,-378,-158,75740,-15820,30660,146.0
17357,1407,-328,-16,89040,-16170,24220,146.0
17367,915,-13,-89,99470,-12320,17780,148.0
17380,1357,-51,-1,103250,-12600,7490,148.0
17390,1397,-317,123,102270,-8750,-980,151.0
17403,1093,155,-102,96110,-5670,-5950,156.0
17416,1023,13,-139,89460,-1750,-8820,156.0
17426,986,27,-135,81270,2310,-13020,157.0
17439,978,147,-91,59150,11340,-21980,157.0
17449,980,19,-119,47390,15610,-26670,159.0
17462,949,152,-37,34860,18480,-30940,163.0
17475,974,226,-72,21700,21280,-34090,163.0
17485,990,121,-40,7000,24500,-36610,164.0
17498,994,248,15,-30590,29680,-43540,164.0
17508,967,188,23,-50050,31360,-46340,159.0
17521,900,222,30,-69370,32830,-48440,164.0
17534,898,157,3,-86240,36190,-52290,164.0
17544,887,150,-7,-98560,38500,-53760,166.0
17557,868,71,86,-113750,39830,-55370,166.0
17567,869,29,14,-118860,39830,-57680,165.0
17580,982,9,156,-123900,40810,-60620,162.0
17593,1100,-212,118,-124600,39130,-69860,162.0
17603,1119,-74,200,-121310,37030,-74620,162.0
17616,1168,-129,288,-115710,33600,-79940,162.0
17626,1117,-44,258,-109480,29610,-84140,160.0
17639,1060,-138,164,-102200,26460,-90790,163.0
17652,998,-120,98,-86170,24360,-94640,163.0
17662,933,-83,120,-78960,24150,-97510,154.0
17675,947,-67,161,-72730,23170,-99960,154.0
17685,989,-40,145,-66990,21630,-102340,149.0
17698,1019,-32,137,-61950,18830,-105840,148.0
17711,1086,-4,132,-53690,17500,-107030,148.0
17721,1122,17,144,-49980,15890,-107660,151.0
17734,1125,52,132,-45850,14000,-107450,151.0
17744,1103,71,102,-41650,12250,-106330,152.0
17757,1072,66,86,-35490,9310,-103180,149.0
17770,1051,81,77,-32690,7980,-101080,149.0
17780,1072,105,35,-28770,6440,-98420,153.0
17793,1088,122,40,-24080,5390,-90930,153.0
17803,1114,134,38,-18690,4130,-86310,158.0
17816,1107,136,55,-7420,770,-81480,153.0
17829,1020,145,46,-2730,-1540,-76860,153.0
17839,972,153,50,980,-4130,-72310,159.0
17852,946,163,7,6860,-8960,-62720,159.0
17862,894,190,35,9730,-11690,-57680,164.0
17875,803,151,4,12740,-14280,-52780,162.0
17888,768,146,-26,16100,-16590,-48230,162.0
17898,748,127,-38,20370,-18480,-43890,163.0
17911,732,100,-68,33670,-21770,-35700,163.0
17921,737,93,-59,42070,-22890,-31850,162.0
17934,813,70,-27,51380,-24150,-28070,165.0
17947,849,77,-34,61670,-27860,-20650,165.0
17957,859,81,-27,71820,-29890,-17150,163.0
17972,871,116,2,85750,-31990,-14000,163.0
17982,880,126,13,89460,-34370,-10920,161.0
17995,888,138,19,91840,-39480,-5180,160.0
18008,897,140,25,93100,-41720,-2590,160.0
18018,916,139,59,92190,-44030,-420,157.0
18031,961,129,59,90930,-46900,1260,157.0
18041,970,124,75,89390,-49560,2730,154.0
18054,976,114,93,85750,-55440,4830,152.0
18067,966,133,87,84420,-58590,5880,152.0
18077,961,115,72,84000,-61180,7280,148.0
18090,961,121,40,84280,-63000,10150,148.0
18123,1061,127,0,81550,-62650,12460,140.0
18136,1147,123,25,76510,-61740,12180,140.0
18150,1187,119,17,64400,-59850,11270,138.0
18163,1168,112,-34,58030,-57960,10360,138.0
18173,1086,315,-45,50400,-55300,10150,132.0
18186,1024,183,56,37100,-52780,10850,131.0
18199,1022,293,79,1260,-53060,9520,131.0
18209,1006,267,135,-19950,-53060,8750,128.0
18222,1604,1275,-172,-42490,-56490,6860,128.0
18232,1460,-308,1870,-134190,-38150,15050,124.0
18245,1704,-216,477,-213850,-25130,36260,127.0
18258,658,-43,108,-207830,-22260,42070,127.0
18268,864,283,130,-200340,-29470,45080,125.0
18281,976,255,-158,-196770,-26390,42910,125.0
18291,807,319,-221,-184660,-19250,39970,128.0
18304,844,128,-147,-162470,-21560,36120,121.0
18317,1126,224,-204,-139510,-13020,37100,121.0
18327,957,232,-430,-117040,-1050,37660,124.0
18340,976,140,-425,-93100,7770,38850,124.0
18350,998,108,-164,-69090,16240,38990,125.0
18363,970,197,66,-32830,26880,38780,126.0
18376,947,132,70,-20300,28910,38290,126.0
18386,988,74,23,-10220,29540,37660,120.0
18399,1082,-82,272,-1260,27370,32690,120.0
18409,893,184,366,5810,22820,31010,123.0
18422,922,13,281,14140,19880,28630,119.0
18435,1050,279,416,19110,17360,25970,119.0
18445,1010,-10,276,22610,13440,25620,117.0
18458,922,89,262,36190,7140,22050,117.0
18468,960,246,318,39480,4130,20510,117.0
18481,1030,65,192,44030,1820,18900,117.0
18494,1051,81,98,47880,-560,16520,117.0
18504,1040,36,87,50680,-2030,15050,116.0
18517,1020,87,-51,49700,-4340,13440,116.0
18527,1030,51,-83,46970,-4620,11690,118.0
18540,1040,55,-160,42840,-4830,9800,116.0
18553,1048,69,-205,31010,-3220,5880,116.0
18563,1056,54,-219,23100,-2310,3920,115.0
18576,1038,121,-275,13720,-1190,2380,115.0
18586,1025,151,-245,2870,-420,1050,116.0
18599,1012,181,-219,-8960,-210,-770,119.0
18612,1005,204,-149,-30940,-910,-1120,119.0
18622,1004,210,-122,-38990,-1120,-980,116.0
18635,970,287,-72,-44730,-1260,-630,116.0
18645,982,274,-32,-48440,-1540,280,119.0
18658,990,259,-25,-49560,-1190,3220,116.0
18671,969,289,-21,-45780,-560,4900,116.0
18681,974,279,7,-42000,350,6650,116.0
18694,970,276,5,-37730,1120,8260,116.0
18704,973,272,-29,-32900,1960,9800,116.0
18717,989,257,-5,-21700,4830,13020,117.0
18730,983,271,-52,-16380,6230,14700,117.0
18740,986,268,-74,-11830,7910,16450,114.0
18753,984,274,-58,-8190,9730,19950,114.0
18763,988,254,-68,-6160,10990,21490,116.0
18776,986,266,-103,-4760,13860,22960,114.0
18789,1030,306,72,-4830,15540,24430,114.0
18799,1024,116,136,-1540,16100,25760,117.0
18812,993,184,81,8120,17010,28490,117.0
18822,980,305,-31,3640,15470,29050,118.0
18835,988,173,115,-2170,13790,29540,116.0
18848,1009,76,147,-630,12880,30310,116.0
18858,996,147,69,3430,12320,31080,116.0
18871,992,251,-11,-1400,11410,31430,116.0
18881,1010,222,1,-5670,11340,31360,114.0
18894,1058,253,-106,-9170,11970,31010,113.0
18907,1088,508,-316,-17920,12110,28140,113.0
18917,1148,499,-494,-35420,12740,27860,115.0
18930,1154,86,-240,-57820,18410,27790,115.0
18940,1126,13,-186,-56490,23030,28980,114.0
18953,1120,3,-173,-49490,28350,30940,116.0
18966,1083,154,-150,-41440,36050,32970,116.0
18976,1066,257,-179,-45780,37660,33320,115.0
18989,993,373,-40,-54670,37800,33390,115.0
18999,937,410,41,-66360,36400,33040,117.0
19012,885,379,112,-79310,33950,32480,118.0
19025,841,352,298,-103180,26390,31990,118.0
19035,803,281,282,-114940,21700,31150,117.0
19048,800,141,345,-123760,16450,30240,117.0
19058,1515,-850,749,-127400,10430,29680,121.0
19071,1300,88,1458,-68460,16030,45150,120.0
19084,1223,104,93,-67830,18410,48860,120.0
19094,694,290,95,-58660,12740,46620,121.0
19122,1156,331,-169,-53480,14350,54040,123.0
19135,1114,79,-6,-54600,14700,55720,124.0
19148,983,-83,92,-53690,16800,57750,124.0
19158,913,-114,131,-53690,16800,57470,128.0
19171,920,-171,121,-53690,16940,56700,128.0
19184,955,-190,131,-54740,16940,55160,128.0
19194,921,-197,157,-55580,16730,52710,129.0
19207,680,-36,234,-58940,12740,45920,129.0
19217,1219,-423,282,-64820,11340,37940,133.0
19230,888,-118,257,-61320,2450,29120,135.0
19243,1075,-193,199,-55230,-2240,15890,135.0
19253,1034,-212,251,-47180,-4270,8960,133.0
19266,1067,-151,109,-24220,-6650,3080,133.0
19276,1040,-144,83,-14420,-7140,-2450,137.0
19289,982,-85,93,-7210,-7070,-7770,137.0
19302,996,4,121,-1400,-8190,-15540,137.0
19312,1024,12,58,-560,-7910,-18620,139.0
19325,999,-4,-29,-490,-7140,-21630,139.0
19335,1007,90,-39,-1190,-4970,-24360,136.0
19348,1020,49,-24,-2660,-2730,-28280,140.0
19361,968,113,-10,-6930,1750,-29610,140.0
19371,982,114,0,-10010,3500,-30660,138.0
19384,948,168,-2,-14070,4830,-31780,138.0
19394,922,154,8,-18900,6160,-32480,139.0
19407,931,169,13,-23870,8050,-33670,140.0
19420,969,164,48,-34580,8960,-34300,140.0
19430,988,174,65,-39410,9240,-34860,140.0
19443,988,181,58,-43470,9030,-35140,140.0
19453,985,163,54,-46620,8890,-35280,138.0
19466,974,162,59,-49140,8610,-35630,137.0
19479,986,133,78,-48370,8260,-35770,137.0
19489,1009,134,115,-46340,7560,-35910,138.0
19502,1039,122,145,-43120,5950,-36400,138.0
19512,1067,86,144,-38430,3850,-37030,139.0
19525,1079,82,165,-25760,-490,-37940,138.0
19538,1100,39,168,-18620,-3080,-39200,138.0
19548,1114,25,180,-11760,-5810,-41020,138.0
19561,1116,31,185,-5950,-11620,-46200,138.0
19571,1103,38,190,-1680,-14770,-49140,133.0
19584,1076,45,191,840,-18060,-52080,137.0
19597,1077,53,169,0,-21140,-55370,137.0
19607,1071,77,165,-1330,-23660,-58380,134.0
19620,1079,70,118,-2450,-27370,-62720,134.0
19630,1082,70,92,-1960,-28070,-64470,138.0
19643,1017,95,57,-1190,-28280,-65660,139.0
19656,978,101,68,-700,-28280,-67340,139.0
19666,951,107,69,-490,-28560,-67760,142.0
19679,916,127,89,-420,-29260,-67900,142.0
19689,862,131,78,-420,-29890,-67900,141.0
19702,800,126,71,-140,-30380,-67620,142.0
19715,811,119,67,3010,-30660,-66850,142.0
19725,811,126,85,5880,-31150,-66290,142.0
19738,819,129,82,8960,-31570,-65590,142.0
19748,810,160,97,11550,-31780,-64750,142.0
19761,797,170,115,13370,-32340,-63630,143.0
19774,782,179,114,13230,-33320,-61390,143.0
19784,788,236,102,11060,-33740,-59640,145.0
19797,811,301,93,7560,-33880,-57540,145.0
19807,822,336,98,2800,-33600,-55090,142.0
19820,852,339,135,-3150,-33320,-50050,142.0
19833,875,370,127,-17780,-33530,-48020,142.0
19843,891,395,158,-26250,-33110,-45850,135.0
19856,932,390,180,-35280,-32970,-43750,135.0
19866,914,383,160,-45080,-32970,-42140,137.0
19879,874,380,147,-66570,-31500,-40250,137.0
19892,802,326,113,-76090,-30240,-39830,137.0
19902,778,294,84,-83930,-28350,-39690,133.0
19915,780,289,70,-89950,-25900,-39480,133.0
19925,794,282,60,-94290,-22960,-38850,130.0
19938,1669,1039,112,-7910,-11830,2660,127.0
19951,1013,-95,794,116900,-6720,30940,127.0
19961,1555,-814,-442,110390,1820,60970,128.0
19974,499,801,-186,136640,8190,66990,128.0
19984,-186,1283,-236,133910,11550,60200,125.0
19997,1337,-74,-569,101080,7630,52080,122.0
20010,1679,-718,117,102340,16450,55580,122.0
20020,1244,-91,-232,100870,17500,56910,125.0
20033,709,621,-620,82600,24500,53620,125.0
20043,709,659,-428,67480,27160,51450,122.0
20056,1201,-126,-290,56070,30310,50120,122.0
20069,1062,92,-328,44590,32410,46550,122.0
20079,934,281,-336,30730,33670,44030,120.0
20092,954,65,-158,-350,33600,41650,120.0
20102,1041,55,-114,-14420,32550,39480,121.0
20127,1214,312,382,-36330,26460,31360,119.0
20141,999,132,445,-5740,25270,29680,119.0
20154,994,393,69,-12110,18550,27860,122.0
20167,907,540,138,-53340,2730,21420,122.0
20177,868,434,73,-73360,-3920,17780,121.0
20190,855,349,158,-90090,-10570,14140,121.0
20200,934,247,61,-100730,-15190,11690,118.0
20213,996,192,62,-107450,-18130,9520,118.0
20223,1003,172,-7,-112420,-20650,9450,118.0
20236,959,84,110,-114170,-23940,8750,119.0
20249,919,104,197,-111160,-25270,8820,119.0
20259,969,27,128,-105770,-26250,9730,120.0
20272,995,-26,116,-85610,-25830,13230,120.0
20282,1065,-86,71,-68180,-23100,17220,115.0
20295,1067,-405,255,-40460,-18830,21840,118.0
20308,1071,-195,289,-5740,-13370,26740,118.0
20318,1007,275,-89,16800,-9660,28770,113.0
20331,998,479,-360,-6650,-9030,27090,113.0
20341,1017,230,3,-13580,-7910,26530,116.0
20354,1076,-113,73,-2940,-4270,26950,113.0
20367,1053,69,-115,8260,630,25830,113.0
20377,1036,156,-182,7770,1540,24220,111.0
20393,1045,2,26,-2940,2590,22890,113.0
20406,1040,-27,54,1330,5040,21210,113.0
20416,1040,57,-40,4340,5670,20160,113.0
20429,1015,81,54,140,5600,19110,113.0
20439,1016,30,92,-630,5460,18270,111.0
20452,1022,9,79,700,5180,17570,111.0
20465,1021,33,78,4200,4340,16730,111.0
20475,1006,36,114,6370,3710,16520,111.0
20488,1013,32,91,9240,3150,16590,111.0
20498,1006,53,90,11620,2730,16870,113.0
20511,998,69,99,12950,2170,16800,113.0
20524,1001,107,87,13160,770,16870,113.0
20534,994,112,108,12460,-140,16940,111.0
20547,970,134,124,11340,-1330,17010,111.0
20557,967,126,130,10150,-2450,17220,109.0
20570,973,120,120,8680,-5180,18060,109.0
20583,977,110,118,9100,-6090,18900,109.0
20593,983,120,110,10220,-7070,20020,109.0
20606,1018,239,60,11130,-8120,21070,109.0
20616,1008,250,-53,7210,-9170,22120,109.0
20629,1007,147,95,770,-9520,23730,108.0
20642,1123,-105,117,4900,-8750,25690,108.0
20652,1133,-65,-79,2310,-10780,25830,109.0
20665,953,151,78,3990,-9730,26110,109.0
20675,1021,0,41,2030,-9450,25270,108.0
20688,1092,67,42,2380,-8330,23730,107.0
20701,1009,-43,21,280,-8470,21770,107.0
20711,1048,-168,-91,1960,-8890,20020,109.0
20724,1147,-205,-64,15540,-9870,19180,109.0
20734,1176,208,-133,9520,-6370,18060,109.0
20747,957,-148,84,1750,-6510,16800,109.0
20760,1007,-35,-20,-4620,-4620,15050,109.0
20770,1094,43,-200,-1470,-4900,15960,111.0
20783,1046,118,37,280,-2590,17010,111.0
20793,1045,130,-21,-2730,-1470,18270,108.0
20806,1054,43,-62,-2100,-980,19740,110.0
20819,1056,60,-24,-560,-140,22330,110.0
20829,1068,106,-27,-210,700,23660,112.0
20842,1041,61,-4,-3150,1330,24640,112.0
20852,1069,118,-38,-5880,2590,25340,111.0
20865,1105,158,-91,-8400,3990,26530,112.0
20878,1124,142,-154,-10990,8260,30030,112.0
20888,1128,119,-190,-10780,10990,32130,111.0
20901,1153,124,-250,-9800,14210,34510,111.0
20911,1171,170,-229,-8820,17780,36890,114.0
20924,1171,169,-217,-9660,21560,40950,114.0
20937,1134,196,-3,-19110,29330,42140,114.0
20947,1088,205,131,-27230,31920,42770,120.0
20960,959,135,210,-36890,32830,42840,120.0
20970,932,89,281,-48020,32970,41930,123.0
20983,914,104,341,-70210,31150,40460,125.0
20996,867,13,344,-80290,29330,39340,125.0
21006,720,22,442,-89740,25970,36260,125.0
21019,854,193,350,-96530,19880,31920,125.0
21029,1196,182,345,-99400,14420,24360,125.0
21042,997,113,66,-88970,6160,20160,128.0
21055,996,179,352,-75180,6160,16310,128.0
21065,1088,79,46,-54600,1890,15400,127.0
21078,1068,-3,149,-30730,3570,13300,127.0
21088,1096,53,157,-8400,3640,12250,126.0
21101,1106,98,181,24990,4480,12040,129.0
21114,1094,171,127,35280,3570,11340,129.0
21136,996,153,135,45920,3010,9100,132.0
21150,1007,99,163,47040,3500,8190,132.0
21163,1029,91,86,47740,2590,6230,134.0
21176,933,96,69,47180,4200,5600,134.0
21186,937,92,39,46340,4760,4760,136.0
21199,925,-7,63,44800,5600,2870,135.0
21212,953,-46,107,42630,5670,-3710,135.0
21222,965,-82,108,39900,4970,-7980,136.0
21235,995,-80,183,32830,3570,-12390,136.0
21245,1017,-98,183,29190,1330,-16730,137.0
21258,1025,-124,179,25620,-980,-21350,137.0
21268,1019,-140,176,22190,-3290,-26320,134.0
21281,1025,-134,136,16240,-6930,-36400,135.0
21294,1054,-131,88,14000,-7840,-41090,135.0
21304,1069,-124,63,12180,-8190,-45570,136.0
21317,1081,-108,59,10920,-8050,-53270,136.0
21327,1079,-99,36,9940,-7630,-56630,138.0
21340,1069,-84,-3,7350,-5530,-59850,137.0
21353,1015,-71,-24,4830,-3920,-62930,137.0
21363,1002,-54,-18,1890,-1960,-65940,139.0
21376,977,-50,-5,-1260,1680,-71120,139.0
21386,949,-32,-33,-4690,3850,-73150,137.0
21399,892,24,5,-11200,5530,-74270,137.0
21412,877,27,10,-13860,6790,-74830,137.0
21422,875,30,14,-16450,7980,-75320,143.0
21435,878,42,19,-21700,10150,-75740,143.0
21445,910,42,-27,-24080,11900,-74480,139.0
21458,965,73,62,-27020,12320,-72170,136.0
21471,1027,153,53,-29400,12390,-68530,136.0
21481,1054,127,124,-32340,12600,-66430,138.0
21494,1077,129,93,-38220,11270,-64330,138.0
21504,1072,113,119,-42000,10640,-62790,140.0
21517,1052,163,138,-46340,9520,-61460,138.0
21530,1072,166,122,-54390,6930,-57330,138.0
21540,1101,174,138,-56490,5600,-54670,142.0
21553,1101,154,142,-57540,4690,-52150,142.0
21563,1136,157,159,-57820,3010,-49630,143.0
21576,1150,177,137,-57120,1330,-46970,143.0
21589,1154,120,174,-55580,-2310,-42630,143.0
21599,1162,125,170,-55300,-4480,-41300,143.0
21612,1172,103,181,-55160,-6580,-40250,143.0
21622,1178,2,194,-54110,-9030,-39900,146.0
21635,1182,114,129,-49350,-12670,-38290,149.0
21648,1118,37,93,-33740,-14210,-37030,149.0
21658,1078,30,54,-23310,-14700,-35980,149.0
21671,1014,11,53,-11690,-14490,-34860,149.0
21681,997,43,23,910,-14140,-33600,155.0
21694,960,27,9,25130,-12040,-30800,153.0
21707,919,100,24,34580,-10570,-29190,153.0
21717,916,126,42,41580,-9870,-27510,160.0
21730,919,131,66,45920,-9590,-24710,160.0
21740,919,173,96,48020,-9870,-23380,159.0
21753,914,162,103,48370,-11620,-22190,161.0
21766,897,146,19,47180,-12250,-21420,161.0
21776,848,223,100,44800,-11620,-20720,164.0
21789,841,203,83,41930,-12880,-17990,164.0
21799,818,245,79,38920,-13230,-16380,162.0
21812,748,231,61,31780,-14070,-15260,162.0
21825,732,223,70,27720,-14000,-14210,162.0
21835,743,228,60,24080,-14070,-13160,166.0
21848,764,235,62,18480,-13790,-10850,166.0
21858,800,231,106,17150,-14420,-9450,162.0
21871,854,278,100,16240,-14840,-7770,161.0
21884,847,274,127,15190,-15190,-4060,161.0
21894,820,275,139,14140,-16100,-2450,158.0
21907,789,283,107,12810,-17710,-840,158.0
21917,753,274,100,12530,-18060,560,156.0
21930,722,275,98,12530,-18200,1890,157.0
21943,753,276,81,14210,-17710,4620,157.0
21953,798,276,82,15960,-17010,6020,155.0
21966,889,268,88,18340,-16170,7280,155.0
21976,936,268,86,20720,-15400,8610,149.0
21989,970,282,104,22470,-14420,9730,150.0
22002,992,297,131,22260,-13440,12040,150.0
22012,1012,306,142,19950,-13160,12950,142.0
22025,1017,298,147,16660,-13020,13440,142.0
22035,996,288,145,12880,-12880,13720,143.0
22048,975,283,138,8750,-12390,13230,140.0
22061,955,277,131,-910,-11900,12460,140.0
22071,933,270,130,-6510,-11270,11410,133.0
22084,910,265,125,-12390,-10570,10220,133.0
22094,899,250,125,-18550,-9730,8680,128.0
22107,1791,1012,-120,33740,6650,46970,124.0
22120,841,1120,533,98000,420,55160,124.0
22143,32,429,184,107940,18690,48860,123.0
22157,332,68,-320,69860,8820,41230,123.0
22170,1717,-397,17,80850,8050,43960,122.0
22183,1224,-364,165,80500,15120,42560,122.0
22193,750,462,-257,70560,11340,40670,123.0
22206,1029,207,-72,58310,12110,39480,121.0
22219,1180,-23,-142,47880,13720,38710,121.0
22229,1038,109,-196,40180,14770,38850,119.0
22242,935,319,-220,19250,14210,37450,119.0
22252,959,305,-188,8400,14420,36820,118.0
22265,1040,147,-106,-2030,13860,36610,120.0
22278,999,219,-127,-10920,13370,36400,120.0
22288,958,257,-60,-19110,12810,36190,120.0
22301,973,210,151,-32200,10710,35980,120.0
22311,1086,195,267,-23800,9730,35420,115.0
22324,905,81,355,-7070,12320,35350,115.0
22337,952,100,91,1890,8260,37310,115.0
22347,1016,246,49,-1960,7420,37590,116.0
22360,915,424,6,-11690,4760,37730,116.0
22370,922,377,33,-22890,1890,37730,117.0
22383,950,300,27,-34440,-910,35980,117.0
22396,950,301,108,-52850,-5810,35700,117.0
22406,978,216,141,-58030,-7840,35350,116.0
22419,958,55,149,-60270,-9940,35070,116.0
22429,973,21,155,-59220,-11340,34440,114.0
22442,987,-49,173,-56000,-13300,33810,114.0
22455,981,-152,84,-43120,-13300,33810,114.0
22465,1003,-193,98,-34860,-13090,33460,111.0
22478,1067,-235,27,-24990,-12880,33110,111.0
22488,1075,-391,97,-10360,-10780,33810,110.0
22501,1059,-198,120,12670,-7980,32130,111.0
22514,1040,68,-135,7210,-7910,29680,111.0
22524,1052,-69,-49,-1330,-8120,27300,108.0
22537,1040,-163,98,-420,-6860,25060,108.0
22547,1050,-52,-17,5460,-6090,23940,108.0
22560,1179,-196,-71,-70,-5950,21490,108.0
22573,1016,67,100,2240,-5250,19390,108.0
22583,1000,-1,-71,2170,-5180,18340,111.0
22596,1024,-45,-59,1470,-5600,14700,111.0
22606,1047,-108,80,2660,-5670,13580,108.0
22619,1028,34,29,2030,-6440,12530,109.0
22632,1044,49,44,490,-6650,11830,109.0
22642,1040,-20,36,-630,-7140,11620,108.0
22655,1009,-21,27,560,-8330,11480,108.0
22665,1024,0,28,1680,-8610,11760,110.0
22678,1029,61,16,1050,-8540,12110,109.0
22691,1035,49,-39,280,-8190,13650,109.0
22701,1046,72,-63,490,-6580,14910,107.0
22714,1060,100,-73,1680,-5180,16240,107.0
22724,1059,58,-73,1400,-3710,17430,109.0
22737,1039,41,-58,1260,-2380,18480,109.0
22750,1037,49,-43,1050,-350,20020,109.0
22760,1035,29,-35,700,350,20650,108.0
22773,1035,22,-36,560,1050,21210,108.0
22783,1037,33,-33,350,1820,21840,112.0
22796,1049,38,-22,-70,2660,23590,112.0
22810,1057,60,-23,-1470,3920,24640,112.0
22821,1060,-13,-41,-1960,4130,25620,109.0
22834,1069,23,-73,-840,4480,26740,109.0
22844,1070,62,-54,350,5040,27930,110.0
22857,1058,-8,-52,3500,6370,30240,113.0
22870,1049,-31,-90,4480,7350,31220,113.0
22880,1071,18,-100,3990,9170,31850,113.0
22893,1094,54,-123,2450,14070,32970,113.0
22903,1102,66,-131,-280,17220,33600,115.0
22916,1107,70,-144,-8260,20650,34090,117.0
22929,1114,79,-145,-13230,24290,34440,117.0
22939,1117,86,-147,-18760,28070,34720,118.0
22952,1120,108,-138,-30940,35770,35560,118.0
22962,1119,132,-123,-37380,39340,36260,120.0
22975,1082,155,-13,-44170,42070,37170,123.0
22988,1042,126,69,-51240,44030,38430,123.0
22998,987,63,166,-58170,44660,38780,124.0
23011,917,-15,307,-70560,42350,38710,124.0
23021,846,-57,397,-77840,39690,38220,129.0
23034,808,-52,410,-82180,35910,36750,130.0
23047,804,-126,491,-88130,26740,34650,130.0
23057,790,-56,487,-92750,20790,32970,129.0
23070,893,5,432,-94220,14840,30660,129.0
23080,810,-111,221,-78890,8750,28700,130.0
23093,878,-85,271,-55160,5320,26180,134.0
23106,970,-83,183,-60410,-2660,23800,134.0
23116,951,-107,136,-72940,-4410,25690,131.0
23129,902,-245,170,-78330,-6230,27580,131.0
23160,887,-407,180,-94500,-7140,44310,130.0
23174,870,-161,-129,-85050,-10360,45430,130.0
23187,1127,-136,-70,-78750,-12320,46900,133.0
23201,1035,-237,-120,-70280,-14000,52150,133.0
23211,978,-299,-142,-53900,-14280,52850,134.0
23224,1000,-535,-13,-39200,-14210,52570,134.0
23237,1099,-529,33,-9940,-14560,50260,134.0
23247,1166,-545,124,24920,-15050,46480,137.0
23260,1209,-556,203,101780,-18410,35770,137.0
23270,1248,-495,206,135030,-20580,29610,138.0
23283,1214,-325,161,159810,-22680,23590,139.0
23296,762,-98,62,175560,-23520,12810,139.0
23306,1482,-304,31,181160,-26600,8120,139.0
23319,1396,-144,-10,183470,-25760,3290,139.0
23329,1228,115,148,182840,-24920,-560,142.0
23342,1141,-186,-121,178920,-24780,-2730,144.0
23355,1122,-74,-164,164010,-16800,-12250,144.0
23365,946,37,-64,154210,-14630,-16590,147.0
23378,902,259,-121,145880,-11200,-18620,147.0
23388,900,134,-79,134960,-7070,-18970,148.0
23401,831,-14,41,120330,-3710,-27300,147.0
23414,818,136,31,78540,-2240,-31570,147.0
23424,810,216,50,53760,-700,-34790,148.0
23437,839,157,-31,30100,700,-37730,148.0
23447,835,175,-22,7910,3290,-40810,149.0
23460,867,120,-53,-11550,9660,-46550,145.0
23473,935,68,3,-39970,13510,-49280,145.0
23483,988,15,29,-49770,16380,-52150,142.0
23496,1058,23,62,-56840,18550,-55090,142.0
23506,1066,27,105,-62510,19880,-57750,141.0
23519,1059,7,184,-69790,19180,-62370,137.0
23532,1106,19,152,-72380,19180,-64260,137.0
23542,1140,-1,219,-74550,18690,-66150,139.0
23555,1192,0,198,-76020,16940,-70280,139.0
23565,1234,-17,195,-77000,15610,-72240,143.0
23578,1250,-13,158,-75390,12950,-74270,138.0
23591,1285,-75,201,-73010,12390,-76720,138.0
23601,1279,-77,290,-70000,10990,-79310,141.0
23614,1293,-14,184,-65590,6860,-82180,141.0
23624,1262,-3,177,-54110,5880,-82600,141.0
23637,1180,-34,100,-47180,5530,-83300,145.0
23650,1117,-20,76,-40110,6020,-83790,145.0
23660,1076,-19,58,-32900,6790,-83860,146.0
23673,1041,-1,18,-19250,9660,-83230,146.0
23683,986,14,1,-14700,11200,-82740,152.0
23696,921,64,33,-12180,12950,-81970,150.0
23709,905,80,29,-11200,14070,-79940,150.0
23719,884,98,20,-11060,15190,-78540,155.0
23732,846,105,61,-11270,16450,-77070,155.0
23742,829,116,21,-11480,16730,-75460,156.0
23755,805,142,8,-11760,17570,-73430,156.0
23768,835,152,0,-12600,19670,-68530,156.0
23778,879,103,68,-12950,19250,-66850,158.0
23791,936,141,126,-13300,17640,-65100,158.0
23801,943,144,147,-13370,15750,-63000,161.0
23814,952,167,119,-13160,13440,-58030,163.0
23827,946,195,100,-11970,9730,-54880,163.0
23837,917,177,90,-9800,7910,-51590,161.0
23850,900,127,67,-6020,6230,-48230,161.0
23860,876,150,42,-140,4900,-45360,167.0
23873,863,140,19,6720,3010,-39620,165.0
23886,864,157,-4,21980,1540,-36750,165.0
23896,877,128,2,30380,910,-33740,163.0
23909,883,121,26,38850,-70,-31220,163.0
23919,918,126,34,46830,-1540,-29050,161.0
23932,960,115,50,58800,-5460,-25830,163.0
23945,991,150,119,62300,-8330,-24500,163.0
23955,986,155,124,63840,-12040,-23310,161.0
23968,962,173,107,63910,-15960,-21000,161.0
23978,920,164,101,63210,-19530,-19810,161.0
23991,903,172,34,61600,-25340,-18550,159.0
24004,843,133,29,61180,-27160,-17290,159.0
24014,830,146,15,60690,-28980,-16520,158.0
24027,842,150,8,59850,-31640,-14560,158.0
24037,865,147,24,57820,-33040,-13510,156.0
24050,941,121,55,57960,-34580,-12390,156.0
24063,997,104,23,60340,-36330,-11130,156.0
24073,1047,79,19,64750,-37380,-9800,153.0
24086,1089,77,38,73850,-39410,-7980,153.0
24096,1115,90,52,75530,-40600,-7210,153.0
24109,1116,161,66,74830,-42000,-6160,146.0
24122,1090,133,80,73360,-45290,-3570,146.0
24132,1066,110,69,71750,-46830,-3150,146.0
24161,1099,130,98,61740,-50960,-980,143.0
24174,1089,120,61,55300,-51870,-140,143.0
24187,1102,92,31,52850,-52640,910,142.0
24201,1124,67,3,50960,-52290,2520,142.0
24211,1150,62,10,51100,-51730,3290,138.0
24224,1225,95,-11,53200,-50890,4620,138.0
24234,1252,51,-64,57610,-49630,7070,137.0
24247,1276,39,-78,64050,-47250,12040,138.0
24260,1260,50,-166,79800,-40600,14630,138.0
24270,1221,47,-157,86940,-35840,17430,133.0
24283,1108,48,-166,91420,-31220,19740,133.0
24293,1082,34,-188,93030,-26460,21490,139.0
24306,1042,-4,-140,93380,-16940,22750,137.0
24319,974,-39,-161,93170,-12740,22120,137.0
24329,928,183,-211,90720,-8610,22890,137.0
24342,992,88,-188,80080,-3220,23660,137.0
24352,971,172,98,64540,2660,22960,136.0
24365,937,85,98,22820,4130,20860,141.0
24378,868,235,137,-7210,2310,18130,141.0
24388,901,286,151,-40180,490,16520,135.0
24401,894,207,163,-73430,-3640,14070,135.0
24411,816,216,162,-105490,-6300,12530,136.0
24424,753,71,121,-155470,-8680,10640,129.0
24437,818,192,10,-169400,-11200,8470,129.0
24447,1866,1102,5,-187530,-26180,1260,129.0
24460,-496,-632,-164,-223160,-38570,5390,129.0
24470,729,342,-807,-211120,-10290,16310,125.0
24483,418,-222,-320,-206570,-8610,12600,128.0
24496,617,549,-163,-185430,-15050,8470,128.0
24506,1147,127,400,-163590,-17710,8960,129.0
24519,1398,-396,202,-96110,-4620,9100,129.0
24529,1017,135,157,-58800,350,9590,128.0
24542,933,231,297,-24570,1190,9170,127.0
24555,1047,201,491,4480,3220,8260,127.0
24565,1025,97,158,26250,4410,7210,127.0
24578,976,238,-22,55020,5180,6160,127.0
24588,1022,191,-116,57540,4970,5180,129.0
24601,1015,233,-159,54390,5040,4060,128.0
24614,991,246,-198,32550,2170,2520,128.0
24624,987,260,-265,18550,840,1960,124.0
24637,972,314,-207,3780,-700,1540,124.0
24647,974,313,-176,-10430,-2520,1190,126.0
24660,968,304,-165,-22960,-5950,980,125.0
24673,950,333,-66,-38220,-7350,1050,125.0
24683,951,303,-36,-39830,-8120,1260,128.0
24696,973,293,-2,-37030,-8120,1610,128.0
24706,967,291,5,-30870,-7560,2030,127.0
24719,960,290,14,-11270,-5250,2730,128.0
24732,965,291,-3,0,-3500,2870,128.0
24742,970,284,-3,11130,-1820,3220,123.0
24755,956,322,-47,20650,-420,3780,123.0
24765,947,352,-71,27650,910,5250,126.0
24778,959,340,-124,33040,2310,6160,124.0
24791,952,368,-153,31500,2450,7140,124.0
24801,958,356,-156,27930,2450,8050,126.0
24814,953,359,-151,23030,1680,9660,126.0
24824,953,351,-200,17290,1680,10220,127.0
24837,957,322,-136,5950,1470,10710,127.0
24847,974,322,-135,350,910,11550,128.0
24860,950,354,-136,-4410,490,12460,125.0
24873,940,361,-134,-10710,70,13440,125.0
24883,970,287,-126,-11270,490,13580,128.0
24896,1000,221,-151,-10360,1540,13580,128.0
24906,1005,213,-182,-8470,3150,13300,125.0
24919,1006,200,-181,-6440,5250,12250,127.0
24932,1003,207,-170,-6370,8260,11550,127.0
24942,996,227,-150,-9520,8820,10850,121.0
24955,973,282,-111,-15050,8330,10360,121.0
24965,950,336,-69,-22050,7000,10150,127.0
24978,951,358,-33,-37240,2310,11060,126.0
24991,942,359,23,-43750,-350,12110,126.0
25001,939,373,-21,-49000,-2940,13020,125.0
25014,962,306,-32,-52290,-4620,13790,125.0
25024,929,279,-23,-53550,-5390,14350,125.0
25037,1029,416,-50,-50890,-4130,17290,127.0
25050,935,332,-22,-46340,-3990,18410,127.0
25060,954,340,-56,-41440,-4060,19950,125.0
25073,990,281,3,-34300,-700,22750,125.0
25083,996,264,27,-26180,350,24430,123.0
25096,954,360,70,-11760,560,26040,122.0
25109,919,351,36,-6860,-210,27370,122.0
25119,966,296,-42,-1750,-140,28910,125.0
25132,988,274,-56,10290,3080,32480,125.0
25154,928,365,-121,16030,5250,36680,121.0
25167,950,337,-153,16730,6580,38500,121.0
25181,990,260,-199,16310,10850,41090,117.0
25194,1008,137,-218,15680,13720,41300,117.0
25204,973,140,-160,13650,15680,40390,119.0
25217,999,139,-150,6930,16380,37170,118.0
25230,1085,47,-44,-11200,14210,35070,118.0
25241,982,106,-113,-23310,11760,32830,119.0
25254,965,91,-91,-36820,9450,27160,118.0
25268,1006,59,-108,-64050,3710,25060,118.0
25278,1048,42,-180,-75110,2380,23170,116.0
25291,1041,25,-185,-83440,2310,21280,116.0
25301,1035,25,-189,-90090,2940,19390,116.0
25314,1044,32,-206,-95340,5950,16310,116.0
25327,1040,19,-203,-102340,7910,14910,116.0
25337,1037,35,-165,-105350,9800,13720,117.0
25350,1027,46,-146,-108920,11130,12670,117.0
25360,1015,72,-114,-112490,12110,11970,118.0
25373,1239,326,225,-92260,11970,10150,119.0
25386,1148,1106,369,-71610,18340,2380,119.0
25396,902,-157,-64,-84070,20230,2590,118.0
25409,997,105,-183,-83160,17850,4340,118.0
25419,1008,46,-6,-85610,18410,2940,119.0
25432,965,146,-175,-88620,18480,3500,117.0
25445,1077,271,-70,-86730,20720,4900,117.0
25455,1093,255,-89,-85330,22820,6090,121.0
25468,1094,273,-84,-85330,27300,8960,121.0
25478,1075,261,-1,-88760,28910,9520,121.0
25491,960,268,28,-92680,29890,10290,123.0
25504,952,261,43,-97650,29260,11480,123.0
25514,954,266,46,-102900,28070,12040,126.0
25527,951,296,162,-113330,25200,12320,126.0
25537,960,316,103,-117530,22050,12390,124.0
25550,1022,332,104,-120960,19250,11550,126.0
25563,1107,233,205,-124460,12600,9450,126.0
25573,1040,287,99,-125370,9660,8120,125.0
25586,1037,230,147,-123900,7000,5950,125.0
25596,1025,204,115,-121450,4060,3430,127.0
25609,1014,186,149,-117950,1260,490,133.0
25622,1047,177,119,-109480,-4410,-7000,133.0
25632,1094,136,178,-103460,-7630,-11340,132.0
25645,1123,36,156,-92960,-9940,-16170,132.0
25655,1121,49,98,-76160,-12390,-20370,133.0
25668,1081,53,167,-55790,-13440,-26040,138.0
25681,1033,24,108,-12180,-15820,-28770,138.0
25691,965,56,132,4620,-16870,-31290,134.0
25704,858,211,135,16100,-18270,-32900,134.0
25714,827,184,91,23380,-19950,-33880,144.0
25727,816,146,17,24010,-19950,-38290,140.0
25740,819,248,71,19600,-21070,-39060,140.0
25750,838,225,91,13580,-21490,-40320,146.0
25763,873,259,100,6860,-22120,-41720,146.0
25773,904,217,118,1260,-22750,-42630,148.0
25786,921,213,123,-5180,-24640,-43680,147.0
25799,948,219,95,-5880,-25340,-43400,147.0
25809,968,219,79,-5040,-25620,-42630,151.0
25822,974,222,77,-2940,-25690,-39760,151.0
25832,963,240,104,-210,-26180,-37730,153.0
25845,957,230,108,5460,-26950,-35490,148.0
25858,933,235,106,7980,-27790,-33390,148.0
25868,943,263,111,10150,-28560,-31360,151.0
25881,947,279,129,15050,-30520,-26110,151.0
25891,935,289,123,17990,-31360,-23240,151.0
25904,871,296,107,21140,-32130,-20440,152.0
25917,854,288,91,24150,-32550,-15890,152.0
25927,823,294,113,26810,-32550,-13930,153.0
25940,792,305,61,32200,-32480,-12180,153.0
25950,787,307,54,35070,-31570,-10360,152.0
25963,819,300,43,38500,-30310,-8750,151.0
25976,823,293,57,42630,-27300,-6230,151.0
25986,827,282,28,47040,-25340,-5320,149.0
25999,832,271,46,55510,-23450,-4900,149.0
26009,869,276,44,59150,-21700,-4620,143.0
26022,952,270,51,61880,-19740,-4410,145.0
26035,993,277,61,63210,-16380,-4900,145.0
26045,1043,279,79,62440,-15050,-5320,143.0
26058,1104,259,77,61320,-13720,-5810,143.0
26068,1106,251,96,60130,-12460,-6370,138.0
26081,1090,237,94,59010,-11410,-7770,138.0
26094,1064,224,98,57750,-9730,-8610,138.0
26104,1039,201,97,58380,-9100,-9310,134.0
26117,1026,178,83,60340,-8470,-9870,134.0
26127,1014,175,72,62300,-7490,-10360,135.0
26140,982,181,83,61110,-5670,-11620,130.0
26168,886,196,114,51520,-5460,-13860,132.0
26181,870,157,123,38360,-5670,-14560,130.0
26194,850,167,105,31780,-6020,-15470,130.0
26204,1741,708,-50,32410,-10220,-15470,126.0
26217,1978,-1931,779,106610,-1610,28980,126.0
26227,1162,-151,486,106190,2660,31920,128.0
26240,1032,-40,498,103250,15260,39480,122.0
26253,1231,-82,209,99960,9380,49140,122.0
26263,912,-3,-412,98840,5040,47250,124.0
26276,892,434,177,100730,5040,43050,124.0
26286,952,344,-195,90650,2100,42560,123.0
26299,1092,16,104,87570,-2170,41160,120.0
26312,992,137,38,77700,-10220,38780,120.0
26322,981,148,-192,66990,-11970,37520,120.0
26335,954,83,-163,52290,-14770,36120,120.0
26345,1001,34,-242,47320,-15050,35280,118.0
26358,1014,99,-266,45010,-14140,34300,118.0
26371,990,102,-338,44450,-9240,32760,118.0
26381,996,98,-360,46410,-6020,31990,119.0
26394,1003,112,-363,47950,-2520,31850,119.0
26404,995,141,-379,48720,910,31990,116.0
26417,983,172,-379,48720,4270,33320,118.0
26430,981,176,-322,47180,10360,34370,118.0
26440,984,169,-286,45640,12600,35630,113.0
26453,981,173,-264,43470,14490,36890,113.0
26463,980,135,-225,41300,15890,38150,114.0
26476,992,102,-184,39340,17430,39620,116.0
26489,1000,102,-100,35840,17500,40180,116.0
26499,994,87,-64,34020,17080,40670,112.0
26512,983,79,-39,32900,16240,41160,112.0
26522,1158,-19,-88,32480,14910,41650,112.0
26535,1085,-139,-343,-3710,4830,39340,111.0
26548,1053,403,465,-5600,15190,39200,111.0
26558,1120,168,-150,-4620,5390,39690,110.0
26571,946,-182,-145,-6930,6440,39620,110.0
26581,896,-450,25,-8890,4620,35700,112.0
26594,918,-56,-5,-5880,3360,33320,112.0
26607,1032,-146,55,-4830,1610,31500,112.0
26617,990,-175,-103,-1890,420,28980,112.0
26630,936,-263,-97,3710,-1610,23520,112.0
26640,969,-205,-73,7420,-2940,20790,111.0
26653,993,-157,-58,9870,-3780,18550,112.0
26666,972,-188,-120,12670,-4760,16380,112.0
26676,959,-214,-155,14910,-5180,14070,114.0
26689,970,-176,-124,17430,-5530,9940,114.0
26699,986,-130,-116,17150,-5320,8400,114.0
26712,994,-116,-126,16240,-5110,7210,117.0
26725,992,-109,-128,14560,-3990,5320,117.0
26735,992,-107,-131,12320,-3360,4550,114.0
26748,994,-76,-135,7070,-2590,3990,114.0
26758,999,-58,-131,4200,-1750,3780,112.0
26771,1009,-40,-141,1470,-980,3710,115.0
26784,1006,-41,-158,-2310,700,3920,115.0
26794,1006,-36,-172,-3010,1680,4200,115.0
26807,1018,3,-195,-3080,2660,4550,115.0
26817,1009,-20,-188,-2590,3780,5180,117.0
26830,1013,4,-200,-910,4550,6580,112.0
26843,1019,30,-197,3290,6440,7560,112.0
26853,1024,22,-205,6090,7280,8680,116.0
26866,1031,62,-206,8610,8190,10010,116.0
26876,1028,59,-189,10710,9170,11480,114.0
26889,1015,20,-204,12460,10990,14350,114.0
26902,1022,18,-161,15820,11760,15540,114.0
26912,1034,47,-140,17570,12390,16730,115.0
26925,1027,23,-139,19180,12810,18060,115.0
26935,1017,-21,-132,21280,13090,19390,117.0
26948,1016,-13,-135,28420,12740,21560,115.0
26961,1022,-7,-139,33670,12390,22680,115.0
26971,1019,-28,-165,40250,12040,23660,114.0
26984,1023,-35,-171,48090,11620,24780,114.0
26994,1022,-43,-173,56490,11200,25060,116.0
27007,1011,-94,-166,72590,11200,25200,118.0
27020,986,-116,-157,79380,11200,25060,118.0
27030,981,-148,-123,84770,11480,24570,117.0
27043,980,-150,-106,91210,12250,22890,117.0
27053,978,-168,-88,91560,12880,21770,118.0
27066,969,-208,-56,90580,13650,20370,121.0
27079,970,-211,-37,87850,14630,18830,121.0
27089,975,-241,-56,83930,15750,17360,119.0
27102,1127,-302,583,50750,16660,14980,119.0
27112,951,-271,586,7840,19250,16030,119.0
27125,1099,201,232,-27230,21910,10990,119.0
27138,1050,-171,-222,-35420,18900,11200,119.0
27148,1070,-91,-106,-23730,17430,10780,121.0
27184,982,-139,103,-30660,17290,11760,123.0
27197,1029,-43,-5,-33530,17010,13020,123.0
27211,1072,-36,-61,-33740,17500,14280,125.0
27224,1090,-18,-129,-33180,18060,17500,125.0
27234,1088,-12,-106,-32900,19390,19740,122.0
27247,1077,-7,-90,-32060,21910,22120,123.0
27260,1050,-8,-48,-32900,23310,24220,123.0
27270,1047,2,-30,-34440,24290,26180,128.0
27283,1048,28,6,-39480,25900,30030,128.0
27293,1037,41,38,-42490,26110,32060,128.0
27306,1005,36,99,-45570,25830,34160,133.0
27319,975,0,135,-49140,25270,36120,133.0
27329,955,-39,177,-52850,24150,37870,134.0
27342,926,-61,240,-59360,20300,40600,134.0
27352,911,-82,239,-62020,17500,41720,133.0
27365,906,-130,231,-64470,14910,42560,132.0
27378,889,-177,251,-66990,8820,43190,132.0
27388,864,-215,232,-67830,5460,43330,136.0
27401,835,-360,140,-67760,2240,43540,136.0
27411,827,-386,123,-67410,-70,43540,134.0
27424,876,-348,57,-65100,-2240,43540,139.0
27437,914,-333,-8,-55300,-6510,44170,139.0
27447,926,-360,-26,-47810,-8540,45220,139.0
27460,908,-431,-103,-39410,-10080,46270,139.0
27470,919,-436,-148,-30520,-11130,47670,138.0
27483,969,-397,-189,-21350,-11760,51590,138.0
27496,1026,-345,-224,-700,-12180,53900,138.0
27506,1048,-328,-233,10220,-12250,56280,141.0
27519,983,-442,-210,20090,-11900,58170,141.0
27529,946,-489,-167,28210,-11270,59220,142.0
27542,926,-512,-120,34790,-10080,58590,147.0
27555,848,-577,31,42770,-10010,56840,147.0
27565,812,-603,108,44100,-10500,54460,144.0
27578,798,-598,166,43890,-11480,51520,144.0
27588,794,-586,200,42280,-12950,48090,148.0
27601,796,-573,204,36610,-16240,41370,149.0
27614,833,-539,159,33180,-17640,38150,149.0
27624,846,-515,129,29540,-18690,35140,148.0
27637,854,-503,97,26110,-19320,30520,148.0
27647,861,-500,56,22750,-19110,28770,155.0
27662,888,-471,-5,15960,-18410,27300,152.0
27675,907,-440,-19,12600,-17290,25200,152.0
27685,935,-418,-40,9380,-16100,24500,151.0
27698,962,-387,-71,3290,-13300,23940,152.0
27711,952,-390,-72,-70,-11550,23590,152.0
27721,942,-386,-64,-3780,-9520,23380,152.0
27734,938,-373,-78,-7840,-5110,23240,152.0
27744,961,-353,-102,-12530,-2310,23310,155.0
27757,1003,-321,-142,-22820,630,23450,155.0
27770,1011,-323,-153,-28490,3990,23310,155.0
27780,1040,-322,-167,-34300,7560,23170,157.0
27793,1072,-399,-163,-37380,15260,20860,157.0
27803,1181,-452,-94,-21280,19250,16660,157.0
27816,791,92,61,-9520,23940,12740,159.0
27829,1732,-846,-2,-30520,20510,-1750,159.0
27839,1638,-2,193,-43750,26950,-6720,158.0
27852,1465,-57,284,-15190,28560,-9450,158.0
27862,1334,-430,-128,-8190,27510,-15050,161.0
27875,1341,24,-37,-1330,32480,-22330,161.0
27888,1280,-116,136,700,38360,-32620,161.0
27898,1338,-165,-65,840,42350,-38220,166.0
27911,1332,-105,118,-770,44660,-43540,166.0
27921,1289,-130,39,-2100,46060,-49350,167.0
27934,1259,-70,132,-4340,47880,-60690,163.0
27947,1207,-66,68,-13300,49980,-66010,163.0
27957,1175,-52,138,-18760,51240,-70700,170.0
27970,1117,-27,88,-25480,51730,-75460,170.0
27980,1091,-18,104,-32060,52780,-79730,170.0
27993,1071,-2,162,-38500,52850,-86730,170.0
28003,1067,-7,141,-44170,52500,-89460,170.0
28016,1062,-64,183,-49980,51590,-92050,175.0
28029,1023,-82,159,-50190,50540,-94990,175.0
28039,945,-40,235,-48930,49560,-97440,177.0
28052,904,-18,235,-40040,43890,-99260,177.0
28062,875,-69,144,-32410,42560,-99960,178.0
28075,788,-65,59,-23380,41160,-100660,179.0
28088,777,-86,81,-13020,41090,-100870,179.0
28098,786,-103,68,-1050,40390,-101010,181.0
28111,788,-116,67,23590,38850,-101500,181.0
28121,798,-71,44,34580,37660,-101640,187.0
28134,793,-25,40,43470,36680,-101500,188.0
28147,770,13,21,51940,34580,-100100,188.0
28157,739,34,40,53130,32970,-99260,188.0
28186,644,68,-34,56210,29890,-94920,185.0
28199,707,31,-4,57120,28630,-93100,185.0
28213,754,129,-4,58030,27230,-87500,186.0
28226,816,80,30,53270,24010,-84770,186.0
28236,905,66,5,48790,21910,-82460,184.0
28249,986,111,12,43610,20090,-79520,184.0
28259,1010,66,32,38080,18270,-76580,183.0
28272,1018,91,29,26670,13860,-71190,180.0
28285,985,83,9,22400,11620,-67900,180.0
28295,972,73,-14,20580,9660,-64120,179.0
28308,945,26,-22,21070,8120,-60130,179.0
28318,926,1,-1,23450,6580,-56630,178.0
28331,931,-1,5,31500,2100,-50260,177.0
28344,1024,-19,74,36750,-1400,-47040,177.0
28354,1021,-2,99,42000,-5390,-43960,174.0
28367,1038,11,114,46480,-9940,-37730,174.0
28377,1051,14,108,50260,-19460,-34650,174.0
28390,1039,31,112,56000,-24570,-31780,168.0
28403,986,41,80,58170,-29260,-28700,168.0
28413,953,24,61,60200,-33320,-25690,167.0
28426,935,17,38,63700,-39970,-20860,167.0
28436,929,37,18,64820,-42490,-18620,162.0
28449,967,53,-4,65380,-44520,-16520,161.0
28462,989,60,11,64820,-46340,-12810,161.0
28472,1012,43,54,63280,-48440,-11690,153.0
28485,1039,55,108,58310,-54460,-10640,153.0
28495,1047,77,128,55720,-58450,-9170,150.0
28508,1056,72,108,54180,-62650,-7630,146.0
28521,1061,46,95,54040,-69930,-4480,146.0
28531,1061,45,103,55370,-73360,-2730,143.0
28544,1065,48,85,61040,-76230,-840,143.0
28554,1077,42,29,64050,-78890,980,140.0
28567,1124,-3,72,66570,-80570,2590,136.0
28580,1166,-5,80,72310,-85120,3640,136.0
28590,1225,-104,56,80640,-86660,4410,134.0
28603,1311,-127,-65,94290,-85750,6720,134.0
28613,1296,-131,-84,112840,-84350,9030,130.0
28626,1280,-114,-117,133420,-82530,14910,131.0
28639,1272,-116,-172,175210,-76580,18340,131.0
28649,1243,-86,-168,191380,-72730,21560,128.0
28662,1169,-12,-155,202720,-69090,24430,128.0
28672,1129,15,-142,208250,-65730,26950,130.0
28685,1134,47,-172,208810,-58520,31430,127.0
28698,1048,20,-107,207830,-54950,33600,127.0
28708,997,-174,-172,205660,-51800,33810,130.0
28721,988,42,-246,202720,-47320,31850,130.0
28731,924,89,-182,198590,-41300,31570,131.0
28744,891,183,-140,183540,-33390,33110,134.0
28757,995,133,-66,172480,-33320,30030,134.0
28767,928,134,31,157290,-30240,28420,131.0
28780,917,128,68,139160,-29330,24080,131.0
28790,908,216,45,115990,-29050,21700,128.0
28803,893,237,112,62300,-30030,19250,131.0
28816,892,246,117,35630,-30240,16590,131.0
28826,903,242,93,11270,-30380,14140,128.0
28839,941,235,79,-27510,-28840,9590,128.0
28849,1029,229,70,-41230,-27370,7490,124.0
28862,1086,206,44,-51800,-25340,5460,124.0
28875,1091,267,89,-60410,-22890,1540,124.0
28885,1141,265,80,-68810,-21000,1750,119.0
28898,1942,-697,1542,280,7980,12600,119.0
28908,654,41,-710,28420,-21210,8610,118.0
28921,970,466,-786,-8960,7070,15050,116.0
28934,864,-600,729,-15960,-7560,16240,116.0
28944,822,178,-463,-8610,-5390,15190,117.0
28957,754,-366,40,-33530,1890,14140,117.0
28967,582,-10,-521,-34650,-6930,7910,114.0
28980,1187,-76,-729,-41230,-3220,4690,117.0
28993,965,-3,-481,10360,1610,-1610,117.0
29003,944,42,-499,19460,2450,-3850,116.0
29016,878,-4,-348,8610,6090,-5180,116.0
29026,992,53,-548,-770,6090,-6930,117.0
29039,961,-86,-352,5740,9170,-9940,114.0
29052,960,81,-470,5600,10640,-9450,114.0
29062,930,34,-334,7490,11270,-8820,118.0
29075,976,218,-314,9030,10920,-7420,118.0
29085,966,227,-319,6230,10920,-4410,113.0
29098,939,286,-359,3710,10850,1750,117.0
29111,919,177,-411,1610,10780,4340,117.0
29121,933,163,-388,70,11060,6440,114.0
29134,951,117,-343,-840,11410,7980,114.0
29144,953,85,-310,-1400,11550,9030,117.0
29157,946,61,-353,-1540,11130,9240,114.0
29183,962,-17,-293,-630,10710,5880,114.0
29197,966,-25,-287,840,10430,4620,112.0
29210,953,0,-283,1890,9870,3430,112.0
29220,955,14,-304,2590,9240,2450,115.0
29233,959,3,-282,3500,8400,770,115.0
29243,959,2,-263,4130,7630,-70,115.0
29256,953,55,-256,4410,6930,-630,114.0
29269,951,88,-248,4410,5880,70,114.0
29279,950,109,-235,4200,4620,840,115.0
29292,949,110,-264,2870,1750,1820,115.0
29302,939,123,-328,1960,630,2660,114.0
29315,941,86,-373,1260,350,3290,115.0
29328,953,53,-387,280,1960,3360,115.0
29338,959,21,-393,0,3220,2590,115.0
29351,967,-63,-387,70,4200,1260,115.0
29361,988,-47,-358,1330,5530,-630,114.0
29374,974,-63,-352,2450,7000,-2590,116.0
29387,969,-58,-376,4830,9170,-6930,116.0
29397,969,-67,-375,6160,10220,-9100,115.0
29410,979,0,-335,7000,11060,-10570,115.0
29420,972,21,-359,7490,11690,-11620,116.0
29433,970,69,-325,7350,12320,-11830,114.0
29446,974,168,-364,3850,12600,-10920,114.0
29456,947,278,-466,-6370,11550,-9240,113.0
29469,920,354,-600,-30730,8610,-6860,113.0
29479,998,121,-694,-66710,4760,-3080,115.0
29492,955,280,-477,-120120,2100,4270,113.0
29505,901,246,-510,-131040,2100,7630,113.0
29515,887,329,-310,-132510,3710,10500,115.0
29528,928,260,-316,-131950,3780,13580,115.0
29538,935,221,-284,-127960,5040,16730,116.0
29551,936,241,-270,-113050,7560,22540,114.0
29564,940,238,-266,-103390,9520,25060,114.0
29574,940,219,-265,-95200,11690,27300,117.0
29587,946,182,-316,-87360,16030,31360,117.0
29597,950,193,-302,-80430,18200,33250,117.0
29610,954,178,-354,-70980,20440,34930,116.0
29623,947,174,-405,-68390,22750,36540,116.0
29633,942,170,-434,-67480,25270,38010,115.0
29646,951,144,-466,-71190,30870,40250,115.0
29656,966,90,-509,-75250,34230,40880,114.0
29669,952,63,-511,-81830,36820,41230,117.0
29682,945,69,-493,-89810,38920,41440,117.0
29692,951,37,-416,-98840,40530,41580,114.0
29705,958,22,-373,-115850,42280,41650,114.0
29715,948,23,-349,-123200,43050,41580,113.0
29728,953,-33,-320,-129500,43890,41160,113.0
29741,954,-43,-257,-134680,44240,39550,113.0
29751,953,-59,-168,-139720,42910,38500,112.0
29764,995,-126,-59,-147420,41300,37170,112.0
29774,1000,-135,-50,-147980,39550,35490,114.0
29787,988,-131,-13,-144900,37870,33180,112.0
29800,1017,-179,65,-134890,36190,28700,112.0
29810,1030,-194,100,-128940,35210,26320,109.0
29823,996,-103,54,-122780,33950,23940,109.0
29833,1002,-145,55,-116410,32480,22050,109.0
29846,1022,-177,53,-109480,30590,17640,111.0
29859,1024,-170,60,-100450,27650,15260,111.0
29869,1029,-166,32,-97790,26320,12670,110.0
29882,1022,-156,20,-95970,24850,9870,110.0
29892,1029,-153,27,-96180,23520,7140,111.0
29905,1028,-138,31,-101640,20370,2310,110.0
29918,1012,-37,26,-106190,18340,560,110.0
29928,1015,-58,33,-111720,16380,-910,110.0
29941,1016,-86,38,-117460,14560,-2520,110.0
29951,1023,-80,35,-122780,12950,-5460,112.0
29964,1009,-5,134,-132720,9030,-5880,114.0
29977,963,129,295,-140000,5110,-5670,114.0
29987,940,175,467,-149730,-1470,-4690,114.0
30000,923,231,465,-160230,-18760,-1400,114.0
30010,943,191,364,-169540,-24500,140,114.0
30023,986,157,228,-174930,-28700,2030,113.0
30036,998,122,45,-172690,-31640,3640,113.0
30046,1058,-121,-45,-166670,-31150,3780,112.0
30059,996,5,-74,-138810,-24640,4340,112.0
30069,1058,65,-98,-122850,-19040,5600,111.0
