t_ms,ax_mg,ay_mg,az_mg,gx_mdps,gy_mdps,gz_mdps,dist_mm
97,985,38,-155,-16730,11130,21420,129.0
111,998,55,-133,-22470,10290,23170,129.0
125,993,23,-167,-23520,9870,23870,112.0
138,1003,22,-157,-23240,9380,24220,113.0
151,1006,43,-241,-19740,8890,24990,113.0
161,991,24,-241,-18130,9310,25270,111.0
174,979,-42,-261,-16240,10080,25060,111.0
184,1005,19,-190,-15190,10850,24850,113.0
197,1009,46,-147,-15890,11550,26040,112.0
210,990,28,-186,-21490,12110,27160,112.0
220,1003,45,-120,-24780,12810,28070,114.0
233,1006,40,-129,-26810,13020,28980,114.0
243,991,-25,-196,-28210,12740,29820,114.0
256,994,-59,-156,-28630,12950,29960,113.0
275,1022,16,-66,-30100,11480,30240,113.0
285,1029,34,-14,-32410,10010,31080,116.0
298,1018,11,82,-34160,7280,32200,114.0
311,1034,50,146,-34790,3780,35560,114.0
321,1022,40,140,-33740,-560,35560,114.0
334,984,-31,-93,-27860,-8820,38080,114.0
344,954,-65,-208,-25270,-10920,38010,118.0
357,1007,-13,-192,-22960,-10850,38010,118.0
370,1031,-1,-163,-21910,-10360,39060,118.0
380,1021,11,-172,-21280,-9730,39410,121.0
393,1032,-86,-214,-19110,-7350,39480,121.0
403,935,-131,-245,-17430,-7140,39480,121.0
416,894,-127,-228,-14980,-6580,39200,125.0
429,1035,-86,-282,-14000,-6720,39620,125.0
439,1129,-144,-252,-11410,-6370,39200,121.0
452,1061,59,66,-11900,-4270,36330,121.0
462,1002,174,-165,-10990,-2590,32620,124.0
475,1043,99,-37,-9520,2380,26740,127.0
488,1124,106,-94,-5740,8120,23100,127.0
498,1182,68,-60,-4340,12740,19180,125.0
511,1163,42,-98,-3290,16590,15120,125.0
523,1112,57,-85,-2100,24290,6510,124.0
537,1072,27,-75,910,27860,2380,126.0
550,1020,39,-73,2730,31360,-1750,126.0
560,1027,37,-58,4410,34510,-5600,128.0
573,1048,35,-36,7210,38920,-12950,129.0
586,1193,44,22,8050,40040,-16450,129.0
596,1204,30,64,9310,41160,-19670,128.0
609,1195,13,16,11200,41020,-26180,128.0
619,1167,49,39,13510,41580,-28770,128.0
632,1134,34,77,19600,41300,-31290,130.0
645,1052,42,66,23240,40460,-33670,130.0
655,1025,48,63,27230,39550,-35770,133.0
668,1003,46,55,31640,38010,-39270,133.0
678,968,35,64,36260,36960,-41160,132.0
691,937,50,33,45990,35770,-42840,136.0
704,948,55,30,50960,35070,-44240,136.0
714,950,34,18,55300,34370,-45710,138.0
727,943,74,15,59080,33460,-49140,138.0
737,936,66,23,58380,32690,-51100,139.0
750,904,99,10,56070,32200,-53480,139.0
763,896,73,35,52710,31570,-57120,139.0
774,899,111,33,45570,29260,-58590,140.0
787,912,111,31,41930,28210,-59850,140.0
797,926,122,40,38290,27160,-60900,141.0
810,929,122,47,35210,25970,-61530,141.0
823,932,99,42,32900,23310,-62440,141.0
833,936,90,25,33460,22330,-62860,141.0
846,947,90,33,35210,21280,-62860,141.0
856,949,101,-2,37520,20160,-62860,140.0
869,939,137,-14,39830,19810,-61600,140.0
882,934,134,-22,43890,19110,-60620,140.0
892,945,123,-30,45080,18900,-59850,142.0
905,1006,162,9,45990,18760,-58660,142.0
915,1042,151,18,46970,17920,-57260,143.0
928,1084,174,23,49140,15540,-54110,140.0
941,1129,169,25,51170,14280,-52080,140.0
951,1143,161,18,54250,12950,-49980,141.0
964,1138,173,16,57750,11900,-47880,141.0
974,1110,168,1,61320,10850,-45570,144.0
987,1066,158,2,67970,8890,-41440,139.0
1000,994,131,-27,71050,7840,-39690,139.0
1020,965,151,-6,73290,6230,-37240,145.0
1038,1019,167,13,69580,3640,-35000,145.0
1051,1019,235,33,66290,2170,-31640,146.0
1064,1010,197,60,60760,-2100,-29680,146.0
1078,1031,210,66,59360,-4620,-27860,146.0
1088,1024,199,61,59500,-7140,-25340,149.0
1101,989,189,67,64540,-12110,-19740,149.0
1111,965,177,51,69230,-14420,-16940,151.0
1124,931,165,47,74620,-16380,-14070,154.0
1137,890,163,18,80500,-18410,-8750,154.0
1147,842,147,20,86450,-19950,-6440,151.0
1160,825,141,58,98070,-24220,-4270,151.0
1170,835,179,48,102060,-26670,-1890,156.0
1183,851,189,110,104090,-28910,350,155.0
1196,868,201,99,104720,-35350,4200,155.0
1206,906,180,83,104090,-37940,5390,151.0
1219,939,118,65,101290,-40250,5670,151.0
1229,951,101,43,99680,-42070,5320,150.0
1242,902,56,29,97230,-43260,4130,153.0
1255,857,92,20,88060,-44590,280,153.0
1265,810,64,21,81830,-45150,-2170,148.0
1278,718,65,49,74480,-45850,-4900,148.0
1290,724,52,114,66850,-46830,-7490,146.0
1304,770,63,94,53830,-50890,-11480,142.0
1317,895,135,111,49210,-52150,-11620,142.0
1327,932,106,107,45290,-53340,-11270,140.0
1343,922,95,76,39760,-54880,-11130,135.0
1356,983,73,28,37660,-54740,-10990,135.0
1366,1004,72,24,35700,-53620,-11270,135.0
1379,1024,63,0,33670,-49700,-12110,135.0
1389,1106,70,-129,31850,-46550,-13300,128.0
1402,1589,-1360,1102,66990,-32200,11690,125.0
1415,1771,19,597,106190,-13580,32340,125.0
1425,-376,921,-524,93100,7490,31360,125.0
1438,414,1315,-1188,111370,2590,38780,125.0
1448,819,687,219,114730,4760,36960,122.0
1461,1064,-23,-706,130270,3710,33180,118.0
1474,1052,342,-453,129150,9240,34650,118.0
1484,1002,446,-132,121800,8750,35350,119.0
1497,1020,42,-471,99680,8820,36190,119.0
1507,978,173,-479,86170,7490,36120,118.0
1520,913,183,-305,71330,5040,36400,117.0
1533,963,78,-234,41020,490,36400,117.0
1546,963,21,-407,28840,-1260,35770,118.0
1559,1003,49,-377,19250,-2520,34720,115.0
1573,1022,-28,-396,7700,-700,31010,115.0
1583,1006,-162,-418,8120,1190,27580,114.0
1596,970,-99,-398,10220,3010,24010,115.0
1609,984,-64,-368,12390,6160,18410,115.0
1619,1032,-69,-351,14910,7210,15890,115.0
1632,1095,-79,-438,5110,7980,13930,115.0
1642,982,-41,-405,-5110,8960,12880,113.0
1655,963,-27,-407,-8260,9940,11060,113.0
1665,974,-52,-401,-3920,12320,8680,115.0
1678,975,-24,-369,3780,16590,4690,117.0
1691,952,19,-334,1890,17500,3850,117.0
1701,970,40,-281,1120,18060,3220,113.0
1714,971,73,-259,2590,18620,2380,113.0
1724,951,77,-260,3640,18830,2450,115.0
1737,950,113,-189,1750,17430,2870,112.0
1750,980,146,-200,770,16660,3640,112.0
1760,971,141,-237,630,16240,4620,116.0
1773,968,118,-238,1050,15820,6370,116.0
1783,984,132,-225,-70,15750,7420,111.0
1798,969,70,-220,-1190,15120,8120,112.0
1811,971,31,-237,-280,14560,7700,112.0
1821,971,37,-169,-280,13440,7000,113.0
1834,1003,30,-159,70,12740,6160,113.0
1847,983,72,-188,770,12180,5600,113.0
1857,990,70,-135,910,11480,5460,112.0
1870,1013,17,-134,910,9660,5110,112.0
1880,970,99,-157,700,8470,5110,111.0
1893,973,45,-146,980,8470,4970,110.0
1906,1013,74,-99,1050,7070,4830,110.0
1916,960,72,-152,1050,6230,4900,112.0
1929,974,65,-116,140,3570,5180,112.0
1939,982,123,-161,-70,2310,5600,110.0
1952,977,113,-189,-420,1260,6300,110.0
1965,1000,54,-170,-1190,350,7280,110.0
1975,1006,61,-167,-420,210,7420,110.0
1988,988,11,-232,-1050,70,7490,110.0
1998,988,-5,-205,-1050,350,6930,111.0
2011,982,12,-213,-560,490,5880,110.0
2030,1000,-41,-236,-560,770,3500,114.0
2043,994,23,-256,1050,2170,1120,114.0
2056,994,8,-265,1260,3220,280,107.0
2069,998,67,-246,1820,5180,-630,109.0
2083,993,46,-317,910,6160,-420,109.0
2093,990,134,-355,1680,7910,-140,112.0
2106,985,150,-309,1190,9800,910,112.0
2116,997,125,-301,210,11410,2310,110.0
2129,977,135,-362,-1120,15610,4690,108.0
2142,991,133,-289,-1680,17990,5670,108.0
2152,987,79,-299,-2660,19740,6650,111.0
2165,987,86,-341,-2870,21490,7630,111.0
2175,984,99,-308,-3430,23800,8050,108.0
2188,991,58,-270,-4550,27020,8260,111.0
2201,993,125,-292,-5460,28490,8750,111.0
2211,972,106,-303,-7630,30170,9590,108.0
2224,957,67,-341,-11550,32270,10710,108.0
2234,967,79,-385,-18410,33320,11410,109.0
2247,989,40,-292,-40320,34720,12740,110.0
2260,1032,142,-291,-43540,36400,13230,110.0
2270,960,399,-468,-49630,39130,13860,112.0
2283,753,521,-686,-139650,31850,20860,112.0
2293,1175,-87,-813,-202930,31780,26600,107.0
2310,970,617,-653,-257530,18340,38780,106.0
2323,1062,307,-400,-364980,12180,44590,106.0
2333,1062,657,-92,-407610,8750,50120,108.0
2346,490,995,-241,-445340,1330,54950,109.0
2359,1094,-510,-216,-462210,-13510,57050,109.0
2369,1374,373,5,-463680,-18690,49210,108.0
2382,1173,400,493,-444570,-27160,47250,108.0
2392,1084,-516,-32,-380450,-41790,52080,112.0
2405,1376,-640,-439,-278250,-43820,48090,115.0
2418,1090,-694,-109,-25690,-28140,46900,115.0
2428,989,-561,67,86800,-21490,45570,117.0
2441,991,147,113,163030,-16170,43260,117.0
2451,982,564,248,205520,-14070,42770,119.0
2464,1083,448,-113,217070,-9520,39270,125.0
2477,1072,576,50,189070,-10640,37030,125.0
2487,1208,726,-39,167650,-7210,34160,126.0
2500,1131,612,-57,142450,-2590,31640,126.0
2510,1056,625,13,115570,1540,28140,131.0
2523,1029,676,70,58310,5250,21070,132.0
2536,978,548,118,33460,6160,17360,132.0
2546,948,405,91,16030,5880,14560,135.0
2563,917,251,-22,6580,7560,7910,140.0
2576,827,247,9,9520,9660,4900,140.0
2586,855,168,1,12810,11410,1750,142.0
2599,912,97,48,20300,13510,-6720,142.0
2609,995,113,95,23590,13090,-11270,145.0
2622,1108,45,144,26810,12180,-15820,144.0
2635,1109,52,157,29470,10360,-20720,144.0
2645,1045,37,157,31010,8260,-25690,145.0
2658,917,8,101,31360,3710,-36050,145.0
2668,815,-6,92,29120,1960,-41860,150.0
2681,701,8,54,25200,280,-47740,143.0
2694,710,18,62,19530,-1820,-58310,143.0
2704,785,37,45,12250,-2310,-62790,138.0
2717,865,55,34,-3500,-2800,-66640,138.0
2727,964,40,66,-9870,-2870,-69930,136.0
2740,1080,70,78,-13860,-3570,-72800,134.0
2753,1111,63,60,-15050,-5040,-75950,134.0
2763,1085,36,43,-12460,-5390,-77210,136.0
2776,975,62,-53,-9450,-4480,-78050,136.0
2786,878,30,-118,-6370,-2870,-78680,132.0
2799,816,48,-178,-3990,-210,-80500,134.0
2814,786,67,-120,-4270,6090,-81410,134.0
2824,793,112,-118,-6790,8260,-82180,131.0
2837,836,117,-69,-10290,10080,-82320,131.0
2847,916,160,-27,-13720,10850,-80430,132.0
2860,1006,173,-15,-17920,11270,-78330,133.0
2873,1142,211,-13,-18340,10990,-75600,133.0
2883,1172,205,-48,-17430,10780,-72100,133.0
2896,1166,189,-70,-15330,11970,-65030,133.0
2906,1146,150,-95,-12670,12880,-62230,134.0
2919,1145,190,-87,-7070,13370,-59290,134.0
2932,1228,164,-69,-3990,13930,-56070,134.0
2942,1306,178,-25,-910,14070,-53130,133.0
2955,1348,217,-3,6440,12110,-46480,133.0
2965,1405,206,0,10990,10710,-42910,136.0
2978,1411,173,19,16660,9030,-39690,140.0
2991,1342,162,-59,23660,7280,-34440,140.0
3001,1284,99,-78,31010,6930,-33250,140.0
3014,1275,132,-68,39760,6090,-32410,140.0
3027,1287,179,-46,38850,5880,-31430,146.0
3040,1305,6,-67,34790,5180,-34510,149.0
3053,1220,206,4,20510,4620,-34230,149.0
3066,1146,229,-56,12180,3430,-34300,150.0
3080,1008,337,-68,-12880,3150,-34090,155.0
3093,929,355,-50,-28700,2310,-34370,155.0
3103,913,320,-16,-44310,2030,-33740,156.0
3116,927,324,15,-55090,910,-30380,161.0
3129,914,297,84,-61740,-630,-27930,161.0
3139,829,328,36,-60970,-3850,-24780,172.0
3152,696,311,46,-60270,-6300,-21210,172.0
3162,581,285,73,-58450,-8960,-18620,169.0
3175,535,329,17,-53690,-14420,-12810,170.0
3188,445,359,18,-40110,-17430,-9450,170.0
3198,438,272,-9,-31710,-19460,-5880,179.0
3211,454,232,43,-21210,-21070,-3430,179.0
3221,468,230,-20,-8050,-23030,-1400,178.0
3234,478,198,-5,24360,-24920,2240,176.0
3247,529,173,57,42560,-27160,3640,176.0
3257,541,183,115,60690,-29330,4970,176.0
3270,557,191,97,78190,-32550,7910,176.0
3280,578,180,110,94640,-35560,9240,172.0
3293,599,165,76,123480,-41930,10220,167.0
3306,682,130,51,135940,-43960,11200,167.0
3319,722,110,29,147980,-45850,12110,167.0
3332,852,217,44,167230,-46340,12880,155.0
3345,916,195,9,172410,-46620,14490,155.0
3355,996,110,-90,174230,-45570,15190,156.0
3368,1042,367,4,166600,-42000,17430,156.0
3378,1053,211,37,159950,-41230,18620,152.0
3391,1081,289,-69,151620,-37730,20020,148.0
3404,1057,165,-46,142590,-34160,20650,148.0
3414,1036,314,-52,133070,-31150,21700,142.0
3427,1036,265,-80,113400,-22400,22540,142.0
3437,1046,250,-100,101920,-17780,22050,139.0
3450,1048,245,-111,89810,-13020,20720,131.0
3463,1086,182,-50,75740,-7910,15890,131.0
3473,1604,997,-908,67480,-7980,42280,124.0
3486,945,617,460,197960,21280,46270,124.0
3496,397,984,-780,185990,32690,48860,121.0
3509,307,705,-423,183890,27230,53550,121.0
3522,346,-256,-15,171850,26670,38360,121.0
3532,510,-649,-1124,196910,25970,33250,115.0
3545,1465,-200,129,169050,27440,31640,115.0
3555,1383,-473,-426,134750,21910,32340,112.0
3568,865,230,-795,110180,25550,26320,112.0
3585,931,-367,-769,55930,23940,21700,112.0
3595,1114,-317,-633,31500,23590,16100,114.0
3608,1125,-198,-661,-16310,27510,6720,112.0
3621,960,-170,-673,-34930,28560,2520,112.0
3631,941,-43,-655,-49770,29890,-980,110.0
3644,954,-57,-493,-63210,31220,-5530,110.0
3654,959,-19,-319,-73920,31500,-6790,112.0
3667,936,81,-227,-87920,28910,-7280,115.0
3680,932,159,-160,-89740,27370,-7140,115.0
3690,952,234,-108,-87500,26040,-6370,111.0
3703,926,267,-45,-80920,25060,-3220,111.0
3713,913,266,39,-69510,24220,-1540,113.0
3726,946,256,166,-36890,23030,210,113.0
3739,930,263,178,-17220,22190,1890,113.0
3749,949,269,189,1540,20650,5110,112.0
3764,938,303,-10,25130,16240,7210,108.0
3778,946,279,-82,27090,13720,9380,108.0
3788,956,248,-134,22960,10710,11200,113.0
3801,954,262,-197,3710,4410,14420,113.0
3811,963,224,-170,-6860,1610,15610,112.0
3824,969,174,-174,-14980,-700,16520,110.0
3841,996,92,-128,-19810,-3360,16940,110.0
3851,996,108,-132,-16380,-3500,16730,110.0
3864,984,113,-150,-10920,-3150,16380,111.0
3877,998,82,-173,0,-1610,15470,111.0
3887,1004,78,-198,2520,-910,15050,107.0
3900,992,91,-272,2170,-420,14490,107.0
3910,990,103,-278,-350,-70,14000,113.0
3923,985,99,-293,-4620,-70,13160,109.0
3936,992,92,-209,-11830,280,12810,109.0
3946,994,99,-188,-13790,0,12530,109.0
3959,952,192,-177,-14000,-350,12600,109.0
3969,943,226,-140,-12810,-910,13160,108.0
3982,971,184,-115,-6020,-1680,15470,109.0
3995,944,230,-222,-980,-1190,16800,109.0
4005,962,183,-291,3780,0,17920,110.0
4018,974,164,-312,6930,1890,18900,110.0
4031,984,117,-362,4690,5460,19880,111.0
4044,997,72,-390,770,7490,19740,111.0
4057,1019,18,-375,-4410,9240,18480,111.0
4067,1019,4,-399,-9590,11060,17430,109.0
4080,998,25,-443,-18340,15540,16030,107.0
4095,999,14,-441,-21140,18340,13090,107.0
4105,998,-10,-478,-22750,21700,13090,107.0
4118,1019,-61,-486,-23800,30240,9100,107.0
4131,1034,-34,-525,-25970,34930,7420,107.0
4141,1030,-43,-560,-29680,39900,6090,109.0
4154,1022,-26,-585,-34090,50330,3570,109.0
4164,980,62,-545,-39620,54250,2940,106.0
4177,949,197,-507,-58100,57680,3430,109.0
4190,910,315,-404,-69300,59920,5040,109.0
4200,935,347,-317,-81200,60970,8540,110.0
4213,917,518,-283,-105070,61530,19320,110.0
4223,892,615,-306,-123620,59990,25270,109.0
4236,879,824,-251,-150430,56630,31500,109.0
4249,986,748,-117,-176400,51310,46200,109.0
4259,1077,719,171,-199990,45990,54390,108.0
4272,932,852,109,-225960,35350,62510,108.0
4282,1388,186,319,-228690,28700,64120,105.0
4295,1205,292,2,-229670,21000,66990,114.0
4308,800,304,178,-224350,10150,68950,114.0
4318,907,262,1,-216510,7700,67900,110.0
4331,855,137,-32,-178150,3360,67830,110.0
4343,904,-292,-108,-138530,3570,67970,113.0
4357,962,-221,120,-35980,4410,61250,115.0
4370,989,-60,75,14350,6790,58240,115.0
4380,993,-105,76,55230,7630,55650,119.0
4393,971,-11,109,85470,7980,47180,119.0
4406,1036,89,206,112420,4830,42700,119.0
4416,1107,107,7,111020,2590,36050,120.0
4429,1232,303,278,101360,2870,27930,120.0
4439,1177,50,117,87360,-840,21630,123.0
4452,1046,147,128,73290,-4900,6930,123.0
4462,942,49,129,57540,-6720,-1400,129.0
4475,846,58,45,24430,-8050,-9450,126.0
4488,654,89,-32,8120,-8470,-17080,126.0
4498,680,59,-9,-7910,-7630,-24220,128.0
4511,789,141,71,-36330,-7420,-35350,128.0
4521,877,171,13,-48440,-6510,-38570,131.0
4534,1020,187,106,-59010,-6300,-40530,129.0
4547,1077,169,96,-67480,-7140,-43330,129.0
4557,1103,179,104,-72940,-7770,-43820,125.0
4570,1113,105,10,-77070,-7070,-44730,125.0
4580,1061,119,-53,-75180,-5530,-45430,129.0
4593,978,57,-43,-71680,-2870,-46060,131.0
4610,867,87,-67,-63140,2310,-47040,127.0
4623,818,75,-31,-58730,4900,-47040,127.0
4633,796,67,-11,-54460,6720,-47040,128.0
4646,792,118,-7,-45710,8960,-46060,128.0
4656,795,125,14,-41790,9730,-45150,127.0
4669,855,124,20,-37870,10220,-44450,126.0
4682,904,131,28,-33950,10780,-42420,126.0
4692,978,116,54,-30170,10430,-41510,124.0
4705,1047,154,39,-25200,10290,-40460,124.0
4715,1078,159,32,-24360,10360,-39270,123.0
4728,1152,148,26,-24010,10570,-38150,121.0
4741,1177,127,70,-20370,10220,-36330,121.0
4751,1207,95,89,-15890,8890,-35840,121.0
4764,1315,88,180,-10220,6860,-35420,121.0
4774,1318,90,165,-3500,3920,-34860,120.0
4787,1299,78,165,4060,1050,-33810,120.0
4797,1320,69,144,12320,-1820,-33530,121.0
4810,1313,58,85,28280,-6230,-33740,122.0
4823,1230,26,30,35490,-7420,-34580,122.0
4833,1228,43,60,40880,-7840,-35770,125.0
4846,1184,52,71,44100,-10080,-38640,125.0
4860,1118,134,50,43960,-11200,-39760,129.0
4874,1102,129,128,41720,-12390,-40670,133.0
4887,1117,298,81,32410,-16170,-40390,136.0
4900,981,256,80,27790,-17640,-38150,136.0
4910,885,246,86,24150,-19320,-35630,137.0
4923,798,270,48,21980,-22260,-30520,137.0
4933,785,188,-10,21840,-22260,-28280,141.0
4946,739,293,-13,23730,-22540,-25130,145.0
4959,699,312,13,25550,-22470,-21350,145.0
4969,666,349,11,25690,-22750,-17780,147.0
4982,661,378,-29,21210,-22260,-11130,147.0
4992,678,353,36,20440,-22610,-8260,145.0
5005,738,319,-10,22680,-22750,-5530,150.0
5018,735,320,-3,28070,-22050,-1190,150.0
5038,659,305,-48,49490,-17220,1400,147.0
5052,563,238,-103,57330,-14350,1190,149.0
5065,541,230,-47,64400,-11340,350,146.0
5078,612,255,21,66500,-7630,-2870,146.0
5088,725,343,21,60690,-6230,-3780,143.0
5101,884,332,59,51590,-4270,-4760,143.0
5112,932,336,113,41230,-3290,-5530,140.0
5125,988,298,96,21490,-2520,-6300,135.0
5138,1016,295,58,12180,-910,-6300,135.0
5148,1005,268,32,3640,840,-5740,129.0
5161,987,237,1,-3570,3150,-4830,129.0
5171,969,215,23,-9590,5810,-3990,127.0
5184,1003,215,52,-17920,10360,-1680,125.0
5197,1287,485,-111,-19250,11970,70,125.0
5207,1990,-443,-157,12670,7980,15680,119.0
5220,1945,-879,1201,98420,40880,78890,119.0
5230,298,-918,-594,132930,45500,79450,117.0
5243,545,581,258,128170,54670,87920,118.0
5256,344,-352,-70,124880,64750,92960,118.0
5266,1283,439,-531,126280,58030,80710,112.0
5279,882,-5,-274,150290,52290,64890,112.0
5289,1254,-209,269,139720,62370,68530,111.0
5302,869,198,-367,130410,54740,65310,111.0
5315,668,251,312,114660,51730,59570,111.0
5325,992,324,457,88550,40460,56980,111.0
5338,990,-137,159,32550,23520,54460,111.0
5348,1001,-11,114,6020,15610,51520,106.0
5361,993,-114,8,-17080,8190,47530,110.0
5378,1140,-368,18,-50190,420,36890,110.0
5388,1094,-336,-125,-60760,-1190,30870,106.0
5401,1085,-246,-149,-67900,-1610,24710,106.0
5414,1112,-256,-95,-78960,-840,14560,106.0
5424,1093,-219,-21,-84070,-910,10500,105.0
5437,1042,-52,5,-88550,-1330,7700,105.0
5447,1024,-5,81,-91350,-2310,5950,107.0
5460,996,21,206,-92680,-3780,4690,103.0
5473,1005,17,218,-89250,-8120,4340,103.0
5483,1015,33,159,-83790,-9590,4270,106.0
5496,992,-14,73,-76790,-9730,4060,106.0
5506,1037,39,106,-65240,-9030,4060,106.0
5519,1039,43,160,-42280,-6720,3990,110.0
5532,1016,108,248,-29610,-7560,3920,110.0
5542,1043,117,112,-18270,-6650,5040,106.0
5555,976,143,141,-3780,-5320,6720,106.0
5565,988,45,113,10080,-4340,9310,106.0
5578,1002,116,118,37240,-1120,10850,108.0
5591,996,94,77,46970,-70,12460,108.0
5601,1007,120,75,54670,560,14140,107.0
5614,1015,138,80,59220,350,17220,107.0
5626,1001,142,19,59430,-210,18550,102.0
5640,1085,145,42,54740,-770,19670,107.0
5653,1049,96,-498,-8540,-7140,21560,107.0
5663,1174,-170,23,6020,-4200,19180,104.0
5676,1033,-120,-293,420,-4760,18200,105.0
5689,1053,-108,-83,1540,-3290,14980,105.0
5699,1062,109,-113,-210,-630,13720,105.0
5712,1046,-62,18,490,1610,11270,105.0
5722,984,-131,-42,1050,1330,9100,108.0
5735,1022,-52,4,1820,1470,7210,103.0
5748,1015,-43,38,1680,1820,4690,103.0
5758,992,-37,41,1330,1260,4130,105.0
5771,1019,70,2,1610,1050,3990,105.0
5781,1024,101,23,1680,840,4620,104.0
5794,1037,92,17,1190,980,5460,106.0
5807,1024,70,19,1400,1120,7420,106.0
5817,1028,81,4,1050,1400,8540,103.0
5830,1044,94,-10,840,1680,9730,103.0
5840,1047,89,-11,980,2100,10920,104.0
5853,1056,120,-15,910,2520,13300,107.0
5866,1070,174,-24,-2030,3640,14700,107.0
5879,1128,273,-15,-7140,5110,16170,105.0
5892,1144,243,-68,-14140,10920,19670,108.0
5905,1161,222,-234,-24990,14980,21840,108.0
5915,1172,222,-296,-26880,19250,24640,107.0
5928,1186,242,-297,-27300,24010,28000,107.0
5938,1174,194,-242,-26600,28770,31850,111.0
5951,1122,247,-164,-29050,37310,37730,113.0
5964,1106,305,-70,-33670,39760,40460,113.0
5974,1059,527,-4,-35350,42000,45010,116.0
5987,1256,97,-19,-38850,42140,49910,116.0
5997,1005,320,196,-44730,42700,49490,116.0
6010,849,103,189,-64890,37310,54110,121.0
6023,1288,275,250,-71330,34510,54950,121.0
6037,1096,248,132,-70840,29470,53200,124.0
6051,1058,271,151,-67060,28700,52150,126.0
6064,1129,216,76,-61810,26040,48440,126.0
6074,1168,193,151,-55510,25340,46060,130.0
6087,1063,166,86,-27580,21420,44030,130.0
6097,1101,139,137,-7210,20860,42840,132.0
6110,1099,90,102,14910,19810,41440,136.0
6123,1080,153,116,36400,18620,38080,136.0
6136,1059,177,124,67970,17780,36400,142.0
6149,967,238,161,76790,16590,34440,145.0
6162,941,115,131,79520,13230,28910,145.0
6172,954,276,84,73150,12600,26530,148.0
6187,911,221,118,65380,11130,24850,149.0
6200,859,231,158,46900,7770,19950,149.0
6210,831,228,100,46900,6580,17850,150.0
6223,784,113,139,29330,5530,15120,150.0
6233,784,77,165,21280,3640,11550,155.0
6246,864,67,171,14070,1260,7630,156.0
6259,947,45,204,1680,-4340,-280,156.0
6269,1009,-22,257,-2030,-8470,-5110,154.0
6282,993,-114,277,-3220,-13020,-10360,154.0
6292,948,-177,219,-1890,-17500,-16170,158.0
6305,883,-207,220,1050,-21140,-29750,154.0
6318,817,-223,168,8820,-27720,-37030,154.0
6328,753,-223,172,11550,-30380,-44100,156.0
6341,722,-181,119,12180,-32970,-50750,156.0
6351,734,-53,120,10500,-34580,-56770,153.0
6364,760,-42,86,2800,-36400,-65310,151.0
6377,764,17,31,-1680,-36260,-68460,151.0
6388,796,28,-11,-6020,-35490,-70910,146.0
6401,847,-6,-33,-10220,-31080,-76020,146.0
6411,914,-27,-65,-14560,-31080,-79240,143.0
6424,981,-25,-83,-23870,-23870,-82460,143.0
6437,1078,-3,-93,-28000,-19880,-85400,143.0
6447,1109,-11,-71,-31710,-15680,-87780,135.0
6460,1128,0,-51,-37170,-8330,-91700,135.0
6470,1136,17,-58,-38640,-4690,-92750,136.0
6483,1097,0,-37,-39340,-1260,-93520,133.0
6496,1110,15,-37,-39480,1820,-94220,133.0
6506,1143,36,-9,-39620,4690,-94640,133.0
6519,1215,47,95,-38920,8610,-93940,133.0
6529,1261,61,130,-37660,8750,-92960,130.0
6542,1285,36,140,-35980,7840,-91910,132.0
6555,1337,70,198,-34370,4060,-89810,132.0
6565,1379,57,205,-32760,1470,-88480,129.0
6578,1376,88,239,-28280,-1400,-86660,129.0
6588,1350,75,230,-24920,-4970,-84420,131.0
6601,1281,64,188,-20860,-8470,-82250,136.0
6614,1262,66,173,-13300,-13790,-78190,136.0
6624,1266,48,193,-10080,-16730,-76440,140.0
6637,1299,95,172,-7280,-19670,-74410,140.0
6650,1295,95,179,-4760,-22260,-69020,144.0
6663,1262,86,123,1540,-27230,-66290,149.0
6677,1165,101,65,5040,-28910,-63280,149.0
6687,1112,90,42,9170,-29470,-59920,159.0
6700,1036,94,55,19530,-30170,-52640,159.0
6713,870,83,-70,25060,-29610,-48930,159.0
6723,812,95,-69,30030,-28000,-45150,166.0
6736,763,106,-54,34160,-26460,-41230,166.0
6746,717,96,-55,37660,-25340,-37170,166.0
6759,694,137,-75,44240,-22890,-28560,165.0
6772,604,124,13,47460,-22260,-23940,165.0
6782,563,139,30,50400,-22960,-19460,171.0
6795,524,151,55,53060,-25830,-10080,171.0
6805,495,155,72,55580,-27930,-5250,171.0
6818,459,167,66,60480,-30100,-280,172.0
6831,455,172,42,62790,-31850,4760,172.0
6841,494,189,32,64820,-32970,9800,164.0
6854,557,200,25,68180,-33740,20230,164.0
6864,620,194,40,69510,-33880,24920,167.0
6877,731,170,48,70560,-34090,29120,160.0
6890,781,185,54,70980,-33880,36050,160.0
6903,839,213,88,69440,-33880,39620,158.0
6916,1079,26,0,67130,-33600,42140,153.0
6929,1193,328,53,63980,-29680,45500,153.0
6939,1262,220,3,59850,-29680,47740,149.0
6952,1301,250,38,51030,-24780,49210,149.0
6962,1334,161,52,46200,-22470,49630,139.0
6975,1274,177,93,41510,-20510,49280,134.0
6988,1219,177,37,32200,-16800,47880,134.0
6998,1183,174,27,27020,-14350,46830,133.0
7011,1184,93,17,21350,-12040,45010,133.0
7021,1156,131,58,16450,-9240,42140,128.0
7034,1130,73,90,12740,-7210,39410,128.0
7051,1062,1,199,8400,-6160,32830,128.0
7061,1007,0,234,7350,-7490,28560,123.0
7074,959,19,251,6440,-12390,20720,118.0
7087,928,772,-391,9380,-17430,17150,118.0
7097,1535,-1542,1161,35840,-14350,30310,114.0
7110,1866,-188,700,59430,-8470,41090,114.0
7120,-138,617,-758,60410,-4970,39060,117.0
7133,219,773,-192,68950,-14070,37100,118.0
7146,873,-229,-308,74410,-8960,32410,118.0
7159,1160,-232,267,86590,-7280,27160,115.0
7172,1424,-599,-624,91350,-5670,23240,114.0
7185,791,437,-105,88760,-3010,21700,114.0
7195,1034,-151,-250,78960,-8120,19390,109.0
7208,1063,-164,-401,75250,-6300,14910,109.0
7218,1016,23,-647,70420,1120,13300,113.0
7231,993,53,-459,56420,4900,12670,111.0
7244,1039,-45,-514,47110,7840,11550,111.0
7254,994,68,-550,39060,11270,10080,111.0
7267,958,121,-520,19530,16170,8610,111.0
7277,981,104,-414,9380,17150,8400,111.0
7290,981,154,-394,350,18270,8540,110.0
7303,955,207,-355,-6860,19670,10080,110.0
7313,970,163,-336,-12950,20720,10710,108.0
7326,971,35,-103,-15960,22890,10150,108.0
7336,989,112,-40,-12670,22890,9450,111.0
7349,1015,12,-80,-5950,22610,8890,111.0
7362,995,105,17,3640,22960,8470,111.0
7372,957,185,-29,12390,22400,8960,111.0
7385,969,90,75,26110,20790,9800,111.0
7395,993,154,49,31570,18690,10220,114.0
7408,967,170,46,36400,16590,10780,110.0
7425,1010,114,0,43260,12390,12390,110.0
7435,972,203,-100,43820,10990,13370,109.0
7448,965,179,-142,41370,9730,15610,111.0
7461,992,147,-168,30380,7350,16590,111.0
7471,994,165,-176,22890,6440,17850,107.0
7484,998,141,-204,15120,5530,19250,107.0
7494,1007,112,-220,6580,4550,20440,105.0
7507,1005,108,-198,-10500,3500,22680,108.0
7520,1030,23,-219,-9940,4410,23240,108.0
7530,1042,-15,-203,-6230,6090,23450,104.0
7543,1037,-12,-206,-4900,7420,23310,104.0
7553,1035,-43,-223,-3920,8890,22610,107.0
7566,1027,-34,-183,-910,12180,19670,106.0
7579,1023,14,-222,-70,13580,18410,106.0
7589,1035,-71,-232,-280,15400,17220,106.0
7602,1011,19,-218,1820,19180,14910,106.0
7612,1014,27,-213,2100,21000,14420,106.0
7625,1017,95,-202,2030,22120,14350,107.0
7638,1015,114,-207,2030,23590,15120,107.0
7648,1027,116,-178,2310,24850,16100,105.0
7661,1033,186,-187,350,27790,18830,105.0
7672,1038,188,-157,-3430,29260,21000,108.0
7685,1032,177,-211,-6370,30730,23170,105.0
7698,1049,214,-213,-9380,35490,28210,105.0
7708,1060,294,-272,-12390,38920,31290,109.0
7721,1056,166,-270,-22260,42770,34440,109.0
7731,1032,206,-331,-27440,46830,37310,106.0
7744,1044,254,-318,-34720,51940,40460,105.0
7757,1051,260,-252,-53690,62510,48580,105.0
7767,1063,267,-181,-67340,65870,51590,107.0
7780,1421,834,-545,-50680,63000,48090,107.0
7790,1668,756,-608,-44730,66500,49350,109.0
7803,1356,321,491,-68040,77070,64120,113.0
7816,619,624,282,-67480,72800,71190,113.0
7826,1338,15,246,-72380,66080,67270,117.0
7839,1075,83,225,-77840,59780,64890,117.0
7849,1115,389,113,-81060,55790,63910,124.0
7862,1089,220,321,-83370,45080,65450,125.0
7875,1122,218,215,-76860,40110,64400,125.0
7885,1180,6,233,-71470,35280,62790,135.0
7898,1098,199,262,-60340,30450,60550,135.0
7908,1058,73,33,-44240,25200,60690,137.0
7921,959,-68,11,9520,24360,58660,141.0
7938,941,-73,-46,41930,27300,52430,141.0
7948,909,-113,-1,72240,28280,48580,147.0
7961,884,179,69,109690,28140,44730,153.0
7974,875,130,5,113890,27370,42420,153.0
7984,924,0,-24,110740,27230,37800,154.0
7997,950,297,169,90930,26950,28280,154.0
8007,891,57,-5,79940,26810,23100,158.0
8020,882,78,141,67480,25060,17430,163.0
8033,916,17,199,54740,22190,5320,163.0
8043,934,62,243,42840,18130,-140,165.0
8062,892,24,238,20510,8540,-9800,158.0
8075,850,11,258,210,-2100,-15120,158.0
8085,806,-14,229,-9450,-7280,-20580,165.0
8098,703,-44,193,-18690,-11900,-26180,167.0
8111,673,-79,161,-27510,-18550,-37940,167.0
8121,667,-87,124,-35280,-20650,-43750,164.0
8134,672,-77,42,-47040,-21700,-48930,164.0
8144,697,-55,15,-50960,-21560,-53550,161.0
8157,786,-36,-4,-53970,-20650,-57400,157.0
8170,853,-28,-36,-58590,-16730,-63420,157.0
8180,887,-48,-33,-60690,-14280,-66430,153.0
8195,948,-68,-33,-62580,-11900,-69510,153.0
8205,951,-79,-43,-64120,-9240,-72590,153.0
8218,950,-85,-96,-63560,-2450,-78470,143.0
8231,1036,-88,-36,-62230,1330,-81340,143.0
8241,1102,-44,9,-60200,4060,-83510,143.0
8254,1184,-84,7,-56280,5810,-85890,143.0
8264,1227,-84,100,-50680,7420,-87010,142.0
8277,1280,-81,158,-36960,6510,-87850,140.0
8290,1319,-45,234,-29890,4550,-88340,140.0
8300,1294,-20,298,-23590,840,-88620,134.0
8313,1269,16,309,-18620,-10010,-87920,134.0
8323,1236,31,321,-14630,-16100,-87080,136.0
8336,1204,23,349,-7980,-22750,-86240,132.0
8349,1159,-3,303,-5390,-29540,-85680,132.0
8359,1109,-43,279,-2940,-35350,-85750,133.0
8372,1063,-42,250,2520,-45570,-86870,133.0
8382,1036,-24,223,5880,-49840,-87150,133.0
8395,1033,-45,152,9660,-52990,-87220,134.0
8408,1015,-31,139,14140,-55860,-86940,134.0
8418,1006,2,85,18970,-58380,-85890,134.0
8431,998,5,60,28210,-61110,-84490,134.0
8443,996,89,-15,32480,-61950,-82250,138.0
8457,1007,128,-97,36820,-58730,-74830,141.0
8470,960,59,-121,47390,-55930,-71050,141.0
8480,960,55,-164,52990,-52920,-67830,139.0
8493,920,46,-130,58100,-49280,-64820,140.0
8506,933,97,-81,67130,-44520,-57750,140.0
8516,971,141,-82,70700,-42630,-53060,143.0
8529,1031,190,-11,74270,-41160,-47740,143.0
8539,1038,209,-33,77770,-40530,-42140,145.0
8552,1009,212,-36,81130,-39480,-30380,150.0
8565,962,184,-5,87920,-37520,-25130,150.0
8575,929,177,11,91210,-37170,-20300,150.0
8588,883,183,-8,93660,-36960,-15820,150.0
8598,856,190,25,95340,-36470,-11480,150.0
8613,847,188,31,96950,-36890,-3360,146.0
8626,876,201,22,97020,-36750,630,146.0
8636,862,204,29,96880,-36260,4340,148.0
8649,852,161,44,96250,-36050,9870,146.0
8662,864,192,55,92540,-35910,11690,146.0
8672,880,198,39,89600,-35700,13790,148.0
8685,920,208,59,86380,-35210,15960,148.0
8698,966,211,71,79030,-34860,20020,147.0
8711,1059,208,51,74830,-34160,21910,145.0
8724,1062,167,63,69860,-33320,23380,145.0
8734,1042,161,62,64190,-32690,23380,143.0
8747,1015,150,47,51520,-30940,22540,143.0
8757,990,143,17,44800,-29470,21630,143.0
8770,946,112,24,37870,-27790,20230,135.0
8783,962,104,33,30870,-24990,16940,135.0
8793,1008,141,30,23380,-23520,15330,138.0
8806,1073,191,58,-350,-21910,13370,138.0
8816,1122,187,79,-15260,-21000,11620,132.0
8829,1119,254,96,-31150,-20440,10290,132.0
8842,1086,230,96,-61040,-20160,9450,132.0
8852,1046,224,105,-71610,-20370,9590,129.0
8865,1032,114,68,-78820,-20160,9450,129.0
8875,1080,86,39,-83090,-19600,8820,123.0
8888,1142,39,27,-86100,-18340,8820,125.0
8901,1899,-777,190,80990,-14420,33740,125.0
8911,1846,-1187,719,111580,-1400,33180,122.0
8924,917,-81,-839,94080,1680,37380,122.0
8934,761,596,-571,106470,9940,37100,119.0
8947,874,69,-364,115570,17640,30030,119.0
8964,860,-170,-398,126280,23940,24150,118.0
8977,868,-237,-1183,166880,33180,13020,118.0
8987,957,-548,-1183,203770,38360,4200,116.0
9000,910,143,-279,202860,44590,-700,116.0
9010,1328,-589,-522,198870,46620,-4550,112.0
9023,1093,-36,-294,208600,51380,-8610,112.0
9033,985,117,-491,197260,51520,-9310,112.0
9046,865,203,-303,168910,46900,-9100,110.0
9063,981,124,-280,115430,36540,-7560,110.0
9077,683,325,-765,51100,24360,-7210,110.0
9087,827,133,-252,-11410,19670,770,113.0
9100,988,291,-8,-38990,14700,3990,113.0
9110,1155,31,13,-55930,8190,5810,114.0
9123,393,465,-777,-63490,-1400,7140,107.0
9136,932,3,171,-66430,11270,11200,107.0
9146,1035,315,81,-59920,5040,14070,111.0
9159,851,364,-273,-38640,9310,17220,111.0
9169,941,39,-224,-23380,10290,18130,108.0
9182,963,204,-201,-9170,12110,18550,109.0
9195,1096,-68,-225,2030,14000,18340,109.0
9205,1036,-50,-246,2170,14700,17990,109.0
9223,1016,-36,-141,-8470,14070,16730,112.0
9237,1024,-19,-263,-3990,13930,14350,112.0
9247,976,72,-167,-4830,14070,13440,111.0
9260,1008,-12,-155,-2450,13930,12110,110.0
9273,984,53,-227,-2170,13650,10220,110.0
9283,993,30,-199,-1750,13720,9590,108.0
9296,989,53,-251,-1120,13930,8960,108.0
9306,982,55,-226,-1050,14420,8540,109.0
9319,990,93,-249,-1050,15050,8470,108.0
9332,988,112,-278,-1960,17080,9730,108.0
9342,988,135,-252,-2590,18060,10920,108.0
9355,983,144,-292,-3430,19250,12320,108.0
9365,991,144,-267,-3990,20510,13580,108.0
9378,998,140,-261,-4340,21770,15890,108.0
9388,993,129,-281,-4480,23170,16800,106.0
9401,1000,118,-251,-5040,26180,17500,106.0
9414,992,74,-267,-6090,27860,17990,106.0
9424,995,66,-239,-8680,29750,18410,108.0
9437,1011,50,-147,-15750,34440,19670,108.0
9447,997,10,-158,-41160,36820,20090,108.0
9460,985,-42,-279,-50680,39900,19810,107.0
9475,979,-24,-307,-54600,45850,18200,107.0
9485,974,1,-351,-54600,49210,17430,104.0
9498,984,33,-343,-51520,52570,16520,107.0
9511,999,134,-312,-49000,56140,16030,107.0
9521,1042,196,-291,-49420,60340,15960,108.0
9534,1047,395,-156,-80990,68880,16170,108.0
9544,1118,594,-72,-108290,73010,21280,105.0
9557,1100,74,-117,-122360,75880,29190,105.0
9570,1075,507,112,-135100,78960,44660,105.0
9580,1103,582,207,-149240,78960,51660,106.0
9593,1053,666,210,-157920,73920,55860,106.0
9603,1869,437,-772,-108150,65310,44030,110.0
9616,1060,186,-221,-93380,74060,55510,111.0
9629,1384,265,1108,-107240,56910,56350,111.0
9639,1305,524,-261,-110810,58170,59640,115.0
9652,1089,197,476,-85960,57610,60060,115.0
9662,1172,12,-161,-52570,50820,62160,122.0
9675,1216,-64,104,-12530,56490,63280,129.0
9688,1232,-56,107,54880,54530,59990,129.0
9698,1248,198,-8,74620,55090,59710,132.0
9711,1163,85,249,89040,52290,58240,132.0
9723,1073,244,205,96670,49000,54320,138.0
9737,996,257,29,97020,42560,53340,147.0
9750,947,185,127,92190,42140,49280,147.0
9760,905,60,39,83370,41370,45290,153.0
9773,816,77,-45,74900,43260,36890,154.0
9786,719,-3,133,55650,42840,31500,154.0
9796,663,2,220,46130,40180,26110,161.0
9809,714,97,235,35560,35630,21350,161.0
9819,871,139,222,22190,31010,17500,167.0
9832,904,133,305,630,21140,13510,162.0
9845,784,11,254,-5390,15330,10640,162.0
9855,737,-51,290,-9240,9870,7420,169.0
9868,702,-53,272,-10990,3850,-420,169.0
9878,662,-137,196,-12320,-1610,-5880,166.0
9891,629,-146,189,-17080,-10430,-11830,172.0
9904,668,-96,142,-19810,-14210,-17430,172.0
9914,689,-61,127,-22190,-16940,-21980,164.0
9927,690,-93,106,-25830,-20650,-29960,164.0
9937,701,-69,93,-26810,-21980,-33530,167.0
9950,743,-45,61,-27160,-22820,-36470,167.0
9963,758,-61,29,-26950,-23240,-39270,167.0
9976,784,-95,14,-25200,-22260,-45430,164.0
9989,861,-124,-35,-23800,-21070,-49000,159.0
10002,895,-113,-51,-21980,-19250,-56140,159.0
10012,941,-86,-40,-20160,-17010,-58940,155.0
10025,982,-76,-6,-16310,-13090,-61390,155.0
10035,1018,-45,-1,-14700,-11760,-63210,149.0
10048,1098,-16,36,-13720,-10570,-64820,151.0
10072,1211,-6,100,-11970,-11270,-68460,150.0
10086,1298,35,126,-11130,-12250,-68880,150.0
10096,1324,47,167,-10710,-13860,-69090,145.0
10109,1325,56,181,-10780,-19040,-69160,145.0
10122,1312,31,218,-11830,-21980,-69510,145.0
10132,1288,1,211,-13230,-25620,-70490,144.0
10145,1206,78,241,-15190,-29330,-71470,144.0
10155,1213,83,225,-17220,-33810,-71680,144.0
10168,1198,118,259,-19530,-42700,-70280,144.0
10181,1177,115,238,-20160,-47670,-69860,144.0
10191,1153,113,210,-20930,-52080,-69020,146.0
10204,1103,98,198,-21560,-56000,-67830,146.0
10214,1058,82,157,-22050,-59640,-67550,145.0
10231,1017,93,90,-22120,-64260,-67130,145.0
10244,983,94,91,-20790,-66990,-66010,150.0
10257,999,134,-67,-19600,-66850,-64470,150.0
10267,1002,93,-61,-17080,-64820,-62930,150.0
10280,981,98,-123,-12600,-62720,-61530,150.0
10290,954,92,-114,-6650,-59570,-59710,153.0
10303,928,94,-86,7140,-55020,-55580,153.0
10313,897,158,-67,13020,-52920,-52430,154.0
10326,800,230,-33,16870,-51380,-48790,158.0
10339,763,262,-46,18830,-49280,-40250,158.0
10349,719,238,-35,19950,-48370,-36120,155.0
10362,665,167,-54,24920,-47390,-32550,155.0
10372,631,133,-36,30240,-46340,-29400,157.0
10385,654,156,22,36330,-45570,-26670,154.0
10398,690,172,-23,51030,-45150,-19810,154.0
10408,714,152,-22,59710,-44450,-16310,153.0
10421,751,132,-8,69300,-43960,-13020,153.0
10431,744,124,-10,79170,-43190,-9660,158.0
10444,752,133,21,87640,-42490,-3990,149.0
10457,763,146,91,96180,-42490,-1470,149.0
10467,767,177,75,96740,-43470,1400,150.0
10484,830,181,76,95340,-44310,7140,144.0
10497,840,122,118,93660,-44800,8330,144.0
10507,875,165,155,91420,-45990,9590,138.0
10520,930,129,123,89670,-47600,11690,138.0
10530,976,113,114,87920,-48510,13370,137.0
10543,1019,95,128,83510,-50260,15330,134.0
10556,1176,122,95,81200,-50610,16450,134.0
10566,1210,90,44,78820,-50190,17570,128.0
10579,1173,78,53,76090,-48790,17850,128.0
10589,1139,71,86,72730,-48090,16800,124.0
10602,1426,-546,912,45780,-36120,37800,119.0
10615,897,-368,485,4550,12390,79170,119.0
10625,-177,1060,-1441,8470,10150,67760,116.0
10638,-377,1279,-460,63280,7420,75250,116.0
10648,662,711,548,61740,14420,69370,119.0
10661,941,-536,-352,70070,10850,53060,115.0
10674,722,-409,-240,92680,11550,41790,115.0
10684,1570,-209,-19,106540,10080,41790,115.0
10697,1158,75,-180,109620,19670,34300,115.0
10707,956,-279,-380,114030,16240,30380,111.0
10720,1379,69,-507,112700,13930,25270,110.0
10737,529,-445,-593,770,5250,19040,114.0
10750,931,-422,-14,-28770,4970,17150,114.0
10760,1148,-722,-294,-35840,3010,8540,112.0
10773,1002,-209,-629,2940,12460,-9030,112.0
10783,1024,-174,-460,15750,17220,-14840,112.0
10796,1100,-201,-260,21910,18480,-19040,113.0
10809,1014,-35,-326,24850,20230,-23100,113.0
10819,929,259,-218,30590,21910,-22680,111.0
10832,893,237,-166,31500,19880,-21140,111.0
10842,908,136,-67,32550,17990,-18760,114.0
10855,876,476,-152,29050,13860,-15050,112.0
10868,904,501,-161,26180,10080,-3850,112.0
10878,939,521,-167,24430,9520,2730,111.0
10891,840,502,-324,21490,9100,9170,111.0
10901,842,413,-298,22120,9450,14980,108.0
10914,1057,309,-383,21350,8540,20020,108.0
10927,1067,104,-441,-14700,8190,28630,108.0
10937,1003,220,-214,-17780,7980,30170,111.0
10950,1047,-117,-307,-7140,10010,28980,111.0
10960,995,-89,-317,-8750,11620,27300,111.0
10973,1043,-98,-245,-10710,14700,21140,102.0
10988,981,-121,-333,-5950,17010,17640,102.0
10998,994,-53,-326,-5040,18830,14490,109.0
11011,985,29,-296,-2940,20930,11900,109.0
11022,995,86,-258,-2520,23310,12320,111.0
11036,999,197,-261,-2450,24150,13510,109.0
11049,1008,257,-263,-3570,25060,18970,109.0
11066,1029,321,-116,-12530,27580,22960,109.0
11079,1036,292,-66,-27510,30450,31990,110.0
11092,982,155,-185,-63700,31640,35700,110.0
11106,979,149,-251,-74410,32690,38710,110.0
11116,1000,56,-252,-79660,33880,40670,109.0
11129,1015,99,-292,-72030,36050,42070,109.0
11139,1015,133,-276,-63070,36820,42560,109.0
11152,974,-42,-290,-50120,36750,42210,111.0
11165,957,-60,-330,-34930,36400,39830,111.0
11175,967,-62,-290,-20160,36470,38430,111.0
11188,990,0,-220,1400,37100,37380,111.0
11198,997,-6,-215,3850,38430,37170,112.0
11211,963,-177,-177,280,40320,36400,110.0
11224,958,-103,-186,-12040,44450,34440,110.0
11235,993,-2,-220,-21770,47740,34230,110.0
11248,1046,72,-274,-33460,51800,34720,109.0
11262,1032,86,-278,-46340,62160,38220,109.0
11272,1032,40,-245,-72730,67130,39410,111.0
11285,1183,-5,-49,-84980,70770,41370,111.0
11295,1578,88,84,-92610,71400,40670,112.0
11308,1756,1365,-486,-66710,70140,31640,114.0
11321,1428,179,429,-90370,87500,48510,114.0
11331,1002,319,284,-95410,79870,47460,118.0
11344,1140,531,193,-98490,74900,42910,118.0
11354,1512,180,-34,-102130,70490,44660,120.0
11367,1148,236,456,-99610,61880,45150,126.0
11380,1232,34,120,-84840,63210,45010,126.0
11390,1221,273,241,-71260,60200,44240,132.0
11403,1202,123,-66,-54950,55160,45080,132.0
11413,1182,104,170,-35280,55720,45710,136.0
11426,1133,-12,132,8190,51100,43470,144.0
11439,954,83,55,25550,50190,42560,144.0
11449,865,143,59,38640,48510,40810,148.0
11462,799,227,133,45220,46970,35840,148.0
11472,755,19,68,46410,44450,30940,153.0
11485,748,280,45,33740,41930,27370,154.0
11502,737,139,104,14560,37450,19390,154.0
11512,752,116,182,4060,33110,14280,161.0
11525,894,83,222,-5670,28630,9520,161.0
11538,939,38,277,-14280,23590,4760,161.0
11548,952,-16,293,-20230,17640,-280,164.0
11561,907,-71,269,-21560,5460,-11200,164.0
11571,844,-90,252,-18830,0,-17010,168.0
11584,650,-155,234,-14910,-5530,-23170,167.0
11597,554,-137,183,-11060,-10710,-35910,167.0
11607,511,-99,135,-8260,-14910,-41370,167.0
11620,537,-51,71,-8050,-20440,-46410,167.0
11630,609,-8,57,-10360,-21700,-50960,163.0
11643,726,-42,63,-12880,-22400,-54950,164.0
11656,790,-39,58,-15190,-23310,-62510,164.0
11666,842,-42,2,-15120,-22260,-65800,162.0
11679,882,-44,-33,-14840,-20510,-68740,162.0
11689,885,-38,-63,-14210,-18340,-71470,159.0
11702,880,-29,-82,-13650,-15680,-76090,156.0
11715,889,-30,-29,-13790,-9940,-78190,156.0
11725,916,-35,-3,-14630,-7910,-80220,152.0
11738,988,18,6,-15330,-6370,-81690,152.0
11751,1026,30,71,-15190,-5390,-82180,145.0
11764,1086,41,76,-11410,-5740,-81830,141.0
11777,1176,-9,98,-8260,-6090,-81200,141.0
11787,1208,30,114,-5460,-7000,-80990,142.0
11800,1225,36,154,-3640,-10430,-80220,139.0
11813,1206,48,245,-3430,-14140,-79520,139.0
11823,1209,56,243,-3500,-18410,-78820,133.0
11836,1224,70,262,-3850,-22750,-77910,133.0
11846,1226,95,294,-4200,-27510,-76650,131.0
11859,1204,78,252,-4130,-37870,-73360,133.0
11872,1194,29,280,-3570,-42490,-72170,133.0
11882,1191,7,258,-2590,-47530,-71540,133.0
11895,1195,12,236,-840,-56420,-70700,133.0
11905,1211,-2,208,2030,-59990,-69860,134.0
11918,1229,-13,134,13580,-62720,-68530,136.0
11931,1246,-3,96,21350,-64610,-67340,136.0
11941,1244,12,70,28980,-65730,-66010,137.0
11954,1239,1,48,44030,-66430,-62930,137.0
11964,1178,-5,70,50610,-67130,-61600,139.0
11977,1069,113,-33,54530,-67410,-59430,142.0
11990,978,66,-33,56000,-66080,-55090,142.0
12003,903,42,-94,56280,-62860,-53620,146.0
12016,769,159,-113,56000,-60130,-50750,150.0
12029,704,135,-96,55370,-54740,-44730,150.0
12039,696,328,-146,53970,-54740,-39060,156.0
12052,758,458,115,39900,-48650,-32760,156.0
12065,810,410,137,20650,-49630,-29330,151.0
12078,810,697,-72,-33740,-48930,-18970,152.0
12091,813,480,98,-59710,-47320,-13510,152.0
12101,813,424,-88,-79800,-46760,-9730,152.0
12114,756,362,-126,-92330,-43400,-5810,152.0
12124,741,243,-70,-98840,-39620,-2590,150.0
12137,753,241,-77,-104580,-33460,630,148.0
12150,718,234,31,-106820,-30590,2240,148.0
12160,753,122,-33,-107380,-29680,3920,147.0
12173,816,159,-62,-104930,-27930,6300,147.0
12183,857,116,34,-100870,-25200,8890,146.0
12196,855,253,-102,-86800,-22260,11410,142.0
12209,797,32,13,-77070,-18900,11830,142.0
12219,838,-13,-27,-67550,-17220,11760,139.0
12232,912,-23,-11,-58660,-12320,10640,139.0
12242,944,-41,51,-40250,-11060,10430,133.0
12259,1081,44,108,-31080,-10080,11410,128.0
12272,1691,1168,783,31150,560,55090,125.0
12285,1151,223,743,100240,8890,77280,125.0
12295,-69,1388,-1188,88830,13720,67900,124.0
12308,-160,1310,-38,108290,9310,83370,124.0
12318,604,993,399,115850,8750,71540,123.0
12331,890,371,-283,89950,6790,52500,123.0
12341,1087,-368,-75,97650,10710,52220,123.0
12354,1357,-254,-96,99820,7700,52220,119.0
12367,1005,196,-173,91140,11410,47040,119.0
12377,868,287,-114,84700,10220,43260,117.0
12390,1018,-84,-218,77840,9870,40670,117.0
12400,1099,-88,-246,69930,8260,36750,118.0
12413,965,70,-115,60270,8610,29750,115.0
12426,1062,73,-165,33950,1960,26880,115.0
12436,1016,-81,-187,23940,-420,23730,114.0
12449,1023,75,-181,13930,-2240,20930,114.0
12459,1058,20,-178,5110,-3360,18900,115.0
12472,1052,-21,-208,-1190,-3010,13930,116.0
12485,1027,50,-107,-7490,-2940,11340,116.0
12495,1018,106,-135,-9030,-3290,9520,117.0
12510,987,132,-197,-9030,-1610,7210,113.0
12524,987,186,-191,-5740,140,6790,113.0
12534,979,174,-252,-3500,2030,6650,118.0
12547,999,133,-107,-280,4340,6300,118.0
12557,1047,38,108,1470,4410,4620,114.0
12570,1021,109,49,2870,-1190,4550,114.0
12583,957,223,-22,4970,-3290,4900,114.0
12593,1001,94,65,10360,-3710,4900,111.0
12606,992,190,38,17570,-4410,5110,111.0
12616,943,261,-40,24850,-4060,5530,116.0
12629,940,245,-20,39060,-3710,6300,113.0
12642,968,290,-115,43540,-3360,8120,113.0
12652,916,302,-199,46480,-2590,9940,113.0
12665,920,306,-228,45640,-1400,12390,113.0
12675,971,252,-257,39480,-770,13860,111.0
12688,1000,205,-332,30730,-140,14840,110.0
12701,999,178,-298,19320,350,15960,110.0
12711,1008,131,-274,6930,70,15820,110.0
12724,1026,119,-308,-14420,-420,15820,110.0
12734,1018,95,-234,-19460,910,15470,113.0
12747,1001,117,-185,-20650,2310,15190,111.0
12764,1029,139,-120,-11340,6440,15050,111.0
12774,996,159,-69,-4830,8540,15400,110.0
12787,986,211,-123,490,9590,16100,112.0
12800,956,216,-154,4830,10500,19180,112.0
12810,962,309,-185,4200,11200,21630,110.0
12823,969,327,-130,3500,12320,24220,110.0
12833,944,299,-134,140,12460,27300,109.0
12846,931,334,-114,-3430,10780,33180,109.0
12859,935,215,65,-5110,9590,35980,109.0
12869,977,211,28,350,8890,38710,109.0
12882,937,274,-18,9590,9380,41160,109.0
12892,931,306,-80,20020,10640,44030,110.0
12905,947,250,-82,37030,14210,49770,106.0
12918,982,126,-120,42840,16030,51870,106.0
12928,1288,-125,-386,45360,16800,53480,103.0
12941,1340,-1001,-846,17500,12530,52360,103.0
12951,920,332,192,-10150,21420,45570,106.0
12964,1241,-119,-269,8820,25690,40950,105.0
12977,1004,-274,-223,7770,29400,34300,105.0
12987,1076,268,-436,10570,31920,29820,106.0
13000,970,-341,-247,6720,41300,23590,106.0
13012,902,-116,-284,9310,43540,19670,107.0
13026,1001,-27,-106,3780,47810,17360,105.0
13039,1059,-138,-70,-3010,52290,15540,105.0
13049,1103,-6,90,-4130,51310,16590,105.0
13062,1250,-53,298,-11340,57680,18830,107.0
13079,1302,451,-253,-17220,54250,22260,107.0
13089,1579,751,0,-35700,62230,24850,108.0
13102,1037,0,-34,-45500,62510,28700,108.0
13115,938,106,-13,-51940,67270,32970,108.0
13125,1056,235,20,-56980,67760,36330,115.0
13138,1217,707,-48,-61600,69300,41510,115.0
13148,1259,443,155,-68180,70280,48160,115.0
13161,862,260,477,-74690,69020,51520,120.0
13174,762,437,508,-86870,49420,52150,120.0
13184,925,584,202,-88970,44240,53970,123.0
13197,1610,253,449,-88340,35000,54600,123.0
13207,1197,296,147,-79170,27440,52990,130.0
13220,1200,87,71,-58240,23520,50470,132.0
13233,1065,28,-6,5600,24640,47530,132.0
13243,1046,-2,74,31570,25480,43050,139.0
13256,1070,312,160,47600,24150,39340,139.0
13268,1071,76,101,53620,22400,30310,144.0
13282,1026,274,192,49280,20090,25270,151.0
13295,791,146,100,43470,17360,21210,151.0
13305,683,158,62,35490,15750,15470,151.0
13318,615,164,-29,15050,16310,4760,154.0
13331,668,94,120,3780,16660,-700,154.0
13341,779,134,152,-7840,15050,-6160,152.0
13354,868,92,253,-20720,12670,-16590,152.0
13364,922,67,408,-33390,8050,-22050,155.0
13377,944,31,431,-49700,-8120,-27440,155.0
13390,928,-77,389,-50680,-16030,-32830,155.0
13400,888,-101,287,-47880,-22750,-38080,154.0
13413,833,-124,197,-43470,-30170,-48230,154.0
13423,774,-85,101,-38220,-30870,-52570,156.0
13436,749,-182,27,-29890,-30240,-57610,153.0
13451,755,-28,48,-28630,-28770,-66990,153.0
13461,772,-1,56,-29540,-28350,-69790,151.0
13474,816,58,51,-34860,-27720,-71680,152.0
13487,869,72,9,-38080,-26740,-73150,152.0
13497,880,62,-38,-40670,-24920,-74130,151.0
13510,883,36,-63,-42420,-18690,-75740,151.0
13523,890,-2,-128,-41510,-14560,-76720,147.0
13536,921,-11,-140,-39970,-9800,-78890,145.0
13549,940,-31,-39,-36960,210,-80010,145.0
13559,943,6,-39,-34790,3010,-80290,140.0
13572,1036,8,-80,-31430,5810,-79730,140.0
13582,1087,10,-3,-27790,9030,-79310,137.0
13595,1185,35,-2,-24850,12670,-78400,137.0
13608,1248,75,148,-21490,12320,-77280,137.0
13618,1295,43,206,-20650,10780,-76300,131.0
13631,1285,43,228,-20020,7910,-75810,131.0
13641,1293,70,249,-19600,4340,-75180,133.0
13654,1306,107,282,-18270,-4270,-72240,131.0
13667,1288,80,291,-17570,-9170,-70490,131.0
13677,1295,59,257,-17080,-14140,-69230,133.0
13690,1316,78,280,-16660,-18550,-67340,133.0
13700,1342,61,266,-16240,-23240,-66500,131.0
13713,1342,61,215,-13720,-31710,-65520,138.0
13726,1294,79,169,-9520,-34860,-63770,138.0
13736,1242,4,169,-1820,-37310,-61600,141.0
13749,1192,30,103,8610,-40810,-57540,141.0
13759,1140,14,41,20160,-40880,-55160,145.0
13772,1062,51,-6,44240,-40880,-52710,149.0
13791,856,112,-78,60690,-38220,-46830,151.0
13804,659,147,-89,64190,-36260,-43890,151.0
13814,559,175,-84,65520,-34300,-40600,151.0
13827,517,179,-9,66710,-32340,-33250,151.0
13837,513,184,-50,66640,-31290,-29680,155.0
13850,603,186,-10,66080,-30800,-26320,155.0
13863,691,276,26,65170,-30520,-17990,155.0
13873,745,313,46,64120,-30590,-13020,156.0
13886,792,242,21,62020,-30310,-9030,156.0
13896,828,240,39,60970,-29890,-5600,150.0
13909,812,245,23,60060,-29610,-2310,150.0
13922,809,208,6,58730,-28210,3010,150.0
13932,836,206,10,56910,-26950,4830,148.0
13945,822,181,3,51800,-25620,6090,148.0
13955,867,175,17,48230,-24220,6930,146.0
13968,951,200,-10,44100,-22960,7700,142.0
13981,996,192,5,34580,-19110,9450,142.0
13991,1016,181,77,29820,-18690,10150,137.0
14004,1071,196,98,25200,-18060,11060,137.0
14014,1090,183,96,21140,-17990,12250,134.0
14027,1109,179,100,17850,-17920,14560,131.0
14044,1194,162,66,13440,-17570,16030,131.0
14054,1175,138,73,11550,-16520,16940,125.0
14067,1149,181,61,7420,-14560,18550,127.0
14091,1632,538,-80,4270,-13160,19250,122.0
14105,1963,-1023,416,31150,7280,54950,121.0
14118,1075,548,-280,33530,10150,63910,121.0
14128,698,756,-429,30590,18620,62510,120.0
14141,532,872,-337,43540,20790,62020,120.0
14151,611,298,-283,47110,20860,62160,120.0
14164,624,-225,44,44660,18480,51100,121.0
14177,1315,208,-176,50120,17430,46340,121.0
14187,1091,55,23,57470,20090,44940,117.0
14200,1043,5,-40,57820,19880,44870,117.0
14210,1086,16,-18,59080,19320,43400,115.0
14223,951,188,-1,60340,18060,41650,116.0
14236,977,161,50,59780,16030,39900,116.0
14246,1086,-85,40,57470,12810,38430,114.0
14259,1030,15,49,50750,7420,34930,114.0
14269,1007,70,13,46830,5040,32480,114.0
14282,1032,31,-40,45080,3570,29960,114.0
14298,1045,-208,-257,44100,4760,22820,114.0
14308,1131,-189,-240,45360,7420,19250,111.0
14321,1062,-142,-117,41650,6860,15260,111.0
14334,1068,-137,-21,37450,6020,7980,111.0
14344,1032,-6,23,30520,3360,5600,109.0
14357,990,81,31,10640,-3990,3780,109.0
14367,1008,-18,49,1050,-8050,2450,110.0
14380,1080,-106,-55,-6020,-11340,490,110.0
14393,1016,-81,-63,-8820,-13020,-6930,110.0
14403,1015,-103,-183,-6300,-12250,-9940,112.0
14416,1037,-16,-157,-3290,-9870,-12250,112.0
14426,1020,72,-130,210,-8120,-14000,112.0
14439,952,216,-175,1750,-7210,-14700,110.0
14452,963,261,-114,-2520,-6160,-13090,110.0
14462,966,242,-38,-7490,-7420,-11760,114.0
14475,945,333,-109,-13300,-9520,-9870,114.0
14485,948,293,-108,-16940,-10710,-7700,114.0
14498,956,318,-44,-17500,-11830,-3080,113.0
14511,974,244,-113,-11830,-11200,-490,113.0
14521,984,282,-102,-4970,-9520,1750,110.0
14534,956,300,-135,2310,-7840,3780,110.0
14547,984,243,-172,16170,-3290,7770,110.0
14560,988,231,-232,19740,-1330,9380,112.0
14573,976,240,-310,20230,630,10850,112.0
14583,985,238,-322,17500,2730,12180,111.0
14596,993,207,-335,4620,6090,14560,111.0
14606,1022,153,-344,-2310,8120,15680,112.0
14619,971,254,-344,-8610,9940,16940,111.0
14632,987,199,-247,-12530,14070,19320,111.0
14642,1001,169,-208,-13860,14070,20510,113.0
14655,987,212,-109,-9240,17640,21560,113.0
14665,973,192,-86,-6090,18550,22680,110.0
14678,975,199,-73,-2940,19110,23870,109.0
14691,958,224,-74,2520,19670,26250,109.0
14701,971,195,-59,5180,19810,27440,107.0
14714,983,174,-86,7770,20160,28560,107.0
14724,978,179,-93,9800,20720,29610,108.0
14737,982,168,-70,10640,21140,31640,109.0
14750,987,135,-62,8470,20580,32340,109.0
14760,984,147,-58,6440,20090,33180,106.0
14773,995,108,-68,4550,19670,33810,106.0
14783,999,85,-55,3360,19530,34230,107.0
14796,1002,68,-77,2590,20020,34650,106.0
14813,1006,48,-95,3430,20860,34650,108.0
14826,1054,-9,-290,3570,22120,34930,108.0
14836,1305,-532,-290,2100,25690,33530,106.0
14849,1010,83,-150,-490,27020,30660,106.0
14859,1089,-244,-361,4690,29470,27160,103.0
14872,974,-181,-230,3850,34510,17850,102.0
14885,1009,-205,120,2870,40530,13510,102.0
14895,1166,-296,613,4270,43610,10080,100.0
14908,1114,13,-260,4060,35980,7210,100.0
14918,1248,51,-314,1260,40320,7910,101.0
14931,1363,332,-186,-9310,43330,6020,101.0
14941,1235,407,-205,-23870,46340,4830,106.0
14954,987,21,90,-35980,50050,3500,104.0
14967,1011,296,17,-46480,52780,2450,104.0
14977,1183,420,-94,-56630,55790,3290,108.0
14990,1279,562,-144,-73150,63350,11340,108.0
15000,1229,703,31,-75810,65240,17990,112.0
15013,1117,349,328,-83930,66570,28630,116.0
15026,883,445,506,-87850,59360,44170,116.0
15036,724,475,417,-77420,54320,52990,118.0
15049,1297,613,344,-66080,49980,60620,118.0
15061,1159,525,23,-61950,44450,66640,123.0
15075,1216,307,35,-40250,43470,72660,126.0
15094,1106,387,-14,-4690,40740,77840,131.0
15108,1100,163,231,16940,39130,78330,131.0
15118,1180,259,147,37240,35770,78120,137.0
15131,1206,209,194,54740,34440,78470,142.0
15144,1149,102,173,86240,28770,76440,142.0
15154,1103,128,119,99190,26390,74270,148.0
15167,936,133,157,107870,25130,71470,148.0
15177,885,-67,115,110250,23240,67830,151.0
15190,907,56,-9,105490,22680,53200,151.0
15203,887,-10,236,82670,19110,47250,151.0
15213,863,26,318,69720,14490,39760,158.0
15226,839,38,345,56000,8190,32480,158.0
15236,780,6,323,42980,1120,25760,165.0
15249,720,-12,325,18970,-12460,12390,165.0
15262,643,-102,170,9380,-18270,5320,165.0
15272,600,-139,97,1960,-21700,-1890,169.0
15285,574,-192,55,-3640,-23520,-17430,169.0
15295,559,-177,33,-7770,-24360,-25060,168.0
15308,574,-158,68,-14420,-25270,-32270,169.0
15325,695,-111,61,-19040,-26740,-44030,166.0
15338,818,-59,30,-20300,-26740,-48300,166.0
15348,849,-40,3,-20860,-26250,-51660,164.0
15361,850,-58,-6,-21000,-25130,-54670,164.0
15371,852,-73,-16,-20860,-23730,-61040,160.0
15384,861,-72,-43,-21280,-20300,-64190,160.0
15397,919,-53,-3,-21840,-18200,-67200,160.0
15407,952,-19,20,-22750,-16730,-69790,151.0
15420,993,-3,10,-24290,-14700,-73500,151.0
15430,1045,19,18,-26180,-13790,-74480,125.0
15443,1082,71,99,-29680,-14210,-74690,101.0
15456,1127,69,116,-30870,-15050,-74410,101.0
15466,1145,92,144,-31780,-16310,-73990,101.0
15479,1165,84,139,-32830,-19740,-72240,101.0
15489,1162,71,145,-33460,-21630,-71750,95.0
15502,1145,39,168,-34510,-23520,-71750,97.0
15515,1169,52,200,-35630,-26040,-72030,97.0
15525,1192,19,206,-36610,-29190,-72520,95.0
15538,1199,0,291,-37310,-36750,-73500,95.0
15548,1191,-31,314,-36470,-41930,-74690,93.0
15561,1119,-7,284,-34230,-47670,-75530,98.0
15578,1101,-143,191,-22680,-56700,-77560,97.0
15591,1132,-191,168,-14350,-59990,-81900,97.0
15601,1188,-177,131,-3990,-62930,-81900,96.0
15614,1227,-193,67,20580,-65730,-85120,96.0
15624,1238,-159,61,33880,-66780,-85540,95.0
15637,1252,-108,99,47250,-68530,-85120,96.0
15650,1213,-80,92,59500,-70630,-82810,96.0
15660,1176,-14,78,68740,-72870,-80570,96.0
15673,1153,68,152,78890,-77770,-76930,96.0
15683,1108,40,81,82390,-81410,-73150,102.0
15696,976,169,14,85750,-83720,-68880,99.0
15709,905,100,-26,92960,-84840,-57820,99.0
15719,798,56,-2,96250,-85400,-53270,98.0
15732,633,128,-18,98280,-85750,-48510,98.0
15745,610,227,-78,96600,-85890,-43120,98.0
15755,563,283,3,91560,-84770,-36750,102.0
15768,555,223,-18,75740,-84840,-23870,102.0
15778,597,272,-78,65030,-83860,-17710,103.0
15791,698,310,-9,55370,-81550,-9800,104.0
15804,757,264,-18,48650,-77840,3010,104.0
15814,751,260,-65,44170,-74690,8610,99.0
15831,791,200,-133,40600,-70910,13790,98.0
15844,808,187,-153,38850,-59850,21420,98.0
15854,780,183,-154,35000,-53900,23730,101.0
15869,857,260,-114,26950,-48300,25130,101.0
15882,1011,239,-81,-3220,-38010,25550,101.0
15892,1125,346,-40,-21840,-33670,25900,100.0
15905,1276,361,0,-39060,-30030,26810,100.0
15915,1357,369,-17,-54600,-26390,27650,97.0
15928,1351,353,-20,-68530,-22260,28770,95.0
15941,1310,331,4,-94640,-14420,27860,95.0
15951,1278,277,-75,-107240,-10780,26110,97.0
15964,1166,233,60,-118160,-5950,24360,93.0
15977,1152,282,27,-126910,-280,20020,93.0
15987,1118,87,-79,-133280,4830,18200,94.0
16000,1038,63,-67,-124040,8190,16450,94.0
16010,1104,-775,-1127,-87780,9380,17500,93.0
16023,1997,-1689,-1247,100240,8190,42350,92.0
16036,1541,1417,1695,149380,28700,52570,92.0
16046,500,410,-408,161560,27860,50610,87.0
16059,562,112,-265,181510,35140,45780,87.0
16069,839,-227,-341,191100,33320,36400,93.0
16084,1059,-142,-67,202370,36610,30170,91.0
16102,1123,216,-548,187880,35350,33670,89.0
16115,820,87,-392,133280,27580,34860,89.0
16125,820,15,-348,106330,21070,35700,86.0
16138,886,167,-283,80220,15890,36680,90.0
16151,949,34,-388,26250,5740,36330,90.0
16161,1058,-1,-349,4620,3710,35350,87.0
16174,1034,-107,-521,-10850,3500,33740,87.0
16184,998,-125,-484,-19670,4900,31290,85.0
16197,997,-201,-465,-20930,7420,23940,86.0
16210,1024,-176,-402,-2240,15820,19740,86.0
16220,1043,-99,-374,3010,20370,16310,85.0
16233,1208,-117,-464,-840,17220,12880,85.0
16243,908,71,-357,-4340,26390,10920,87.0
16256,977,-49,-324,-2170,26600,8190,87.0
16269,958,0,-332,2870,28910,6300,87.0
16279,969,-66,-312,1680,30380,4900,89.0
16292,968,22,-316,3850,31990,3150,89.0
16302,921,-27,-280,3990,32830,1190,88.0
16315,967,-32,-330,3500,33180,-1190,87.0
16328,982,164,-97,3220,32830,-770,87.0
16341,957,230,-75,3220,31290,3290,84.0
16354,938,291,-29,560,26040,6160,89.0
16367,956,252,-20,-70,22960,9380,89.0
16377,962,231,39,-770,19950,12460,86.0
16390,990,210,-36,-1610,14350,17570,86.0
16400,999,93,-89,-2240,12880,18970,84.0
16413,1014,37,-197,-3570,11970,19950,84.0
16426,1014,-2,-192,-3500,11970,19810,84.0
16436,1017,-31,-164,-3430,12320,18970,87.0
16449,1006,-31,-196,-2030,12810,15890,87.0
16459,1004,-52,-134,-1330,12390,14070,85.0
16472,1010,-32,-103,-980,11760,12250,84.0
16485,997,-28,-135,-630,11130,9030,84.0
16495,995,-27,-133,-140,10640,7630,86.0
16508,1000,-20,-166,840,9800,6300,86.0
16518,998,-13,-176,1260,9940,5110,80.0
16531,996,9,-122,1470,10150,4130,80.0
16541,1000,57,-135,1540,9800,3710,86.0
16554,1002,48,-145,1680,9310,3920,84.0
16567,998,58,-113,1750,8820,3990,84.0
16577,998,31,-138,1610,8330,4060,86.0
16590,1005,60,-144,1750,7980,4060,86.0
16602,1006,44,-134,1540,8260,4060,85.0
16616,1001,33,-150,1610,8540,3780,88.0
16629,1003,43,-174,1680,8820,3360,88.0
16639,1004,55,-179,1680,9380,3570,87.0
16652,1008,76,-204,1470,10850,4130,84.0
16665,1007,100,-238,1540,12040,4830,84.0
16675,1010,104,-292,1680,13720,5740,83.0
16688,1006,100,-386,1680,20160,7560,83.0
16698,995,109,-469,1680,25060,8400,86.0
16711,995,81,-554,1260,30870,9100,84.0
16724,1000,105,-607,910,37380,9730,84.0
16734,997,118,-641,0,44870,10780,86.0
16747,1001,133,-625,-2660,60410,13720,86.0
16757,1005,183,-592,-6090,67970,16100,85.0
16770,1038,314,-398,-12740,75320,19250,84.0
16783,1074,388,-217,-27790,82110,28490,84.0
16793,1106,464,-30,-51520,88270,34720,84.0
16806,1282,309,430,-90930,95410,36750,84.0
16816,1915,1225,-1242,-67620,87990,29610,87.0
16829,1397,603,-391,-96740,106960,42980,88.0
16842,1114,317,181,-97160,103810,54460,88.0
16855,969,278,233,-99120,95410,55580,90.0
16868,1066,257,193,-104720,92120,56770,92.0
16881,1241,228,98,-106610,81060,62090,92.0
16891,1274,356,371,-104650,72310,64960,96.0
16904,1175,50,201,-99680,66500,65940,96.0
16914,1114,246,313,-92540,60760,65870,96.0
16927,997,85,134,-82250,53830,68880,99.0
16940,878,-42,116,-46060,44940,68110,99.0
16950,804,-109,-16,-22190,42280,66010,103.0
16963,753,-101,45,210,42140,63000,101.0
16976,749,-69,-14,18340,41440,56910,101.0
16986,736,-47,-2,31640,41020,53200,99.0
16999,761,15,216,42560,38360,48860,99.0
17009,798,-32,259,41370,34020,44380,101.0
17022,917,-129,215,36680,28910,38290,99.0
17035,965,105,289,20580,17500,28070,99.0
17045,961,20,311,12250,10920,23940,101.0
17058,774,-11,268,4480,4340,19740,101.0
17068,693,-58,241,-1470,-1470,15050,97.0
17081,625,-117,189,-4900,-6790,4200,95.0
17094,565,-151,83,-7210,-14280,-1960,95.0
17111,613,-109,51,-8050,-17080,-12950,100.0
17124,685,-100,32,-10990,-17430,-17570,94.0
17137,715,-101,32,-11270,-17780,-22050,96.0
17151,754,-103,37,-8890,-18480,-30380,96.0
17161,801,-97,19,-6720,-18480,-34020,96.0
17174,838,-104,9,-4550,-18060,-37520,96.0
17184,842,-98,-12,-2870,-17290,-41160,94.0
17197,850,-70,-22,-2100,-14630,-47950,99.0
17210,851,-50,-36,-3850,-12810,-51100,99.0
17220,849,-70,-22,-6090,-10920,-54180,98.0
17233,851,-70,-5,-8890,-9380,-57330,103.0
17246,864,-69,14,-15260,-7280,-63910,103.0
17256,881,-60,36,-18480,-6930,-66920,107.0
17269,931,-36,93,-21490,-6930,-69580,107.0
17279,994,7,126,-23870,-7700,-71610,100.0
17292,1064,55,165,-25620,-9100,-72590,100.0
17305,1109,23,247,-28770,-14350,-73150,100.0
17315,1137,21,282,-30520,-18270,-73710,97.0
17328,1159,57,313,-32200,-22890,-73990,97.0
17338,1164,64,306,-33600,-28140,-73920,93.0
17351,1174,46,310,-34720,-38500,-73430,97.0
17366,1253,60,298,-36120,-43190,-73080,97.0
17376,1244,42,315,-36260,-48020,-72660,92.0
17389,1218,24,289,-35980,-57960,-73080,95.0
17402,1198,26,292,-34440,-62790,-73570,95.0
17412,1183,38,219,-32480,-67410,-73640,93.0
17425,1157,-94,224,-30100,-70630,-73850,93.0
17435,1152,12,161,-25480,-73850,-75040,91.0
17448,1172,-57,84,-9240,-76230,-75320,91.0
17461,1118,-98,63,1960,-76860,-75390,91.0
17471,1089,-92,33,14280,-77000,-75460,90.0
17484,1090,-61,-30,27090,-76720,-73990,91.0
17497,1077,-29,-43,52150,-74130,-72240,91.0
17507,1071,1,-33,62440,-72730,-69720,93.0
17520,1026,117,-12,70000,-71820,-66500,93.0
17530,993,137,-22,74480,-71260,-62720,90.0
17543,966,179,-24,76930,-70070,-53900,93.0
17556,934,198,9,80010,-70770,-49210,93.0
17566,920,258,-58,81410,-70560,-43960,120.0
17579,869,256,-85,82950,-69090,-37730,120.0
17589,846,253,-91,84420,-66850,-31500,146.0
17602,792,222,-87,86030,-61950,-20510,148.0
17619,703,210,-21,85890,-58730,-11830,147.0
17632,678,223,-164,82740,-57260,-7490,147.0
17642,709,316,-101,77840,-53060,-3780,146.0
17655,796,321,-14,72170,-50050,700,146.0
17665,829,133,-23,67270,-48090,4480,145.0
17678,859,233,-24,58870,-43680,7490,145.0
17688,878,195,-41,54460,-41230,8610,142.0
17701,903,179,-2,49770,-39690,9030,140.0
17714,913,181,3,44800,-37590,9170,140.0
17724,966,201,15,39550,-35560,9100,135.0
17737,1050,213,-20,27720,-31010,9240,135.0
17747,1113,203,-14,21350,-27860,8890,131.0
17760,1110,194,-10,14630,-24780,8120,132.0
17773,1123,191,7,7490,-19110,5670,132.0
17783,1156,196,18,-420,-16590,3990,126.0
17796,1166,221,10,-18340,-14000,2450,126.0
17806,1151,237,-12,-27300,-11200,1190,125.0
17819,1901,-299,-753,-17360,-11620,3430,125.0
17832,1954,-1750,496,116620,28210,53410,125.0
17842,1908,-1362,1602,115150,33600,58450,119.0
17855,-67,1330,-1116,116690,36330,54250,119.0
17867,449,395,-731,122780,43190,59850,120.0
17881,890,-641,-30,155960,35700,40250,118.0
17894,1365,-120,122,157010,43260,40810,118.0
17904,1002,273,-453,146020,41230,39270,116.0
17917,689,331,-462,133630,34300,39130,113.0
17930,1496,-36,-939,37520,21700,37660,113.0
17940,827,-72,157,-40250,18970,44100,111.0
17953,1160,-321,535,-68250,15120,43190,111.0
17963,1191,-282,-489,-43260,7910,35560,111.0
17976,1080,98,-347,8470,14980,23520,111.0
17989,959,-386,-26,2590,14840,20440,111.0
17999,907,-311,-135,-6510,14000,16100,113.0
18012,893,-292,-201,-17780,14000,7140,113.0
18022,927,-281,-107,-28420,13720,3010,114.0
18035,969,-202,-399,-37520,11480,-840,112.0
18048,921,45,-518,-12810,9940,-4970,112.0
18058,1015,98,-142,18830,10710,-9590,109.0
18071,1031,-59,20,23380,8190,-8260,109.0
18081,1011,121,-100,9380,7000,-6510,107.0
18094,960,225,-289,7490,7490,-5810,113.0
18111,981,138,-209,6860,7630,-1820,113.0
18126,937,309,-339,1470,7350,1400,110.0
18139,944,348,-307,-210,8400,9100,113.0
18152,953,354,-250,-3920,8400,13790,111.0
18166,963,412,-245,-7070,8260,23660,111.0
18176,1024,252,-182,-9660,7980,27650,113.0
18189,1027,203,-112,-10780,5880,30310,113.0
18199,1053,173,-122,-11480,4830,32130,108.0
18212,1067,58,26,-16030,5250,33180,109.0
18225,992,-99,-1,-27090,3780,32060,109.0
18235,948,-139,-190,-35910,3920,29680,109.0
18248,967,-170,-236,-43050,4340,26250,109.0
18258,978,-159,-293,-40670,4830,22680,109.0
18271,964,-175,-338,-34930,5740,19040,110.0
18285,951,-114,-342,-19950,7700,12320,110.0
18296,986,-31,-277,-14210,8750,10010,111.0
18309,989,-16,-274,-11270,9730,8540,109.0
18322,989,-7,-269,-13020,12600,7630,109.0
18332,994,24,-244,-16800,14140,7980,108.0
18345,1002,94,-266,-21910,15820,9030,108.0
18355,1005,101,-261,-27440,17780,10500,108.0
18368,1006,146,-283,-32060,19740,14490,110.0
18385,994,107,-299,-36960,23520,16450,110.0
18395,1013,148,-274,-35560,24850,18200,107.0
18408,1018,183,-298,-27300,27300,22050,108.0
18421,998,89,-319,-21420,28840,23590,108.0
18431,1006,104,-311,-15120,30170,24710,109.0
18444,996,80,-333,-9800,31920,25760,109.0
18454,980,4,-340,-5950,34020,26390,107.0
18467,981,-16,-332,-2450,39270,26390,108.0
18480,984,-43,-303,-3780,42490,26110,108.0
18490,983,-44,-295,-7070,45850,25620,110.0
18503,981,-43,-281,-12600,53200,24430,110.0
18513,993,-35,-261,-20230,57260,24080,108.0
18526,999,-7,-267,-39060,61530,23940,109.0
18539,1010,-10,-271,-48440,66290,24150,109.0
18549,998,-12,-268,-56910,70840,24780,109.0
18562,1000,32,-225,-72870,78540,27860,109.0
18572,1001,61,-116,-81270,80640,30660,111.0
18585,1665,981,-9,-61600,78470,25550,111.0
18598,1617,631,-1286,-52220,68670,33530,111.0
18608,1279,821,518,-82950,92890,40530,113.0
18621,1075,-162,412,-78820,82530,41930,113.0
18633,1089,453,-34,-92330,76020,41930,117.0
18647,1104,113,-5,-102410,76860,42140,123.0
18660,1022,236,-61,-111370,71400,41720,123.0
18670,1158,247,133,-113120,69930,42280,126.0
18683,1323,179,277,-113890,66430,42420,126.0
18693,1318,221,197,-112000,61320,42350,131.0
18706,1317,215,237,-103110,51800,42840,139.0
18719,1241,40,150,-96110,46060,41650,139.0
18729,1151,139,198,-87570,42420,39690,150.0
18742,1047,84,43,-77770,39130,36610,150.0
18752,921,4,17,-67690,38570,33180,153.0
18765,818,-15,36,-50610,37100,29260,161.0
18778,712,0,78,-45080,36260,26040,161.0
18788,711,138,98,-43750,34930,21910,162.0
18801,715,165,61,-46550,32620,17010,162.0
18811,676,125,66,-50470,31430,14350,165.0
18824,618,38,118,-58170,29330,11060,173.0
18837,617,27,194,-60970,26740,7210,173.0
18847,662,21,215,-63700,22960,3010,174.0
18860,694,20,209,-68320,14980,-4620,174.0
18870,731,18,229,-68600,10710,-8190,170.0
18883,739,-85,265,-66220,5810,-12250,170.0
18898,712,-122,298,-54950,-4690,-22190,170.0
18908,694,-160,292,-47390,-10080,-27930,166.0
18921,658,-125,206,-39480,-14560,-33460,170.0
18934,665,-119,162,-31850,-18060,-43050,170.0
18944,693,-79,148,-25060,-20580,-47110,165.0
18957,731,-48,137,-15890,-24150,-50750,165.0
18967,754,-48,128,-12880,-25830,-54250,167.0
18980,829,-13,110,-10430,-27230,-57470,159.0
18993,885,-21,100,-8260,-28630,-62930,159.0
19003,938,-25,53,-5740,-28070,-65450,157.0
19016,975,-25,-49,0,-26250,-67760,157.0
19026,1020,-29,-70,3010,-23450,-70000,152.0
19039,1031,-28,-89,5950,-20230,-72170,151.0
19052,1056,-29,-101,10920,-12950,-76300,151.0
19062,1095,-19,-84,13370,-9520,-77910,146.0
19075,1216,24,-66,16100,-6650,-78610,146.0
19085,1267,20,-25,19320,-3710,-78960,138.0
19098,1319,8,22,22750,-1820,-80010,137.0
19124,1424,72,85,30730,-910,-80500,137.0
19138,1427,90,101,31220,-2590,-79730,133.0
19154,1376,68,180,30590,-4690,-79450,133.0
19164,1329,82,182,29610,-7560,-79380,132.0
19177,1289,79,168,24150,-13370,-79380,137.0
19190,1225,136,269,20580,-17360,-78330,137.0
19200,1226,139,303,17150,-22260,-77280,137.0
19213,1214,128,287,13720,-27790,-75460,137.0
19223,1179,120,255,10920,-32900,-74690,140.0
19236,1129,90,166,8190,-41230,-74130,143.0
19249,1043,110,122,7560,-43820,-73220,143.0
19259,990,116,115,7280,-45570,-72170,144.0
19272,948,139,51,7280,-47040,-69090,144.0
19282,900,159,15,7630,-46480,-66920,155.0
19295,777,63,-16,8890,-45570,-65380,154.0
19308,739,121,-110,12110,-44310,-64190,154.0
19318,743,121,-116,16030,-41510,-62300,156.0
19331,765,144,-60,23450,-36330,-57680,156.0
19341,768,182,-29,25900,-34230,-54670,157.0
19354,749,233,14,28210,-33040,-51100,163.0
19367,751,240,-5,31710,-32200,-42630,163.0
19377,744,236,-5,36680,-31500,-38150,158.0
19390,731,218,-62,50890,-30520,-33320,158.0
19403,701,214,-73,59290,-28700,-29120,167.0
19416,676,206,-56,73080,-24920,-22260,161.0
19429,714,344,30,75950,-24220,-18620,161.0
19439,772,132,-174,75110,-23240,-15680,160.0
19452,788,424,-37,70840,-19180,-14490,162.0
19465,791,264,83,55370,-17640,-11340,162.0
19475,821,263,-6,46410,-16100,-10780,157.0
19488,939,514,58,35770,-14210,-8540,157.0
19498,960,352,150,17710,-13300,-6300,152.0
19511,979,466,119,-5390,-14350,-5390,150.0
19524,1001,438,162,-61250,-15330,-4690,150.0
19534,1044,438,166,-87850,-16660,-4060,143.0
19547,1084,335,129,-109970,-17850,-3360,143.0
19557,1058,313,125,-127190,-18550,-2590,143.0
19570,1064,274,89,-147630,-19460,-140,142.0
19583,1022,163,101,-151550,-19530,700,142.0
19593,1023,137,77,-154000,-19880,980,135.0
19606,1010,113,92,-156030,-19740,910,135.0
19616,1011,-70,27,-156380,-19180,-420,132.0
19629,1014,95,-738,-132230,-25060,-1470,131.0
19642,1997,-1862,184,-28000,-19950,38360,131.0
19655,1326,-59,1248,69510,-70,66500,126.0
19668,457,1384,-218,67900,6230,62440,128.0
19681,301,629,412,74060,-2170,70840,128.0
19691,702,-331,324,53620,-8610,68180,125.0
19704,1154,442,-241,36330,-8050,45780,125.0
19714,1285,-388,-190,41790,-4690,46900,123.0
19727,972,248,-81,49980,-2310,46970,123.0
19737,848,209,-182,45570,-1890,43120,123.0
19750,985,161,-263,40950,-2450,38430,123.0
19763,1097,-92,-289,35420,3850,30660,123.0
19773,1097,-79,-288,33250,6510,26740,118.0
19786,1006,77,-200,29890,8890,22960,118.0
19796,1046,48,-214,25060,10080,19250,121.0
19809,1040,75,-154,21070,11550,12740,119.0
19822,1024,130,-99,9800,10360,10220,119.0
19832,1013,160,-100,3850,9310,7910,122.0
19845,972,208,-4,-1470,8190,5740,122.0
19855,960,266,95,-7140,5880,4130,122.0
19868,950,309,128,-17570,-1190,3220,120.0
19881,901,399,153,-21070,-5110,3150,120.0
19891,881,412,84,-24290,-8680,3850,122.0
19904,876,445,10,-26320,-11060,4830,122.0
19916,878,335,120,-23660,-15540,6720,120.0
19930,949,395,104,-20090,-17640,9170,120.0
19943,1004,219,-14,-12180,-16240,12040,120.0
19953,999,267,191,630,-16240,12880,121.0
19966,987,259,3,28140,-13720,13370,121.0
19979,1018,174,33,44450,-10570,13230,121.0
19989,1000,223,-61,57960,-7840,13370,118.0
20002,988,250,-143,67760,-2520,14210,118.0
20012,973,305,-164,70630,-1190,15120,114.0
20025,960,342,-261,63140,-630,16240,117.0
20038,952,395,-250,49980,-1330,17780,117.0
20048,945,386,-302,32690,-3080,19670,116.0
20061,947,372,-293,-3080,-6160,22750,116.0
20071,967,332,-303,-17290,-6930,24080,116.0
20084,983,262,-253,-25760,-6020,25200,118.0
20097,983,250,-198,-29050,-2170,26460,118.0
20107,997,205,-172,-27230,840,26880,113.0
20125,988,228,-102,-13090,3780,28070,114.0
20139,969,236,-145,0,8680,28840,114.0
20149,983,222,-183,3430,10780,29680,116.0
20162,986,250,-215,4270,12740,30660,115.0
20179,974,279,-262,-770,16520,33180,115.0
20189,956,315,-270,-5180,18340,34580,116.0
20202,971,290,-247,-9870,20230,38080,112.0
20215,970,283,-235,-16520,24150,40040,112.0
20225,965,294,-232,-18060,26460,41790,112.0
20238,962,266,-206,-18270,28980,43400,112.0
20248,950,293,-146,-17920,31360,45150,113.0
20261,943,284,-125,-18340,34090,48860,107.0
20274,960,255,-72,-20090,35280,50890,107.0
20284,958,255,-115,-21070,35910,53130,107.0
20297,949,249,-143,-20720,37170,55650,107.0
20307,950,189,-70,-18130,38990,57960,109.0
20320,955,146,-20,-7560,43610,61600,108.0
20333,1114,252,-95,-11200,41790,63350,108.0
20343,1173,480,-373,-14910,41860,66430,105.0
20356,1751,-62,-22,-21350,42630,69370,105.0
20366,1802,-208,-124,-23380,43750,73290,110.0
20379,1534,383,-114,-6860,53830,76300,110.0
20392,1058,-74,-275,-15890,53200,77770,110.0
20402,861,61,448,-30100,58660,74130,117.0
20415,808,72,408,-41650,56630,70770,117.0
20427,976,388,333,-59500,54040,71190,119.0
20441,907,270,464,-64750,49560,73500,122.0
20454,715,2,760,-72380,32340,73010,122.0
20464,696,231,718,-72240,19670,70840,127.0
20477,1135,292,586,-69440,13790,71470,129.0
20490,1224,-4,236,-60900,3150,67270,129.0
20500,905,480,208,-39060,420,71260,134.0
20513,865,-198,156,41860,2590,70350,134.0
20523,939,46,-17,74900,3850,69090,135.0
20536,1022,307,107,96320,7070,70210,140.0
20549,1088,235,190,105070,7490,68810,140.0
20559,1077,172,45,106820,7910,64890,143.0
20572,1171,70,495,100800,2310,59150,143.0
20582,1168,-16,248,96250,-5110,52500,150.0
20595,1145,23,273,90650,-8890,45570,148.0
20608,1092,-71,266,77350,-15680,30660,148.0
20618,1035,-38,119,69230,-16310,22890,154.0
20631,805,-154,140,59990,-16940,14140,154.0
20641,716,-169,182,50120,-18760,4060,161.0
20654,649,-157,161,39900,-21490,-16590,157.0
20667,608,-164,129,20860,-25970,-26320,157.0
20680,637,-135,83,12180,-27510,-35490,159.0
20693,678,-105,26,4200,-27020,-50750,158.0
20708,731,-39,-53,-10080,-24780,-56490,158.0
20718,750,-49,-60,-16660,-21910,-61740,153.0
20731,772,-53,-32,-22820,-15960,-71610,153.0
20741,802,-61,-44,-28420,-12880,-76230,153.0
20754,821,-62,-55,-35910,-9590,-80360,145.0
20767,960,-23,-67,-37380,-6230,-83790,145.0
20777,953,-48,-45,-37800,-2240,-86310,145.0
20790,990,-7,-61,-37520,4690,-90090,145.0
20800,1019,-2,-30,-37520,7630,-91140,139.0
20813,1054,22,23,-37520,9800,-91980,138.0
20826,1092,18,58,-37450,11480,-92470,138.0
20836,1142,40,85,-37310,12460,-92190,132.0
20849,1206,54,160,-35980,12250,-91420,132.0
20859,1277,74,226,-34230,10850,-90020,130.0
20872,1350,47,281,-31850,8050,-88690,130.0
20885,1338,58,344,-29400,-1540,-86590,130.0
20895,1317,65,365,-26670,-7630,-85190,126.0
20908,1282,53,357,-18830,-14000,-83790,126.0
20918,1284,52,341,-13930,-20160,-82180,129.0
20933,1324,34,322,-8400,-31290,-79380,128.0
20947,1237,9,273,4760,-36610,-78190,128.0
20957,1223,23,229,12110,-41160,-77070,130.0
20970,1186,-2,177,20020,-44870,-75670,135.0
20983,1126,4,53,36260,-48790,-73080,135.0
20993,1058,15,35,43050,-49210,-71470,137.0
21006,1017,73,34,49350,-49350,-69370,137.0
21016,1037,70,16,55300,-49420,-66920,144.0
21029,1025,56,2,60830,-48580,-62440,147.0
21042,959,125,-46,71190,-48020,-60200,147.0
21052,922,131,-54,75250,-46760,-57120,151.0
21065,889,150,-62,78050,-45150,-53900,151.0
21075,850,208,-101,79310,-43330,-50470,156.0
21088,771,213,-59,79240,-39270,-42560,154.0
21101,640,109,-50,78260,-37870,-39130,154.0
21111,615,215,-58,76650,-36680,-37170,160.0
21130,669,234,-8,72450,-34230,-30730,159.0
21143,737,266,24,70140,-33670,-23520,159.0
21153,778,291,28,67620,-33530,-19670,161.0
21166,772,257,49,64050,-33880,-16170,160.0
21179,736,206,34,64260,-34090,-13160,160.0
21190,712,167,10,67200,-33950,-10500,154.0
21203,689,150,-6,78400,-32060,-6020,154.0
21213,696,160,0,85470,-31080,-3920,157.0
21226,736,150,7,92260,-29960,-2030,155.0
21239,783,168,44,97580,-28980,350,155.0
21249,841,168,90,101010,-28770,490,152.0
21262,891,119,76,99890,-28000,420,152.0
21272,904,269,115,96390,-28070,1470,147.0
21285,999,246,104,92960,-28630,2660,146.0
21298,1051,214,81,89110,-28350,4200,146.0
21308,1079,216,88,85050,-27790,4550,140.0
21321,1102,203,37,76720,-26880,4830,140.0
21331,1127,188,10,71960,-25130,4690,139.0
21344,1165,213,20,66080,-22610,4270,131.0
21357,1153,184,-8,52500,-17080,2800,131.0
21367,1124,198,-22,44940,-13720,1890,129.0
21380,1099,210,2,36890,-10710,1050,129.0
21390,1438,756,-586,30870,-8890,-350,122.0
21403,1997,-1355,403,97020,-7980,55370,125.0
21416,1979,-392,-1171,147280,28280,51800,125.0
21426,-180,981,-723,155890,30380,51660,121.0
21439,757,606,394,162190,35210,58170,121.0
21452,591,-502,-227,150010,24500,33180,119.0
21465,1161,-435,-63,190050,28910,38220,116.0
21478,1365,278,260,187180,28350,37940,116.0
21488,1118,114,-383,163100,26180,37520,114.0
21501,915,101,-504,125300,21280,36050,113.0
21514,930,-142,-360,101010,17430,34650,113.0
21524,1028,-13,-402,76090,13860,32760,110.0
21537,1065,293,-889,30590,6370,29680,110.0
21547,778,-756,-382,-28210,5040,28210,110.0
21560,1274,-396,-543,-37240,2170,20860,109.0
21573,947,-61,-568,-36820,5460,16940,109.0
21583,1042,-196,-213,-33320,7700,12880,110.0
21596,985,-136,-393,-37730,8470,8960,110.0
21606,1002,-63,-474,-45640,8540,7910,114.0
21619,998,134,-305,-67410,7980,7420,111.0
21632,1010,86,-304,-79100,6930,8400,111.0
21642,988,143,-319,-89250,6090,9520,112.0
21655,955,205,-298,-106190,4970,12530,112.0
21665,943,222,-248,-110110,4480,14350,115.0
21678,842,267,-126,-109550,4900,16450,110.0
21691,947,262,-176,-105560,4970,20230,110.0
21704,827,404,-15,-108430,10500,21980,110.0
21717,851,79,-237,-95830,11200,23870,114.0
21730,864,-237,-669,-57470,9310,26950,114.0
21740,906,585,-335,-7070,13230,28350,113.0
21753,946,-112,-5,12110,10640,31430,113.0
21763,1082,276,-209,33320,12460,33670,109.0
21776,894,439,83,47950,14560,35770,109.0
21786,1185,-119,-271,54250,11690,37310,111.0
21799,1150,75,-833,-15820,3850,40740,112.0
21812,1180,-167,288,-31920,4690,39480,112.0
21822,1137,193,-613,-20230,3220,34510,112.0
21835,948,-350,-286,-21280,7630,30170,112.0
21845,903,-261,-120,-16730,8470,25970,108.0
21858,934,-145,-213,-12880,9170,23170,108.0
21871,973,-108,-195,-10360,9030,20510,108.0
21881,990,-28,-360,-7350,8960,18270,110.0
21894,968,0,-211,-7490,11200,16520,110.0
21904,987,-30,-175,-10290,11620,16310,110.0
21917,956,75,-226,-14210,12810,17010,111.0
21930,1016,147,-222,-17430,13230,18270,111.0
21940,1016,197,-259,-20090,14280,20160,108.0
21953,1002,120,-269,-21630,16730,24080,108.0
21965,1006,112,-299,-19390,17640,25410,110.0
21979,983,30,-329,-16030,18830,26950,109.0
21992,983,12,-324,-5950,21210,27090,109.0
22002,1002,80,-349,-2590,23170,27580,109.0
22015,992,2,-332,-630,25690,28070,110.0
22028,978,-19,-343,210,31010,27930,110.0
22038,988,-42,-340,-700,34370,27300,110.0
22051,964,-167,-346,-5460,37590,26040,110.0
22061,962,-139,-293,-8540,40880,24570,108.0
22074,958,-99,-252,-12390,43890,23030,112.0
22087,1010,-109,-190,-26530,49420,21490,112.0
22097,975,-22,-102,-35840,50540,20930,111.0
22110,1016,-66,-75,-45220,52710,20230,111.0
22120,1012,3,-36,-56000,54600,19670,110.0
22137,1028,-173,-77,-83930,58310,20160,112.0
22150,1005,107,-113,-95550,58940,21000,111.0
22164,1064,86,-1,-116340,62580,24290,111.0
22174,1068,83,-47,-121940,63420,27090,111.0
22187,1165,10,175,-125930,63350,30030,111.0
22197,1452,532,49,-117950,59780,29260,113.0
22210,1539,1704,-338,-84630,57400,27650,113.0
22227,1047,10,940,-112910,68250,32270,113.0
22237,810,285,54,-115150,59010,33740,118.0
22250,917,588,-194,-117740,60060,37520,122.0
22263,1001,371,143,-114800,58310,37590,122.0
22273,1102,346,-264,-110250,56350,38640,122.0
22286,1114,260,289,-105700,60270,39760,122.0
22296,1312,283,164,-100870,55230,39270,125.0
22309,1281,215,284,-80500,49910,39410,127.0
22322,1166,119,180,-61670,45290,38920,127.0
22332,1163,83,152,-38360,41790,39200,132.0
22345,1150,9,104,-13720,39200,38080,132.0
22355,1099,3,89,8890,39270,36120,137.0
22368,1002,55,56,42630,39410,33810,139.0
22381,846,126,100,50750,39270,31150,139.0
22391,792,131,104,53550,37940,29050,144.0
22404,814,-7,-28,44310,38290,20860,144.0
22414,814,207,190,35280,35910,17780,150.0
22427,838,136,126,25760,34370,14560,151.0
22440,867,101,227,15330,31850,7140,151.0
22450,879,109,250,4760,27790,3570,154.0
22463,872,92,242,-12250,18900,210,154.0
22477,845,21,220,-17780,14280,-3360,152.0
22491,858,7,201,-22890,6300,-10710,158.0
22504,819,-77,172,-23240,3150,-15120,158.0
22514,802,-80,174,-22960,210,-19950,156.0
22527,793,-69,172,-22330,-2870,-29470,158.0
22540,802,-15,169,-22470,-8750,-33670,158.0
22550,809,-15,146,-22190,-11410,-36960,155.0
22563,835,-26,121,-21070,-13510,-39830,155.0
22573,843,-40,72,-19110,-14910,-42630,150.0
22586,857,-43,29,-13090,-14840,-48020,148.0
22599,885,-80,-37,-9240,-13440,-50820,148.0
22609,908,-94,-54,-5250,-11410,-53830,147.0
22622,934,-70,-57,-1050,-8890,-56700,147.0
22632,956,-92,-76,3570,-6230,-61880,146.0
22645,983,-104,-43,11340,-770,-64960,143.0
22658,1052,-65,-26,13300,1400,-67830,143.0
22668,1079,-44,-6,13720,3150,-70490,139.0
22681,1115,-5,6,13020,5390,-74480,139.0
22691,1142,-20,34,11900,5740,-76230,138.0
22704,1159,-37,32,8540,5530,-78540,136.0
22717,1208,37,129,6160,5670,-80430,136.0
22730,1244,16,163,2170,1260,-82040,134.0
22743,1273,72,253,210,-2730,-82180,134.0
22756,1267,92,283,-1750,-7280,-80920,134.0
22766,1250,110,339,-3570,-12670,-80920,131.0
22779,1250,109,332,-5810,-25410,-78400,131.0
22789,1242,108,329,-5740,-31710,-76930,138.0
22802,1185,83,261,-4970,-37240,-75600,137.0
22815,1146,80,205,-3710,-45780,-73150,137.0
22825,1105,120,163,-1960,-45780,-71400,141.0
22838,1060,53,96,2170,-50260,-70350,141.0
22848,1012,63,51,3290,-51590,-69930,141.0
22861,937,101,50,4410,-52080,-69160,144.0
22874,899,102,48,7980,-52990,-66360,144.0
22884,873,58,57,12180,-53620,-64820,148.0
22897,816,76,27,17990,-53900,-62720,148.0
22907,771,80,82,25060,-54250,-60410,151.0
22920,745,85,34,33250,-55440,-54950,154.0
22933,700,115,54,50960,-56980,-51380,154.0
22943,651,110,15,59850,-58100,-47670,154.0
22956,613,161,12,67830,-58380,-43470,154.0
22966,631,172,21,74690,-58590,-39060,155.0
22979,636,176,5,80640,-58660,-30660,151.0
22994,773,209,27,88270,-58520,-26880,151.0
23004,875,223,49,90090,-58450,-22960,149.0
23017,957,253,69,91840,-58800,-14420,149.0
23027,1012,259,66,94220,-58800,-9520,146.0
23040,1030,208,27,101990,-58660,-5110,145.0
23053,1031,209,-4,106260,-57540,-1260,145.0
23063,1026,204,13,110250,-55720,2240,144.0
23076,1015,43,-115,108990,-49700,4340,144.0
23086,952,294,-48,102830,-46970,5530,140.0
23099,885,185,91,96040,-45570,5460,141.0
23112,911,239,-30,88200,-44730,6020,141.0
23122,908,265,-9,80850,-42140,7140,134.0
23150,964,233,23,54320,-35840,6720,132.0
23164,1013,215,67,30660,-32340,6510,129.0
23177,1113,283,-19,19460,-30940,6090,123.0
23191,1881,763,-165,32620,30590,72240,123.0
23201,954,-1446,447,62720,420,65100,123.0
23214,639,905,54,64260,25690,65730,123.0
23224,251,1490,3,91490,40810,68180,121.0
23237,168,-255,-936,87290,31570,55930,120.0
23252,1562,-255,413,118510,29050,50960,120.0
23262,1224,-228,-124,121590,40810,48790,117.0
23275,572,332,-638,125650,43540,45920,115.0
23288,795,558,-448,111160,37170,43540,115.0
23298,1110,-334,-203,103600,37030,41790,113.0
23311,950,319,-85,90790,37730,40880,113.0
23321,885,89,-229,70980,32760,39970,116.0
23334,977,-87,-109,54250,20300,37590,111.0
23347,1077,-23,-52,22610,16170,35700,111.0
23357,1059,-57,-155,10570,12880,33390,110.0
23370,991,-116,-184,2030,9940,30590,110.0
23380,997,-234,-202,-3920,7910,27020,109.0
23393,1009,-238,-203,-7420,6020,18620,106.0
23406,1041,-170,-191,-8330,5740,14490,106.0
23416,1031,-136,-208,-8750,5530,10920,110.0
23429,1000,-33,-203,-9030,5460,6580,110.0
23439,998,62,-206,-9800,5040,6160,112.0
23452,999,108,-219,-14980,4130,6510,108.0
23465,915,148,-204,-15540,3290,7770,108.0
23475,944,208,-220,-18270,2800,9660,111.0
23488,1002,200,-146,-20090,3360,12600,111.0
23501,845,350,-236,-13930,2870,15400,106.0
23514,993,278,-304,-11060,2590,18410,113.0
23527,1145,116,-212,2170,7140,23660,113.0
23537,1040,362,-274,-4270,8820,27090,112.0
23550,1116,-73,-260,-10640,9590,29820,109.0
23563,1050,91,-235,-7840,11830,30310,109.0
23573,1065,197,-293,-7280,13160,29960,105.0
23586,1014,-109,-241,-12670,16590,29750,105.0
23596,962,-53,-273,-15190,17500,28000,107.0
23609,989,-130,-174,-16100,18480,25970,112.0
23622,984,-65,-167,-15750,19040,21490,112.0
23632,977,-142,-184,-15400,19040,19390,107.0
23645,988,-7,-156,-11060,18550,17710,107.0
23655,987,-30,-189,-9730,18270,16800,110.0
23668,974,-40,-188,-7910,18340,16030,109.0
23681,1020,168,-188,-6930,19110,16940,109.0
23691,990,-47,-181,-4130,18830,17010,107.0
23704,1013,20,-131,-2450,18480,17080,107.0
23714,1016,72,-133,-770,18340,17430,110.0
23727,1011,83,-160,-420,18410,19390,110.0
23737,1023,113,-140,-1400,18830,20930,109.0
23750,1019,95,-172,-4690,20160,22540,108.0
23767,1026,120,-156,-6440,21700,26040,110.0
23780,1028,106,-202,-6510,22680,28000,110.0
23790,1026,99,-198,-6230,24080,29750,108.0
23803,1027,104,-210,-5880,25480,31500,108.0
23813,1020,70,-223,-6020,27160,33110,110.0
23826,1016,60,-255,-6580,31290,35840,110.0
23839,1024,87,-297,-7000,34020,37590,110.0
23849,1014,20,-303,-7280,37030,38850,110.0
23862,999,-23,-330,-8120,40110,40040,110.0
23872,1002,-27,-272,-9100,46760,40600,108.0
23885,1013,-112,-379,-14910,51240,40740,112.0
23898,1048,-34,-248,-20230,56490,41090,112.0
23908,1503,-413,662,-28140,61250,41440,116.0
23921,1488,314,-738,-41160,66220,36890,116.0
23931,1539,821,-392,-60060,73430,36960,113.0
23944,1001,194,-25,-69370,75880,38640,120.0
23957,881,292,201,-83160,77420,38640,120.0
23967,774,-295,135,-98630,77490,38640,119.0
23980,754,93,118,-125510,78750,36120,119.0
23990,789,-101,99,-135870,78960,36750,124.0
24003,1228,60,68,-146370,79800,38780,126.0
24020,1115,67,388,-154630,75600,43680,126.0
24030,1237,134,88,-151550,67760,43540,132.0
24043,1172,174,396,-143920,63980,42700,137.0
24056,1166,7,153,-96670,52500,46620,137.0
24066,1148,-123,66,-60130,50260,45920,136.0
24079,1202,-215,105,-17570,46060,44520,136.0
24089,1189,-143,147,25970,44520,43050,143.0
24102,1157,-77,194,63910,42700,39550,147.0
24115,1142,80,121,113050,39060,37870,147.0
24125,1090,80,113,124320,37730,35910,156.0
24143,920,215,-16,129780,35560,32690,157.0
24157,773,46,60,126000,36120,29680,157.0
24167,816,168,150,118930,34860,25200,160.0
24180,805,137,27,110320,32970,18550,160.0
24190,799,79,23,91000,32270,14770,160.0
24203,848,125,125,79870,29680,11270,169.0
24216,836,145,104,65800,27650,7630,169.0
24226,834,109,221,50050,25550,4060,172.0
24239,838,104,265,15330,15680,-4270,172.0
24249,848,124,300,-2030,9590,-7910,172.0
24262,869,75,309,-17500,3570,-11340,170.0
24279,822,-43,262,-41230,-8050,-19390,172.0
24292,725,-78,242,-48580,-13160,-24290,172.0
24302,712,-119,237,-53690,-17780,-29540,169.0
24315,740,-101,227,-59430,-26320,-39970,169.0
24325,791,-60,203,-61390,-29470,-44100,168.0
24338,853,-108,152,-63280,-31920,-48370,163.0
24351,865,-143,112,-63840,-33810,-58170,163.0
24361,887,-161,71,-62300,-34650,-63280,163.0
24374,928,-181,0,-56840,-33180,-68390,163.0
24384,950,-142,-45,-52640,-31220,-72660,155.0
24397,973,-150,-71,-47460,-28280,-76440,155.0
24410,965,-138,-64,-41790,-21630,-83300,155.0
24420,967,-154,-59,-35700,-18620,-86450,149.0
24433,969,-134,-23,-22400,-16380,-89250,149.0
24443,1026,-127,16,-15470,-14350,-91770,148.0
24456,1054,-116,30,-8680,-13090,-94080,144.0
24469,1085,-91,20,2240,-11410,-97860,144.0
24479,1132,-42,5,5110,-10150,-98840,143.0
24492,1213,29,19,6510,-9100,-99190,143.0
24502,1216,3,102,7210,-8260,-99190,139.0
24515,1239,8,90,7490,-9100,-99820,137.0
24532,1206,-38,226,6440,-12320,-100450,137.0
24542,1193,41,275,5530,-16310,-101430,133.0
24555,1209,64,347,5040,-28280,-99960,135.0
24568,1221,89,444,5670,-35770,-97930,135.0
24578,1209,76,406,6650,-44520,-95970,135.0
24591,1190,91,379,7700,-52780,-94010,135.0
24601,1184,81,318,8890,-60410,-89880,138.0
24614,1161,77,228,12110,-72240,-87780,139.0
24627,1095,64,182,14840,-76580,-85610,139.0
24637,1051,32,135,18830,-80010,-83300,143.0
24650,1050,66,46,23310,-82950,-78330,143.0
24660,1055,70,-20,27790,-82110,-75110,148.0
24673,1040,65,-39,36750,-81130,-71960,149.0
24686,966,60,-41,40950,-79800,-68950,149.0
24696,923,55,-84,45500,-78540,-66150,152.0
24709,892,110,-127,54320,-73430,-59150,152.0
24719,861,125,-96,57540,-71120,-54880,157.0
24732,803,206,-22,60340,-69860,-49910,155.0
24745,767,219,17,63210,-69160,-38570,155.0
24755,759,227,-7,66990,-69160,-32270,162.0
24768,743,211,-69,81550,-67760,-25970,162.0
24780,787,209,-101,90650,-65730,-19670,161.0
24794,788,213,-120,99680,-59360,-7840,164.0
24807,784,212,-138,114030,-55440,-2730,164.0
24817,766,264,-99,118160,-51660,2030,166.0
24830,805,176,-162,119980,-48230,6440,166.0
24840,835,307,-127,118510,-43610,9310,160.0
24853,866,277,-117,109620,-35210,15680,162.0
24866,931,283,-55,103110,-33180,16870,162.0
24876,966,273,-103,96180,-30100,18620,161.0
24889,1029,278,10,88970,-26600,21070,161.0
24899,1122,248,-27,80920,-24290,21630,153.0
24912,1121,275,-7,62580,-19180,22400,152.0
24925,1120,279,24,49070,-16730,22750,152.0
24935,1107,340,45,34440,-15050,22680,153.0
24948,1081,255,45,19180,-12390,21490,153.0
24958,1082,284,42,4410,-10920,20510,150.0
24971,1036,190,17,-22610,-9170,18830,149.0
24984,1024,188,13,-33670,-7420,16940,149.0
24994,1037,171,22,-42980,-5600,15050,145.0
25007,1047,147,17,-59010,-1890,10920,145.0
25017,1043,137,5,-65940,210,8680,143.0
25030,986,138,48,-71750,1820,6720,139.0
25047,1003,156,31,-81130,5040,3990,133.0
25060,1147,140,41,-85190,6510,3360,133.0
25070,1201,207,54,-88900,7910,3150,132.0
25083,1198,266,53,-94360,10080,6860,132.0
25093,1287,319,-55,-13650,-1190,20510,126.0
25106,1488,493,303,186690,12390,48370,126.0
25116,612,414,142,139440,25340,40110,125.0
25129,742,724,-378,135240,10290,45220,123.0
25146,811,6,-468,149590,16590,46340,121.0
25160,1022,-301,-326,164150,15330,39830,121.0
25170,1193,-29,-236,164360,22330,38570,119.0
25183,943,61,-627,169260,26040,35140,119.0
25193,935,40,-535,171990,30520,30310,119.0
25206,1041,-315,-470,172550,34090,22610,116.0
25219,1078,-229,-405,170240,39340,18480,116.0
25229,1037,-96,-441,162820,40950,14840,112.0
25242,989,-15,-390,152390,41370,11900,112.0
25252,987,-31,-388,138320,40250,9240,114.0
25265,962,-45,-359,123340,36680,5180,116.0
25278,923,-50,-294,92190,33950,3710,116.0
25288,877,-34,-298,77070,30100,2590,112.0
25303,931,16,-273,59920,22120,840,112.0
25316,995,110,-260,20300,18340,560,112.0
25326,995,149,-265,-770,14980,1050,108.0
25339,1016,79,-290,-21420,11480,1890,108.0
25349,1046,43,-147,-35840,9450,2870,109.0
25362,970,170,-54,-35210,6440,2520,109.0
25372,892,296,-224,-40040,4550,4340,112.0
25385,939,260,-199,-46480,2590,6440,109.0
25398,965,266,-276,-58520,-910,12460,109.0
25408,1005,192,-113,-67270,-1470,15260,111.0
25421,708,302,-301,-70770,-4690,18550,111.0
25431,1110,349,103,-68950,-1330,21980,110.0
25444,924,163,-255,-63560,-1750,25340,110.0
25457,1072,163,-266,-51380,5670,31010,110.0
25467,1076,67,-27,-27790,9520,30730,111.0
25480,1000,80,-543,-2870,9310,31990,111.0
25490,964,-76,-348,-20160,10500,32830,107.0
25503,1046,-57,-185,-20160,11480,31220,110.0
25516,1087,-52,-310,-8890,16170,27300,110.0
25526,1041,-108,-277,-10570,18200,25410,109.0
25539,1025,-24,-361,-9310,19740,23170,109.0
25554,997,-35,-341,-7280,25410,19950,110.0
25568,975,-11,-423,-5670,27440,18550,110.0
25581,990,87,-375,-3920,33250,17990,109.0
25595,1014,90,-315,-4130,35490,18620,109.0
25605,1004,62,-321,-5950,38150,19320,108.0
25618,971,58,-255,-8120,40250,20230,108.0
25628,998,111,-263,-9450,41720,21140,106.0
25641,999,109,-259,-10990,45570,23450,108.0
25654,988,92,-266,-9940,46970,24360,108.0
25664,989,77,-275,-8540,48650,25340,107.0
25677,989,0,-241,-6230,50470,25970,107.0
25687,989,16,-256,-2450,51800,25690,110.0
25700,974,-27,-202,1120,55300,25410,106.0
25713,999,12,-164,-140,57050,25060,106.0
25723,991,-4,-175,-3850,59220,25130,106.0
25736,995,-43,-159,-14070,64050,25060,106.0
25746,1037,-19,-162,-21140,66920,24990,110.0
25759,1165,-179,-65,-31360,69790,25270,108.0
25772,1292,53,-34,-32270,70420,23030,108.0
25782,1643,368,-662,-20650,68600,19740,108.0
25795,1811,355,-113,-41720,86870,24640,108.0
25808,908,313,16,-47880,89250,26740,111.0
25821,916,140,112,-55020,87430,26810,115.0
25834,951,231,292,-64680,85400,28070,115.0
25844,830,231,-77,-69790,81060,29190,126.0
25857,1287,327,113,-74270,82600,30240,125.0
25870,1357,276,378,-77210,72380,32760,125.0
25880,1314,315,127,-76370,68670,35140,128.0
25893,1271,262,355,-67550,64120,37730,128.0
25903,1276,234,183,-58660,56630,39760,136.0
25916,1178,379,213,-46200,52150,42420,141.0
25929,1158,30,156,-8820,43680,45640,141.0
25939,1066,152,101,16800,42000,45780,148.0
25952,894,34,42,42700,42070,44380,148.0
25962,831,114,-2,61670,41440,42140,153.0
25975,799,341,45,71120,41160,39550,159.0
25988,777,335,-3,64680,40390,34440,159.0
25998,811,154,102,54180,40460,31430,162.0
26011,805,190,121,44240,38150,28560,162.0
26021,798,115,115,32200,35770,24500,170.0
26034,793,122,168,9310,29260,16380,170.0
26047,789,110,246,-1610,24500,12740,170.0
26060,761,90,264,-12110,19460,9380,173.0
26073,725,62,300,-31570,7770,1750,175.0
26086,640,-24,316,-38780,1120,-2590,175.0
26096,633,-54,325,-44030,-5530,-7210,174.0
26109,660,-77,283,-47600,-11970,-16660,174.0
26119,702,-52,242,-49700,-17430,-21000,171.0
26132,730,-78,152,-50750,-25130,-25270,171.0
26149,772,-103,111,-45850,-28630,-33530,171.0
26159,807,-113,79,-42140,-28840,-37450,166.0
26172,865,-84,2,-37730,-28140,-40810,163.0
26185,896,-152,-38,-32550,-26600,-43960,163.0
26195,927,-156,-52,-26670,-24080,-47740,160.0
26208,961,-165,-69,-15120,-18060,-55930,160.0
26218,998,-159,-11,-10710,-14910,-59920,155.0
26231,1022,-91,-8,-7490,-12880,-63280,152.0
26244,1017,-64,14,-5950,-9660,-68880,152.0
26254,1027,-48,17,-6160,-8470,-71120,151.0
26267,1049,-144,107,-9170,-7490,-73850,151.0
26277,1085,-3,119,-11690,-8120,-77350,150.0
26290,1211,-13,179,-14280,-8890,-79520,144.0
26303,1252,29,199,-17080,-13580,-80850,144.0
26316,1251,34,282,-18340,-17640,-80990,144.0
26329,1243,74,349,-20090,-22260,-80920,138.0
26342,1241,80,370,-28070,-34230,-80150,138.0
26352,1241,107,370,-34020,-40600,-79590,138.0
26365,1249,133,381,-39970,-47040,-78750,138.0
26375,1239,101,370,-45010,-53410,-77630,140.0
26388,1232,48,337,-48090,-59360,-76580,140.0
26401,1221,144,253,-47040,-69230,-75460,140.0
26411,1210,0,224,-44030,-72590,-73710,140.0
26424,1182,19,173,-40950,-75320,-73430,140.0
26434,1164,15,127,-38780,-77070,-73640,143.0
26447,1134,73,93,-34300,-77490,-72380,148.0
26460,1096,65,-61,-32130,-75180,-71050,148.0
26470,1076,55,-98,-30030,-71540,-69930,148.0
26483,1028,31,-32,-26950,-67270,-68740,148.0
26493,982,84,-130,-21630,-64120,-67130,154.0
26506,942,101,-118,-9590,-53970,-61390,156.0
26519,849,150,-84,-3360,-49700,-57610,156.0
26529,763,148,-27,2590,-46340,-53480,158.0
26542,693,187,27,8330,-44380,-44380,158.0
26552,668,202,75,14070,-45290,-38920,163.0
26565,645,289,141,27300,-46900,-32760,165.0
26582,501,278,225,41370,-53620,-18830,165.0
26592,472,243,191,50400,-57190,-12320,159.0
26605,476,197,149,60620,-59640,-6090,163.0
26618,491,132,132,73500,-62090,4690,163.0
26628,549,83,60,89390,-64120,8960,162.0
26641,655,49,-22,126000,-63560,12390,162.0
26651,761,33,-44,143780,-61600,15260,157.0
26664,971,66,-45,158550,-59010,17500,156.0
26677,1048,154,-14,169120,-53830,21420,156.0
26687,1098,122,-36,175000,-50820,21560,148.0
26700,1190,242,5,170870,-47250,20720,148.0
26710,1133,94,79,162400,-44730,19880,146.0
26723,1133,182,-1,151900,-44030,17430,147.0
26736,1125,180,0,126490,-39200,12810,147.0
26746,1155,215,17,113330,-36750,10780,141.0
26759,1062,188,23,99540,-34370,8050,141.0
26769,1037,184,39,84700,-32410,5320,138.0
26782,1026,167,61,68320,-28980,-2030,137.0
26795,1018,165,41,31780,-27020,-6090,137.0
26805,1024,180,27,13090,-25200,-10010,135.0
26818,1140,158,33,-5040,-22890,-13440,135.0
26832,1200,178,33,-38290,-17920,-19600,128.0
26846,1353,216,24,-53060,-15400,-21630,125.0
26859,1430,200,-21,-66360,-9170,-24150,125.0
26869,1665,300,-299,-76580,-10500,-7000,125.0
26882,1951,-270,679,134820,15050,20090,122.0
26895,931,205,-519,142100,14350,16800,122.0
26905,625,554,-115,144060,22120,26740,121.0
26918,842,106,218,124950,29540,34580,121.0
26928,1005,-453,-440,147420,28700,31780,120.0
26941,994,517,-435,147700,31360,28770,119.0
26954,1197,-58,-315,136570,31710,28840,119.0
26964,1164,-255,-233,129430,32550,26320,115.0
26977,1012,-21,-520,111510,33460,23100,115.0
26987,871,19,-682,97790,30730,19320,114.0
27000,782,-99,-979,45570,21770,13370,112.0
27013,735,-381,-367,2380,22890,12810,112.0
27023,1267,-396,273,-12390,23240,7070,112.0
27036,835,53,-569,-7000,20160,1960,112.0
27046,956,152,-447,3710,20020,-1120,115.0
27059,1042,-72,-15,7140,22120,-1960,106.0
27072,1023,-7,13,2590,16660,-2310,106.0
27085,940,289,-205,-1330,14280,-630,111.0
27098,969,177,-118,-2590,12670,3570,112.0
27111,955,169,55,2940,9730,5390,112.0
27121,1108,199,-331,6370,9170,6370,109.0
27134,1136,236,-541,11410,6230,7700,109.0
27154,783,123,-212,-4970,8050,13230,111.0
27168,1155,338,-251,-4830,8960,18970,111.0
27181,953,227,-333,-6020,9240,23660,113.0
27194,982,36,-280,-7350,9380,26740,113.0
27204,1028,114,-223,-7350,9100,26950,112.0
27217,1000,-19,-223,-14630,10920,26530,109.0
27230,996,-95,-166,-16380,11550,24990,109.0
27240,961,-155,-249,-16660,11410,22540,111.0
27253,949,-153,-254,-16100,11410,16590,111.0
27263,951,-181,-203,-15610,11060,13160,108.0
27276,979,-99,-197,-13300,11200,10150,109.0
27289,984,-60,-169,-13930,11340,7770,109.0
27299,970,-58,-215,-15470,11200,6020,110.0
27312,964,-32,-203,-19810,11130,4200,110.0
27322,970,18,-201,-20930,10780,4060,108.0
27337,983,72,-305,-16940,10570,4130,109.0
27350,982,96,-352,6300,10360,3570,109.0
27360,989,167,-294,9520,10640,4620,111.0
27373,1000,137,-150,7980,11060,5880,107.0
27386,1000,126,-217,2590,11060,8960,107.0
27396,1012,118,-172,-3290,11900,10640,108.0
27409,1020,193,-240,-12530,13510,12950,108.0
27419,1024,204,-253,-15120,14630,15540,110.0
27432,1024,261,-244,-17010,15960,18410,112.0
27445,1013,183,-228,-21980,18760,24990,112.0
27455,1003,208,-285,-26460,20510,27860,107.0
27468,1008,149,-318,-31220,22400,30380,107.0
27478,990,95,-390,-30450,24430,32200,105.0
27491,996,73,-387,-27930,27090,33320,109.0
27504,1005,87,-386,-20090,32690,34440,109.0
27514,987,46,-428,-16520,36120,34580,110.0
27527,968,-15,-429,-14210,39760,34300,110.0
27537,982,5,-394,-13440,43540,33950,109.0
27550,981,16,-414,-14210,47600,34440,112.0
27563,968,44,-300,-21560,56210,34650,112.0
27573,964,-129,-223,-25200,59780,34230,110.0
27590,963,9,-112,-37380,63490,35350,113.0
27603,1111,288,43,-44170,64260,37380,113.0
27613,936,-31,-9,-54950,64260,38850,108.0
27626,1256,200,97,-55930,63210,40950,108.0
27636,1475,294,193,-63770,60970,42210,111.0
27649,1402,215,83,-79590,55300,42560,112.0
27662,1313,319,141,-84280,53270,44310,112.0
27672,1213,124,88,-89040,51240,44940,114.0
27685,1343,280,21,-91700,49070,42910,114.0
27695,1298,167,156,-94150,46970,41440,121.0
27708,1290,147,16,-92120,46760,39270,125.0
27721,1200,114,45,-89180,46410,36890,125.0
27731,1121,80,30,-84910,46060,34090,128.0
27744,1025,115,55,-73850,45220,28420,128.0
27754,991,110,40,-68180,44870,25900,137.0
27767,944,112,50,-61320,44240,23870,140.0
27780,965,96,34,-53760,43750,19390,140.0
27790,985,84,47,-45430,43680,17360,146.0
27803,994,125,77,-28000,42910,15680,146.0
27813,994,112,97,-19950,42140,13930,153.0
27826,944,156,98,-13370,40950,12320,156.0
27843,872,167,67,-5670,39200,9730,156.0
27853,846,192,76,-4830,38640,8400,158.0
27866,827,190,79,-5390,37870,7350,157.0
27879,824,184,106,-8400,35490,5250,157.0
27889,812,174,129,-9940,33460,4060,164.0
27902,812,130,167,-10430,31150,2800,164.0
27912,826,104,142,-9590,28420,1400,164.0
27925,844,69,143,-7280,23660,-2030,165.0
27938,855,22,182,1260,20650,-4340,165.0
27948,847,13,185,6650,17500,-6860,166.0
27961,812,23,206,11970,14070,-9450,166.0
27971,812,25,241,16800,10290,-14280,168.0
27986,810,40,223,25130,1330,-16450,163.0
27999,820,29,228,28700,-2800,-18410,163.0
28009,820,20,217,32550,-6930,-20440,164.0
28022,806,2,206,41650,-14490,-24570,160.0
28035,815,-37,204,47110,-18200,-26950,160.0
28045,826,-49,192,52780,-21770,-29540,160.0
28058,833,-45,167,58730,-25060,-32060,160.0
28068,837,-49,151,64890,-27860,-34300,159.0
28081,847,-57,96,77140,-32340,-38640,159.0
28094,864,-61,73,82600,-33670,-40810,156.0
28107,878,-62,80,87010,-35560,-45850,153.0
28120,892,-36,72,92120,-36540,-48370,147.0
28134,891,-36,74,92960,-37450,-50750,147.0
28148,880,-18,0,91070,-39130,-56140,147.0
28162,876,67,53,87850,-38780,-58660,142.0
28175,915,37,61,83230,-39900,-61880,142.0
28185,986,83,68,78260,-40390,-63000,136.0
28198,1044,85,70,67690,-40880,-63980,136.0
28208,1087,91,66,62300,-40950,-64960,134.0
28221,1101,116,68,57190,-41090,-65730,128.0
28234,1114,119,67,46760,-41020,-66570,128.0
28244,1128,111,75,41370,-40950,-67060,124.0
28257,1218,141,68,35910,-40530,-67550,124.0
28267,1243,143,66,30730,-39900,-67620,124.0
28280,1250,148,54,25620,-39270,-67060,123.0
28293,1253,145,64,16520,-37240,-66780,123.0
28303,1261,131,80,13230,-36330,-66430,121.0
28316,1280,124,71,10640,-35630,-66150,121.0
28326,1280,140,74,8330,-34790,-65660,121.0
28339,1276,138,80,4690,-33250,-64050,126.0
28356,1279,140,123,3430,-33110,-62160,126.0
28366,1297,161,122,2310,-33180,-60480,123.0
28379,1284,167,149,1260,-34160,-58800,129.0
28392,1212,165,146,2310,-34930,-57820,129.0
28402,1152,140,156,4060,-35560,-56280,131.0
28415,1103,182,129,7210,-36750,-50610,131.0
28425,1081,113,96,12390,-36750,-47740,136.0
28438,1049,91,60,27160,-37030,-45500,136.0
28451,1028,131,72,35140,-36330,-42910,136.0
28461,1035,151,76,43190,-35700,-39760,143.0
28474,1037,159,68,57330,-34370,-32690,143.0
28484,1014,185,74,61950,-33740,-29050,144.0
28497,923,240,100,65310,-33460,-25130,149.0
28510,874,261,137,68040,-33600,-16030,149.0
28520,847,285,57,70210,-34300,-11270,151.0
28533,809,275,35,70910,-30730,-7000,151.0
28543,773,317,7,68530,-28770,-2940,150.0
28556,724,285,8,66010,-26600,490,154.0
28569,789,263,10,63560,-21770,5670,154.0
28579,851,246,16,62300,-19110,7630,155.0
28592,880,234,-35,62930,-15610,9030,155.0
28603,865,236,-24,63840,-11830,10290,152.0
28616,807,229,-28,64820,-4480,11830,154.0
28630,758,178,37,66080,-1330,11970,154.0
28640,714,182,54,66500,770,11060,151.0
28653,774,177,56,66850,2450,9940,149.0
28666,853,179,78,64960,5390,7210,149.0
28676,960,224,72,61670,7070,6230,142.0
28689,1016,162,125,57470,8400,4900,142.0
28699,962,151,138,54040,8890,3080,142.0
28712,897,110,151,52010,8890,-770,139.0
28725,820,54,188,51520,7000,-3570,139.0
28735,726,13,165,53410,5460,-6580,137.0
28748,590,-89,170,56770,4060,-10010,137.0
28758,527,-127,181,61110,2590,-13860,128.0
28771,488,-120,149,65730,-22960,-14070,125.0
28784,408,-106,196,283990,43330,44590,125.0
28794,573,-56,-476,260680,-5600,27230,118.0
28807,385,1461,-145,251160,21840,35490,118.0
28817,-217,1022,572,261660,33320,39270,119.0
28830,255,-508,-858,253400,-6930,17990,118.0
28843,1701,-447,401,250110,490,16940,118.0
28856,834,336,26,225750,7350,17850,116.0
28869,420,500,-627,169540,-15890,16450,113.0
28882,1460,-297,-414,143570,-19670,15330,113.0
28892,962,217,-901,76510,-28140,12670,110.0
28905,808,-16,-374,-23520,-40670,15120,110.0
28915,880,-25,-172,-58170,-43540,7490,113.0
28928,1013,-60,-364,-24080,-33880,3430,113.0
28938,1007,-188,-480,-10080,-28350,-980,113.0
28951,989,34,-601,5670,-22330,-3710,113.0
28964,935,66,-620,14840,-11900,-5810,113.0
28974,902,138,-723,7700,-8540,-4690,114.0
28987,886,211,-616,2870,-5180,-3290,114.0
28997,929,26,-620,3780,-1470,-2380,113.0
29010,911,270,-553,8680,3010,-630,115.0
29023,908,202,-620,3220,10710,1260,115.0
29033,900,156,-445,1610,13580,2870,112.0
29046,937,270,-433,700,15400,5110,112.0
29056,929,264,-405,-280,16940,7910,114.0
29069,907,255,-416,-4550,18410,13650,114.0
29082,935,196,-377,-6650,18410,16520,114.0
29092,945,221,-298,-6790,18830,18970,115.0
29105,933,224,-293,-7770,18690,21280,115.0
29118,937,205,-278,-10990,17010,25480,112.0
29131,994,100,-204,-11060,16100,26810,111.0
29144,986,163,-214,-11130,15120,28840,111.0
29157,950,176,-259,-12110,12390,29960,111.0
29171,978,37,-248,-11620,11340,30450,115.0
29184,986,44,-243,-8820,9870,29890,110.0
29197,1022,70,-263,-8820,9800,29750,110.0
29207,1025,73,-240,-8610,9870,29610,114.0
29220,1002,58,-278,-7910,9800,29470,114.0
29230,961,38,-270,-7280,9870,29330,109.0
29243,941,12,-279,-6160,8680,28980,109.0
29253,936,24,-274,-5250,7980,28910,112.0
29266,966,64,-263,-3010,7210,28840,114.0
29279,974,82,-285,0,5880,29400,114.0
29289,971,67,-327,3710,5810,29540,111.0
29302,966,29,-370,12600,5880,29610,111.0
29312,960,55,-404,17010,6510,29680,111.0
29325,948,12,-434,20510,7630,29890,113.0
29338,937,-18,-430,27230,10500,29610,113.0
29348,941,-20,-427,29470,12110,29260,117.0
29361,957,-22,-393,30590,13860,28910,117.0
29373,962,-2,-360,29960,15750,28840,114.0
29387,962,-18,-360,24500,19670,29400,117.0
29400,948,-54,-351,21070,21420,29540,117.0
29410,939,-75,-373,17570,23380,29680,116.0
29423,939,-84,-378,13860,25480,29470,115.0
29436,950,-58,-350,6300,30310,29330,115.0
29446,961,-58,-348,2030,32760,29470,116.0
29459,958,-69,-375,-2660,35420,29750,116.0
29469,956,-81,-367,-7700,38360,30030,117.0
29482,966,-66,-340,-17290,43960,30800,117.0
29495,974,-30,-345,-22260,46900,31640,117.0
29505,956,-66,-318,-27230,49770,32550,117.0
29518,969,-33,-282,-31150,51940,33670,117.0
29528,994,1,-221,-34580,53550,34930,118.0
29541,1019,126,-128,-38360,55020,40110,117.0
29554,1026,36,-114,-38430,55300,41370,117.0
29564,987,161,-3,-38360,54740,43680,117.0
29577,847,61,-48,-39200,50540,49700,117.0
29587,1015,47,-41,-36470,47180,52500,116.0
29600,1578,261,234,-38640,46690,55160,119.0
29613,1231,324,161,-40390,43120,55020,119.0
29626,1259,381,69,-36470,40950,56630,121.0
29639,1269,240,155,-32690,38150,56700,127.0
29652,1256,252,78,-27860,37450,55860,127.0
29662,1230,196,154,-20860,37730,54950,128.0
29675,1227,100,104,420,36960,50820,128.0
29685,1234,127,96,11690,37520,48090,133.0
29698,1209,86,100,23590,37660,45290,134.0
29711,1190,69,66,35350,38080,39130,134.0
29721,1152,57,33,47040,39060,36050,142.0
29734,1100,68,2,68250,42140,32900,142.0
29744,1041,102,-19,76300,44170,29960,145.0
29757,902,61,-52,81410,46480,26810,149.0
29770,854,145,-23,82180,50610,20090,149.0
29780,847,120,-7,77770,51800,16660,155.0
29793,945,138,11,70560,52710,12950,155.0
29803,1003,115,129,61600,53200,9240,154.0
29816,1078,104,177,51660,51380,5110,153.0
29829,1111,104,224,30310,44240,-3500,153.0
29839,1103,63,252,20860,40040,-7770,159.0
29852,904,8,220,13930,35350,-11620,159.0
29862,753,-68,145,9940,31150,-16030,158.0
29875,634,-89,131,7980,24850,-26950,160.0
29892,559,-57,112,7910,21560,-31780,160.0
29902,613,-55,80,8820,18830,-36120,159.0
29915,693,-62,50,11760,15890,-44240,155.0
29928,800,-104,23,14280,15330,-48440,155.0
29938,834,-90,5,17570,14840,-52640,155.0
29951,870,-106,-9,20860,14770,-61110,155.0
29961,906,-107,-23,23170,15050,-65940,155.0
29974,925,-117,-19,20300,16590,-71190,151.0
29987,935,-67,-14,14630,17290,-76370,151.0
29997,921,-34,32,7770,17640,-81060,147.0
30010,927,-26,17,1330,16940,-88270,147.0
30020,969,-3,32,-9240,16590,-90860,142.0
30033,1021,-27,73,-13440,15680,-93310,142.0
30046,1059,-38,71,-16870,14490,-95760,142.0
30056,1107,-44,87,-19320,13440,-98070,138.0
30069,1161,-45,94,-22330,10780,-102130,138.0
30079,1197,-39,171,-23100,8680,-103740,135.0
30092,1268,-13,186,-23310,5740,-104860,135.0
